time_s,capture_x_m,release_x_m,encoder_x_m,registration_m,speed_mps,nozzle,nozzle_height_m,zone_min_m,zone_max_m,density,flow_lpm,pwm_percent
3.349999999999996,0.05,3.399999999999996,3.3510321638291125,3.3510321638291125,1.0,1,0.5,0.3,0.7,0.0,0.0,0.0
3.349999999999996,0.05,3.399999999999996,3.3510321638291125,3.3510321638291125,1.0,2,0.9,0.7,1.1,0.0,0.0,0.0
3.349999999999996,0.05,3.399999999999996,3.3510321638291125,3.3510321638291125,1.0,3,1.3,1.1,1.5,0.0,0.0,0.0
3.349999999999996,0.05,3.399999999999996,3.3510321638291125,3.3510321638291125,1.0,4,1.7000000000000002,1.5000000000000002,1.9000000000000001,0.0,0.0,0.0
3.349999999999996,0.05,3.399999999999996,3.3510321638291125,3.3510321638291125,1.0,5,2.1,1.9000000000000001,2.3000000000000003,0.0,0.0,0.0
3.349999999999996,0.05,3.399999999999996,3.3510321638291125,3.3510321638291125,1.0,6,2.5,2.3,2.7,0.0,0.0,0.0
3.349999999999996,0.1,3.399999999999996,3.3510321638291125,3.3510321638291125,1.0,1,0.5,0.3,0.7,0.0,0.0,0.0
3.349999999999996,0.1,3.399999999999996,3.3510321638291125,3.3510321638291125,1.0,2,0.9,0.7,1.1,0.0,0.0,0.0
3.349999999999996,0.1,3.399999999999996,3.3510321638291125,3.3510321638291125,1.0,3,1.3,1.1,1.5,0.0,0.0,0.0
3.349999999999996,0.1,3.399999999999996,3.3510321638291125,3.3510321638291125,1.0,4,1.7000000000000002,1.5000000000000002,1.9000000000000001,0.0,0.0,0.0
3.349999999999996,0.1,3.399999999999996,3.3510321638291125,3.3510321638291125,1.0,5,2.1,1.9000000000000001,2.3000000000000003,0.0,0.0,0.0
3.349999999999996,0.1,3.399999999999996,3.3510321638291125,3.3510321638291125,1.0,6,2.5,2.3,2.7,0.0,0.0,0.0
3.349999999999996,0.15000000000000002,3.399999999999996,3.3510321638291125,3.3510321638291125,1.0,1,0.5,0.3,0.7,0.0,0.0,0.0
3.349999999999996,0.15000000000000002,3.399999999999996,3.3510321638291125,3.3510321638291125,1.0,2,0.9,0.7,1.1,0.0,0.0,0.0
3.349999999999996,0.15000000000000002,3.399999999999996,3.3510321638291125,3.3510321638291125,1.0,3,1.3,1.1,1.5,0.0,0.0,0.0
3.349999999999996,0.15000000000000002,3.399999999999996,3.3510321638291125,3.3510321638291125,1.0,4,1.7000000000000002,1.5000000000000002,1.9000000000000001,0.0,0.0,0.0
3.349999999999996,0.15000000000000002,3.399999999999996,3.3510321638291125,3.3510321638291125,1.0,5,2.1,1.9000000000000001,2.3000000000000003,0.0,0.0,0.0
3.349999999999996,0.15000000000000002,3.399999999999996,3.3510321638291125,3.3510321638291125,1.0,6,2.5,2.3,2.7,0.0,0.0,0.0
3.349999999999996,0.2,3.399999999999996,3.3510321638291125,3.3510321638291125,1.0,1,0.5,0.3,0.7,0.0,0.0,0.0
3.349999999999996,0.2,3.399999999999996,3.3510321638291125,3.3510321638291125,1.0,2,0.9,0.7,1.1,0.0,0.0,0.0
3.349999999999996,0.2,3.399999999999996,3.3510321638291125,3.3510321638291125,1.0,3,1.3,1.1,1.5,0.0,0.0,0.0
3.349999999999996,0.2,3.399999999999996,3.3510321638291125,3.3510321638291125,1.0,4,1.7000000000000002,1.5000000000000002,1.9000000000000001,0.0,0.0,0.0
3.349999999999996,0.2,3.399999999999996,3.3510321638291125,3.3510321638291125,1.0,5,2.1,1.9000000000000001,2.3000000000000003,0.0,0.0,0.0
3.349999999999996,0.2,3.399999999999996,3.3510321638291125,3.3510321638291125,1.0,6,2.5,2.3,2.7,0.0,0.0,0.0
3.349999999999996,0.25,3.399999999999996,3.3510321638291125,3.3510321638291125,1.0,1,0.5,0.3,0.7,0.0,0.0,0.0
3.349999999999996,0.25,3.399999999999996,3.3510321638291125,3.3510321638291125,1.0,2,0.9,0.7,1.1,0.0,0.0,0.0
3.349999999999996,0.25,3.399999999999996,3.3510321638291125,3.3510321638291125,1.0,3,1.3,1.1,1.5,0.0,0.0,0.0
3.349999999999996,0.25,3.399999999999996,3.3510321638291125,3.3510321638291125,1.0,4,1.7000000000000002,1.5000000000000002,1.9000000000000001,0.0,0.0,0.0
3.349999999999996,0.25,3.399999999999996,3.3510321638291125,3.3510321638291125,1.0,5,2.1,1.9000000000000001,2.3000000000000003,0.0,0.0,0.0
3.349999999999996,0.25,3.399999999999996,3.3510321638291125,3.3510321638291125,1.0,6,2.5,2.3,2.7,0.0,0.0,0.0
3.349999999999996,0.3,3.399999999999996,3.3510321638291125,3.3510321638291125,1.0,1,0.5,0.3,0.7,0.0,0.0,0.0
3.349999999999996,0.3,3.399999999999996,3.3510321638291125,3.3510321638291125,1.0,2,0.9,0.7,1.1,0.0,0.0,0.0
3.349999999999996,0.3,3.399999999999996,3.3510321638291125,3.3510321638291125,1.0,3,1.3,1.1,1.5,0.0,0.0,0.0
3.349999999999996,0.3,3.399999999999996,3.3510321638291125,3.3510321638291125,1.0,4,1.7000000000000002,1.5000000000000002,1.9000000000000001,0.0,0.0,0.0
3.349999999999996,0.3,3.399999999999996,3.3510321638291125,3.3510321638291125,1.0,5,2.1,1.9000000000000001,2.3000000000000003,0.0,0.0,0.0
3.349999999999996,0.3,3.399999999999996,3.3510321638291125,3.3510321638291125,1.0,6,2.5,2.3,2.7,0.0,0.0,0.0
3.349999999999996,0.35,3.399999999999996,3.3510321638291125,3.3510321638291125,1.0,1,0.5,0.3,0.7,0.0,0.0,0.0
3.349999999999996,0.35,3.399999999999996,3.3510321638291125,3.3510321638291125,1.0,2,0.9,0.7,1.1,0.0,0.0,0.0
3.349999999999996,0.35,3.399999999999996,3.3510321638291125,3.3510321638291125,1.0,3,1.3,1.1,1.5,0.0,0.0,0.0
3.349999999999996,0.35,3.399999999999996,3.3510321638291125,3.3510321638291125,1.0,4,1.7000000000000002,1.5000000000000002,1.9000000000000001,0.0,0.0,0.0
3.349999999999996,0.35,3.399999999999996,3.3510321638291125,3.3510321638291125,1.0,5,2.1,1.9000000000000001,2.3000000000000003,0.0,0.0,0.0
3.349999999999996,0.35,3.399999999999996,3.3510321638291125,3.3510321638291125,1.0,6,2.5,2.3,2.7,0.0,0.0,0.0
3.349999999999996,0.39999999999999997,3.399999999999996,3.3510321638291125,3.3510321638291125,1.0,1,0.5,0.3,0.7,0.0,0.0,0.0
3.349999999999996,0.39999999999999997,3.399999999999996,3.3510321638291125,3.3510321638291125,1.0,2,0.9,0.7,1.1,0.0,0.0,0.0
3.349999999999996,0.39999999999999997,3.399999999999996,3.3510321638291125,3.3510321638291125,1.0,3,1.3,1.1,1.5,0.0,0.0,0.0
3.349999999999996,0.39999999999999997,3.399999999999996,3.3510321638291125,3.3510321638291125,1.0,4,1.7000000000000002,1.5000000000000002,1.9000000000000001,0.0,0.0,0.0
3.349999999999996,0.39999999999999997,3.399999999999996,3.3510321638291125,3.3510321638291125,1.0,5,2.1,1.9000000000000001,2.3000000000000003,0.0,0.0,0.0
3.349999999999996,0.39999999999999997,3.399999999999996,3.3510321638291125,3.3510321638291125,1.0,6,2.5,2.3,2.7,0.0,0.0,0.0
3.7499999999999947,0.44999999999999996,3.7999999999999945,3.7699111843077517,3.3510321638291125,1.0,1,0.5,0.3,0.7,0.0,0.0,0.0
3.7499999999999947,0.44999999999999996,3.7999999999999945,3.7699111843077517,3.3510321638291125,1.0,2,0.9,0.7,1.1,0.0,0.0,0.0
3.7499999999999947,0.44999999999999996,3.7999999999999945,3.7699111843077517,3.3510321638291125,1.0,3,1.3,1.1,1.5,0.0,0.0,0.0
3.7499999999999947,0.44999999999999996,3.7999999999999945,3.7699111843077517,3.3510321638291125,1.0,4,1.7000000000000002,1.5000000000000002,1.9000000000000001,0.0,0.0,0.0
3.7499999999999947,0.44999999999999996,3.7999999999999945,3.7699111843077517,3.3510321638291125,1.0,5,2.1,1.9000000000000001,2.3000000000000003,0.0,0.0,0.0
3.7499999999999947,0.44999999999999996,3.7999999999999945,3.7699111843077517,3.3510321638291125,1.0,6,2.5,2.3,2.7,0.0,0.0,0.0
3.7499999999999947,0.49999999999999994,3.7999999999999945,3.7699111843077517,3.3510321638291125,1.0,1,0.5,0.3,0.7,0.0,0.0,0.0
3.7499999999999947,0.49999999999999994,3.7999999999999945,3.7699111843077517,3.3510321638291125,1.0,2,0.9,0.7,1.1,0.0,0.0,0.0
3.7499999999999947,0.49999999999999994,3.7999999999999945,3.7699111843077517,3.3510321638291125,1.0,3,1.3,1.1,1.5,0.0,0.0,0.0
3.7499999999999947,0.49999999999999994,3.7999999999999945,3.7699111843077517,3.3510321638291125,1.0,4,1.7000000000000002,1.5000000000000002,1.9000000000000001,0.0,0.0,0.0
3.7499999999999947,0.49999999999999994,3.7999999999999945,3.7699111843077517,3.3510321638291125,1.0,5,2.1,1.9000000000000001,2.3000000000000003,0.0,0.0,0.0
3.7499999999999947,0.49999999999999994,3.7999999999999945,3.7699111843077517,3.3510321638291125,1.0,6,2.5,2.3,2.7,0.0,0.0,0.0
3.7499999999999947,0.5499999999999999,3.7999999999999945,3.7699111843077517,3.3510321638291125,1.0,1,0.5,0.3,0.7,0.0,0.0,0.0
3.7499999999999947,0.5499999999999999,3.7999999999999945,3.7699111843077517,3.3510321638291125,1.0,2,0.9,0.7,1.1,0.0,0.0,0.0
3.7499999999999947,0.5499999999999999,3.7999999999999945,3.7699111843077517,3.3510321638291125,1.0,3,1.3,1.1,1.5,0.0,0.0,0.0
3.7499999999999947,0.5499999999999999,3.7999999999999945,3.7699111843077517,3.3510321638291125,1.0,4,1.7000000000000002,1.5000000000000002,1.9000000000000001,0.0,0.0,0.0
3.7499999999999947,0.5499999999999999,3.7999999999999945,3.7699111843077517,3.3510321638291125,1.0,5,2.1,1.9000000000000001,2.3000000000000003,0.0,0.0,0.0
3.7499999999999947,0.5499999999999999,3.7999999999999945,3.7699111843077517,3.3510321638291125,1.0,6,2.5,2.3,2.7,0.0,0.0,0.0
3.7499999999999947,0.6,3.7999999999999945,3.7699111843077517,3.3510321638291125,1.0,1,0.5,0.3,0.7,0.0,0.0,0.0
3.7499999999999947,0.6,3.7999999999999945,3.7699111843077517,3.3510321638291125,1.0,2,0.9,0.7,1.1,0.0,0.0,0.0
3.7499999999999947,0.6,3.7999999999999945,3.7699111843077517,3.3510321638291125,1.0,3,1.3,1.1,1.5,0.0,0.0,0.0
3.7499999999999947,0.6,3.7999999999999945,3.7699111843077517,3.3510321638291125,1.0,4,1.7000000000000002,1.5000000000000002,1.9000000000000001,0.0,0.0,0.0
3.7499999999999947,0.6,3.7999999999999945,3.7699111843077517,3.3510321638291125,1.0,5,2.1,1.9000000000000001,2.3000000000000003,0.0,0.0,0.0
3.7499999999999947,0.6,3.7999999999999945,3.7699111843077517,3.3510321638291125,1.0,6,2.5,2.3,2.7,0.0,0.0,0.0
3.7499999999999947,0.65,3.7999999999999945,3.7699111843077517,3.3510321638291125,1.0,1,0.5,0.3,0.7,0.0,0.0,0.0
3.7499999999999947,0.65,3.7999999999999945,3.7699111843077517,3.3510321638291125,1.0,2,0.9,0.7,1.1,0.0,0.0,0.0
3.7499999999999947,0.65,3.7999999999999945,3.7699111843077517,3.3510321638291125,1.0,3,1.3,1.1,1.5,0.0,0.0,0.0
3.7499999999999947,0.65,3.7999999999999945,3.7699111843077517,3.3510321638291125,1.0,4,1.7000000000000002,1.5000000000000002,1.9000000000000001,0.0,0.0,0.0
3.7499999999999947,0.65,3.7999999999999945,3.7699111843077517,3.3510321638291125,1.0,5,2.1,1.9000000000000001,2.3000000000000003,0.0,0.0,0.0
3.7499999999999947,0.65,3.7999999999999945,3.7699111843077517,3.3510321638291125,1.0,6,2.5,2.3,2.7,0.0,0.0,0.0
3.7499999999999947,0.7000000000000001,3.7999999999999945,3.7699111843077517,3.3510321638291125,1.0,1,0.5,0.3,0.7,0.0,0.0,0.0
3.7499999999999947,0.7000000000000001,3.7999999999999945,3.7699111843077517,3.3510321638291125,1.0,2,0.9,0.7,1.1,0.0,0.0,0.0
3.7499999999999947,0.7000000000000001,3.7999999999999945,3.7699111843077517,3.3510321638291125,1.0,3,1.3,1.1,1.5,0.0,0.0,0.0
3.7499999999999947,0.7000000000000001,3.7999999999999945,3.7699111843077517,3.3510321638291125,1.0,4,1.7000000000000002,1.5000000000000002,1.9000000000000001,0.0,0.0,0.0
3.7499999999999947,0.7000000000000001,3.7999999999999945,3.7699111843077517,3.3510321638291125,1.0,5,2.1,1.9000000000000001,2.3000000000000003,0.0,0.0,0.0
3.7499999999999947,0.7000000000000001,3.7999999999999945,3.7699111843077517,3.3510321638291125,1.0,6,2.5,2.3,2.7,0.0,0.0,0.0
3.7499999999999947,0.7500000000000001,3.7999999999999945,3.7699111843077517,3.3510321638291125,1.0,1,0.5,0.3,0.7,0.0,0.0,0.0
3.7499999999999947,0.7500000000000001,3.7999999999999945,3.7699111843077517,3.3510321638291125,1.0,2,0.9,0.7,1.1,0.0,0.0,0.0
3.7499999999999947,0.7500000000000001,3.7999999999999945,3.7699111843077517,3.3510321638291125,1.0,3,1.3,1.1,1.5,0.0,0.0,0.0
3.7499999999999947,0.7500000000000001,3.7999999999999945,3.7699111843077517,3.3510321638291125,1.0,4,1.7000000000000002,1.5000000000000002,1.9000000000000001,0.0,0.0,0.0
3.7499999999999947,0.7500000000000001,3.7999999999999945,3.7699111843077517,3.3510321638291125,1.0,5,2.1,1.9000000000000001,2.3000000000000003,0.0,0.0,0.0
3.7499999999999947,0.7500000000000001,3.7999999999999945,3.7699111843077517,3.3510321638291125,1.0,6,2.5,2.3,2.7,0.0,0.0,0.0
3.7499999999999947,0.8000000000000002,3.7999999999999945,3.7699111843077517,3.3510321638291125,1.0,1,0.5,0.3,0.7,0.0,0.0,0.0
3.7499999999999947,0.8000000000000002,3.7999999999999945,3.7699111843077517,3.3510321638291125,1.0,2,0.9,0.7,1.1,0.0,0.0,0.0
3.7499999999999947,0.8000000000000002,3.7999999999999945,3.7699111843077517,3.3510321638291125,1.0,3,1.3,1.1,1.5,0.0,0.0,0.0
3.7499999999999947,0.8000000000000002,3.7999999999999945,3.7699111843077517,3.3510321638291125,1.0,4,1.7000000000000002,1.5000000000000002,1.9000000000000001,0.0,0.0,0.0
3.7499999999999947,0.8000000000000002,3.7999999999999945,3.7699111843077517,3.3510321638291125,1.0,5,2.1,1.9000000000000001,2.3000000000000003,0.0,0.0,0.0
3.7499999999999947,0.8000000000000002,3.7999999999999945,3.7699111843077517,3.3510321638291125,1.0,6,2.5,2.3,2.7,0.0,0.0,0.0
4.149999999999993,0.8500000000000002,4.199999999999993,4.1887902047863905,3.3510321638291125,1.0,1,0.5,0.3,0.7,0.0,0.0,0.0
4.149999999999993,0.8500000000000002,4.199999999999993,4.1887902047863905,3.3510321638291125,1.0,2,0.9,0.7,1.1,0.0,0.0,0.0
4.149999999999993,0.8500000000000002,4.199999999999993,4.1887902047863905,3.3510321638291125,1.0,3,1.3,1.1,1.5,0.0,0.0,0.0
4.149999999999993,0.8500000000000002,4.199999999999993,4.1887902047863905,3.3510321638291125,1.0,4,1.7000000000000002,1.5000000000000002,1.9000000000000001,0.0,0.0,0.0
4.149999999999993,0.8500000000000002,4.199999999999993,4.1887902047863905,3.3510321638291125,1.0,5,2.1,1.9000000000000001,2.3000000000000003,0.0,0.0,0.0
4.149999999999993,0.8500000000000002,4.199999999999993,4.1887902047863905,3.3510321638291125,1.0,6,2.5,2.3,2.7,0.0,0.0,0.0
4.149999999999993,0.9000000000000002,4.199999999999993,4.1887902047863905,3.3510321638291125,1.0,1,0.5,0.3,0.7,0.0,0.0,0.0
4.149999999999993,0.9000000000000002,4.199999999999993,4.1887902047863905,3.3510321638291125,1.0,2,0.9,0.7,1.1,0.0,0.0,0.0
4.149999999999993,0.9000000000000002,4.199999999999993,4.1887902047863905,3.3510321638291125,1.0,3,1.3,1.1,1.5,0.0,0.0,0.0
4.149999999999993,0.9000000000000002,4.199999999999993,4.1887902047863905,3.3510321638291125,1.0,4,1.7000000000000002,1.5000000000000002,1.9000000000000001,0.0,0.0,0.0
4.149999999999993,0.9000000000000002,4.199999999999993,4.1887902047863905,3.3510321638291125,1.0,5,2.1,1.9000000000000001,2.3000000000000003,0.0,0.0,0.0
4.149999999999993,0.9000000000000002,4.199999999999993,4.1887902047863905,3.3510321638291125,1.0,6,2.5,2.3,2.7,0.0,0.0,0.0
4.149999999999993,0.9500000000000003,4.199999999999993,4.1887902047863905,3.3510321638291125,1.0,1,0.5,0.3,0.7,0.0,0.0,0.0
4.149999999999993,0.9500000000000003,4.199999999999993,4.1887902047863905,3.3510321638291125,1.0,2,0.9,0.7,1.1,0.0,0.0,0.0
4.149999999999993,0.9500000000000003,4.199999999999993,4.1887902047863905,3.3510321638291125,1.0,3,1.3,1.1,1.5,0.0,0.0,0.0
4.149999999999993,0.9500000000000003,4.199999999999993,4.1887902047863905,3.3510321638291125,1.0,4,1.7000000000000002,1.5000000000000002,1.9000000000000001,0.0,0.0,0.0
4.149999999999993,0.9500000000000003,4.199999999999993,4.1887902047863905,3.3510321638291125,1.0,5,2.1,1.9000000000000001,2.3000000000000003,0.0,0.0,0.0
4.149999999999993,0.9500000000000003,4.199999999999993,4.1887902047863905,3.3510321638291125,1.0,6,2.5,2.3,2.7,0.0,0.0,0.0
4.149999999999993,1.0000000000000002,4.199999999999993,4.1887902047863905,3.3510321638291125,1.0,1,0.5,0.3,0.7,0.0,0.0,0.0
4.149999999999993,1.0000000000000002,4.199999999999993,4.1887902047863905,3.3510321638291125,1.0,2,0.9,0.7,1.1,0.0,0.0,0.0
4.149999999999993,1.0000000000000002,4.199999999999993,4.1887902047863905,3.3510321638291125,1.0,3,1.3,1.1,1.5,0.0,0.0,0.0
4.149999999999993,1.0000000000000002,4.199999999999993,4.1887902047863905,3.3510321638291125,1.0,4,1.7000000000000002,1.5000000000000002,1.9000000000000001,0.0,0.0,0.0
4.149999999999993,1.0000000000000002,4.199999999999993,4.1887902047863905,3.3510321638291125,1.0,5,2.1,1.9000000000000001,2.3000000000000003,0.0,0.0,0.0
4.149999999999993,1.0000000000000002,4.199999999999993,4.1887902047863905,3.3510321638291125,1.0,6,2.5,2.3,2.7,0.0,0.0,0.0
4.149999999999993,1.0500000000000003,4.199999999999993,4.1887902047863905,3.3510321638291125,1.0,1,0.5,0.3,0.7,0.0,0.0,0.0
4.149999999999993,1.0500000000000003,4.199999999999993,4.1887902047863905,3.3510321638291125,1.0,2,0.9,0.7,1.1,0.0,0.0,0.0
4.149999999999993,1.0500000000000003,4.199999999999993,4.1887902047863905,3.3510321638291125,1.0,3,1.3,1.1,1.5,0.0,0.0,0.0
4.149999999999993,1.0500000000000003,4.199999999999993,4.1887902047863905,3.3510321638291125,1.0,4,1.7000000000000002,1.5000000000000002,1.9000000000000001,0.0,0.0,0.0
4.149999999999993,1.0500000000000003,4.199999999999993,4.1887902047863905,3.3510321638291125,1.0,5,2.1,1.9000000000000001,2.3000000000000003,0.0,0.0,0.0
4.149999999999993,1.0500000000000003,4.199999999999993,4.1887902047863905,3.3510321638291125,1.0,6,2.5,2.3,2.7,0.0,0.0,0.0
4.149999999999993,1.1000000000000003,4.199999999999993,4.1887902047863905,3.3510321638291125,1.0,1,0.5,0.3,0.7,0.0,0.0,0.0
4.149999999999993,1.1000000000000003,4.199999999999993,4.1887902047863905,3.3510321638291125,1.0,2,0.9,0.7,1.1,0.0,0.0,0.0
4.149999999999993,1.1000000000000003,4.199999999999993,4.1887902047863905,3.3510321638291125,1.0,3,1.3,1.1,1.5,0.0,0.0,0.0
4.149999999999993,1.1000000000000003,4.199999999999993,4.1887902047863905,3.3510321638291125,1.0,4,1.7000000000000002,1.5000000000000002,1.9000000000000001,0.0,0.0,0.0
4.149999999999993,1.1000000000000003,4.199999999999993,4.1887902047863905,3.3510321638291125,1.0,5,2.1,1.9000000000000001,2.3000000000000003,0.0,0.0,0.0
4.149999999999993,1.1000000000000003,4.199999999999993,4.1887902047863905,3.3510321638291125,1.0,6,2.5,2.3,2.7,0.0,0.0,0.0
4.149999999999993,1.1500000000000004,4.199999999999993,4.1887902047863905,3.3510321638291125,1.0,1,0.5,0.3,0.7,0.0,0.0,0.0
4.149999999999993,1.1500000000000004,4.199999999999993,4.1887902047863905,3.3510321638291125,1.0,2,0.9,0.7,1.1,0.0,0.0,0.0
4.149999999999993,1.1500000000000004,4.199999999999993,4.1887902047863905,3.3510321638291125,1.0,3,1.3,1.1,1.5,0.0,0.0,0.0
4.149999999999993,1.1500000000000004,4.199999999999993,4.1887902047863905,3.3510321638291125,1.0,4,1.7000000000000002,1.5000000000000002,1.9000000000000001,0.0,0.0,0.0
4.149999999999993,1.1500000000000004,4.199999999999993,4.1887902047863905,3.3510321638291125,1.0,5,2.1,1.9000000000000001,2.3000000000000003,0.0,0.0,0.0
4.149999999999993,1.1500000000000004,4.199999999999993,4.1887902047863905,3.3510321638291125,1.0,6,2.5,2.3,2.7,0.0,0.0,0.0
4.149999999999993,1.2000000000000004,4.199999999999993,4.1887902047863905,3.3510321638291125,1.0,1,0.5,0.3,0.7,0.0,0.0,0.0
4.149999999999993,1.2000000000000004,4.199999999999993,4.1887902047863905,3.3510321638291125,1.0,2,0.9,0.7,1.1,0.0,0.0,0.0
4.149999999999993,1.2000000000000004,4.199999999999993,4.1887902047863905,3.3510321638291125,1.0,3,1.3,1.1,1.5,0.0,0.0,0.0
4.149999999999993,1.2000000000000004,4.199999999999993,4.1887902047863905,3.3510321638291125,1.0,4,1.7000000000000002,1.5000000000000002,1.9000000000000001,0.0,0.0,0.0
4.149999999999993,1.2000000000000004,4.199999999999993,4.1887902047863905,3.3510321638291125,1.0,5,2.1,1.9000000000000001,2.3000000000000003,0.0,0.0,0.0
4.149999999999993,1.2000000000000004,4.199999999999993,4.1887902047863905,3.3510321638291125,1.0,6,2.5,2.3,2.7,0.0,0.0,0.0
4.149999999999993,1.2500000000000004,4.199999999999993,4.1887902047863905,3.3510321638291125,1.0,1,0.5,0.3,0.7,0.0,0.0,0.0
4.149999999999993,1.2500000000000004,4.199999999999993,4.1887902047863905,3.3510321638291125,1.0,2,0.9,0.7,1.1,0.0,0.0,0.0
4.149999999999993,1.2500000000000004,4.199999999999993,4.1887902047863905,3.3510321638291125,1.0,3,1.3,1.1,1.5,0.0,0.0,0.0
4.149999999999993,1.2500000000000004,4.199999999999993,4.1887902047863905,3.3510321638291125,1.0,4,1.7000000000000002,1.5000000000000002,1.9000000000000001,0.0,0.0,0.0
4.149999999999993,1.2500000000000004,4.199999999999993,4.1887902047863905,3.3510321638291125,1.0,5,2.1,1.9000000000000001,2.3000000000000003,0.0,0.0,0.0
4.149999999999993,1.2500000000000004,4.199999999999993,4.1887902047863905,3.3510321638291125,1.0,6,2.5,2.3,2.7,0.0,0.0,0.0
4.599999999999992,1.3000000000000005,4.6499999999999915,4.607669225265029,3.351032163829112,1.0,1,0.5,0.3,0.7,0.0,0.0,0.0
4.599999999999992,1.3000000000000005,4.6499999999999915,4.607669225265029,3.351032163829112,1.0,2,0.9,0.7,1.1,0.0,0.0,0.0
4.599999999999992,1.3000000000000005,4.6499999999999915,4.607669225265029,3.351032163829112,1.0,3,1.3,1.1,1.5,0.0,0.0,0.0
4.599999999999992,1.3000000000000005,4.6499999999999915,4.607669225265029,3.351032163829112,1.0,4,1.7000000000000002,1.5000000000000002,1.9000000000000001,0.0,0.0,0.0
4.599999999999992,1.3000000000000005,4.6499999999999915,4.607669225265029,3.351032163829112,1.0,5,2.1,1.9000000000000001,2.3000000000000003,0.0,0.0,0.0
4.599999999999992,1.3000000000000005,4.6499999999999915,4.607669225265029,3.351032163829112,1.0,6,2.5,2.3,2.7,0.0,0.0,0.0
4.599999999999992,1.3500000000000005,4.6499999999999915,4.607669225265029,3.351032163829112,1.0,1,0.5,0.3,0.7,0.0,0.0,0.0
4.599999999999992,1.3500000000000005,4.6499999999999915,4.607669225265029,3.351032163829112,1.0,2,0.9,0.7,1.1,0.0,0.0,0.0
4.599999999999992,1.3500000000000005,4.6499999999999915,4.607669225265029,3.351032163829112,1.0,3,1.3,1.1,1.5,0.0,0.0,0.0
4.599999999999992,1.3500000000000005,4.6499999999999915,4.607669225265029,3.351032163829112,1.0,4,1.7000000000000002,1.5000000000000002,1.9000000000000001,0.0,0.0,0.0
4.599999999999992,1.3500000000000005,4.6499999999999915,4.607669225265029,3.351032163829112,1.0,5,2.1,1.9000000000000001,2.3000000000000003,0.0,0.0,0.0
4.599999999999992,1.3500000000000005,4.6499999999999915,4.607669225265029,3.351032163829112,1.0,6,2.5,2.3,2.7,0.0,0.0,0.0
4.599999999999992,1.4000000000000006,4.6499999999999915,4.607669225265029,3.351032163829112,1.0,1,0.5,0.3,0.7,0.0,0.0,0.0
4.599999999999992,1.4000000000000006,4.6499999999999915,4.607669225265029,3.351032163829112,1.0,2,0.9,0.7,1.1,0.0,0.0,0.0
4.599999999999992,1.4000000000000006,4.6499999999999915,4.607669225265029,3.351032163829112,1.0,3,1.3,1.1,1.5,0.0,0.0,0.0
4.599999999999992,1.4000000000000006,4.6499999999999915,4.607669225265029,3.351032163829112,1.0,4,1.7000000000000002,1.5000000000000002,1.9000000000000001,0.0,0.0,0.0
4.599999999999992,1.4000000000000006,4.6499999999999915,4.607669225265029,3.351032163829112,1.0,5,2.1,1.9000000000000001,2.3000000000000003,0.0,0.0,0.0
4.599999999999992,1.4000000000000006,4.6499999999999915,4.607669225265029,3.351032163829112,1.0,6,2.5,2.3,2.7,0.0,0.0,0.0
4.599999999999992,1.4500000000000006,4.6499999999999915,4.607669225265029,3.351032163829112,1.0,1,0.5,0.3,0.7,0.0,0.0,0.0
4.599999999999992,1.4500000000000006,4.6499999999999915,4.607669225265029,3.351032163829112,1.0,2,0.9,0.7,1.1,0.0,0.0,0.0
4.599999999999992,1.4500000000000006,4.6499999999999915,4.607669225265029,3.351032163829112,1.0,3,1.3,1.1,1.5,0.0,0.0,0.0
4.599999999999992,1.4500000000000006,4.6499999999999915,4.607669225265029,3.351032163829112,1.0,4,1.7000000000000002,1.5000000000000002,1.9000000000000001,0.0,0.0,0.0
4.599999999999992,1.4500000000000006,4.6499999999999915,4.607669225265029,3.351032163829112,1.0,5,2.1,1.9000000000000001,2.3000000000000003,0.0,0.0,0.0
4.599999999999992,1.4500000000000006,4.6499999999999915,4.607669225265029,3.351032163829112,1.0,6,2.5,2.3,2.7,0.0,0.0,0.0
4.599999999999992,1.5000000000000007,4.6499999999999915,4.607669225265029,3.351032163829112,1.0,1,0.5,0.3,0.7,0.0,0.0,0.0
4.599999999999992,1.5000000000000007,4.6499999999999915,4.607669225265029,3.351032163829112,1.0,2,0.9,0.7,1.1,0.0,0.0,0.0
4.599999999999992,1.5000000000000007,4.6499999999999915,4.607669225265029,3.351032163829112,1.0,3,1.3,1.1,1.5,0.0,0.0,0.0
4.599999999999992,1.5000000000000007,4.6499999999999915,4.607669225265029,3.351032163829112,1.0,4,1.7000000000000002,1.5000000000000002,1.9000000000000001,0.0,0.0,0.0
4.599999999999992,1.5000000000000007,4.6499999999999915,4.607669225265029,3.351032163829112,1.0,5,2.1,1.9000000000000001,2.3000000000000003,0.0,0.0,0.0
4.599999999999992,1.5000000000000007,4.6499999999999915,4.607669225265029,3.351032163829112,1.0,6,2.5,2.3,2.7,0.0,0.0,0.0
4.599999999999992,1.5500000000000007,4.6499999999999915,4.607669225265029,3.351032163829112,1.0,1,0.5,0.3,0.7,0.0,0.0,0.0
4.599999999999992,1.5500000000000007,4.6499999999999915,4.607669225265029,3.351032163829112,1.0,2,0.9,0.7,1.1,0.0,0.0,0.0
4.599999999999992,1.5500000000000007,4.6499999999999915,4.607669225265029,3.351032163829112,1.0,3,1.3,1.1,1.5,0.0,0.0,0.0
4.599999999999992,1.5500000000000007,4.6499999999999915,4.607669225265029,3.351032163829112,1.0,4,1.7000000000000002,1.5000000000000002,1.9000000000000001,0.0,0.0,0.0
4.599999999999992,1.5500000000000007,4.6499999999999915,4.607669225265029,3.351032163829112,1.0,5,2.1,1.9000000000000001,2.3000000000000003,0.0,0.0,0.0
4.599999999999992,1.5500000000000007,4.6499999999999915,4.607669225265029,3.351032163829112,1.0,6,2.5,2.3,2.7,0.0,0.0,0.0
4.599999999999992,1.6000000000000008,4.6499999999999915,4.607669225265029,3.351032163829112,1.0,1,0.5,0.3,0.7,0.0,0.0,0.0
4.599999999999992,1.6000000000000008,4.6499999999999915,4.607669225265029,3.351032163829112,1.0,2,0.9,0.7,1.1,0.0,0.0,0.0
4.599999999999992,1.6000000000000008,4.6499999999999915,4.607669225265029,3.351032163829112,1.0,3,1.3,1.1,1.5,0.0,0.0,0.0
4.599999999999992,1.6000000000000008,4.6499999999999915,4.607669225265029,3.351032163829112,1.0,4,1.7000000000000002,1.5000000000000002,1.9000000000000001,0.0,0.0,0.0
4.599999999999992,1.6000000000000008,4.6499999999999915,4.607669225265029,3.351032163829112,1.0,5,2.1,1.9000000000000001,2.3000000000000003,0.0,0.0,0.0
4.599999999999992,1.6000000000000008,4.6499999999999915,4.607669225265029,3.351032163829112,1.0,6,2.5,2.3,2.7,0.0,0.0,0.0
4.599999999999992,1.6500000000000008,4.6499999999999915,4.607669225265029,3.351032163829112,1.0,1,0.5,0.3,0.7,0.0,0.0,0.0
4.599999999999992,1.6500000000000008,4.6499999999999915,4.607669225265029,3.351032163829112,1.0,2,0.9,0.7,1.1,0.0,0.0,0.0
4.599999999999992,1.6500000000000008,4.6499999999999915,4.607669225265029,3.351032163829112,1.0,3,1.3,1.1,1.5,0.0,0.0,0.0
4.599999999999992,1.6500000000000008,4.6499999999999915,4.607669225265029,3.351032163829112,1.0,4,1.7000000000000002,1.5000000000000002,1.9000000000000001,0.0,0.0,0.0
4.599999999999992,1.6500000000000008,4.6499999999999915,4.607669225265029,3.351032163829112,1.0,5,2.1,1.9000000000000001,2.3000000000000003,0.0,0.0,0.0
4.599999999999992,1.6500000000000008,4.6499999999999915,4.607669225265029,3.351032163829112,1.0,6,2.5,2.3,2.7,0.0,0.0,0.0
4.99999999999999,1.7000000000000008,5.04999999999999,5.026548245743669,3.351032163829113,1.0,1,0.5,0.3,0.7,0.0,0.0,0.0
4.99999999999999,1.7000000000000008,5.04999999999999,5.026548245743669,3.351032163829113,1.0,2,0.9,0.7,1.1,0.0,0.0,0.0
4.99999999999999,1.7000000000000008,5.04999999999999,5.026548245743669,3.351032163829113,1.0,3,1.3,1.1,1.5,0.0,0.0,0.0
4.99999999999999,1.7000000000000008,5.04999999999999,5.026548245743669,3.351032163829113,1.0,4,1.7000000000000002,1.5000000000000002,1.9000000000000001,0.0,0.0,0.0
4.99999999999999,1.7000000000000008,5.04999999999999,5.026548245743669,3.351032163829113,1.0,5,2.1,1.9000000000000001,2.3000000000000003,0.0,0.0,0.0
4.99999999999999,1.7000000000000008,5.04999999999999,5.026548245743669,3.351032163829113,1.0,6,2.5,2.3,2.7,0.0,0.0,0.0
4.99999999999999,1.7500000000000009,5.04999999999999,5.026548245743669,3.351032163829113,1.0,1,0.5,0.3,0.7,0.0,0.0,0.0
4.99999999999999,1.7500000000000009,5.04999999999999,5.026548245743669,3.351032163829113,1.0,2,0.9,0.7,1.1,0.0,0.0,0.0
4.99999999999999,1.7500000000000009,5.04999999999999,5.026548245743669,3.351032163829113,1.0,3,1.3,1.1,1.5,0.0,0.0,0.0
4.99999999999999,1.7500000000000009,5.04999999999999,5.026548245743669,3.351032163829113,1.0,4,1.7000000000000002,1.5000000000000002,1.9000000000000001,0.0,0.0,0.0
4.99999999999999,1.7500000000000009,5.04999999999999,5.026548245743669,3.351032163829113,1.0,5,2.1,1.9000000000000001,2.3000000000000003,0.0,0.0,0.0
4.99999999999999,1.7500000000000009,5.04999999999999,5.026548245743669,3.351032163829113,1.0,6,2.5,2.3,2.7,0.0,0.0,0.0
4.99999999999999,1.800000000000001,5.04999999999999,5.026548245743669,3.351032163829113,1.0,1,0.5,0.3,0.7,0.0,0.0,0.0
4.99999999999999,1.800000000000001,5.04999999999999,5.026548245743669,3.351032163829113,1.0,2,0.9,0.7,1.1,0.0,0.0,0.0
4.99999999999999,1.800000000000001,5.04999999999999,5.026548245743669,3.351032163829113,1.0,3,1.3,1.1,1.5,0.0,0.0,0.0
4.99999999999999,1.800000000000001,5.04999999999999,5.026548245743669,3.351032163829113,1.0,4,1.7000000000000002,1.5000000000000002,1.9000000000000001,0.0,0.0,0.0
4.99999999999999,1.800000000000001,5.04999999999999,5.026548245743669,3.351032163829113,1.0,5,2.1,1.9000000000000001,2.3000000000000003,0.0,0.0,0.0
4.99999999999999,1.800000000000001,5.04999999999999,5.026548245743669,3.351032163829113,1.0,6,2.5,2.3,2.7,0.0,0.0,0.0
4.99999999999999,1.850000000000001,5.04999999999999,5.026548245743669,3.351032163829113,1.0,1,0.5,0.3,0.7,0.0,0.0,0.0
4.99999999999999,1.850000000000001,5.04999999999999,5.026548245743669,3.351032163829113,1.0,2,0.9,0.7,1.1,0.0,0.0,0.0
4.99999999999999,1.850000000000001,5.04999999999999,5.026548245743669,3.351032163829113,1.0,3,1.3,1.1,1.5,0.0,0.0,0.0
4.99999999999999,1.850000000000001,5.04999999999999,5.026548245743669,3.351032163829113,1.0,4,1.7000000000000002,1.5000000000000002,1.9000000000000001,0.0,0.0,0.0
4.99999999999999,1.850000000000001,5.04999999999999,5.026548245743669,3.351032163829113,1.0,5,2.1,1.9000000000000001,2.3000000000000003,0.0,0.0,0.0
4.99999999999999,1.850000000000001,5.04999999999999,5.026548245743669,3.351032163829113,1.0,6,2.5,2.3,2.7,0.0,0.0,0.0
4.99999999999999,1.900000000000001,5.04999999999999,5.026548245743669,3.351032163829113,1.0,1,0.5,0.3,0.7,0.0,0.0,0.0
4.99999999999999,1.900000000000001,5.04999999999999,5.026548245743669,3.351032163829113,1.0,2,0.9,0.7,1.1,0.0,0.0,0.0
4.99999999999999,1.900000000000001,5.04999999999999,5.026548245743669,3.351032163829113,1.0,3,1.3,1.1,1.5,0.0,0.0,0.0
4.99999999999999,1.900000000000001,5.04999999999999,5.026548245743669,3.351032163829113,1.0,4,1.7000000000000002,1.5000000000000002,1.9000000000000001,0.0,0.0,0.0
4.99999999999999,1.900000000000001,5.04999999999999,5.026548245743669,3.351032163829113,1.0,5,2.1,1.9000000000000001,2.3000000000000003,0.0,0.0,0.0
4.99999999999999,1.900000000000001,5.04999999999999,5.026548245743669,3.351032163829113,1.0,6,2.5,2.3,2.7,0.0,0.0,0.0
4.99999999999999,1.950000000000001,5.04999999999999,5.026548245743669,3.351032163829113,1.0,1,0.5,0.3,0.7,0.0,0.0,0.0
4.99999999999999,1.950000000000001,5.04999999999999,5.026548245743669,3.351032163829113,1.0,2,0.9,0.7,1.1,0.0,0.0,0.0
4.99999999999999,1.950000000000001,5.04999999999999,5.026548245743669,3.351032163829113,1.0,3,1.3,1.1,1.5,0.0,0.0,0.0
4.99999999999999,1.950000000000001,5.04999999999999,5.026548245743669,3.351032163829113,1.0,4,1.7000000000000002,1.5000000000000002,1.9000000000000001,0.0,0.0,0.0
4.99999999999999,1.950000000000001,5.04999999999999,5.026548245743669,3.351032163829113,1.0,5,2.1,1.9000000000000001,2.3000000000000003,0.0,0.0,0.0
4.99999999999999,1.950000000000001,5.04999999999999,5.026548245743669,3.351032163829113,1.0,6,2.5,2.3,2.7,0.0,0.0,0.0
4.99999999999999,2.000000000000001,5.04999999999999,5.026548245743669,3.351032163829113,1.0,1,0.5,0.3,0.7,0.0,0.0,0.0
4.99999999999999,2.000000000000001,5.04999999999999,5.026548245743669,3.351032163829113,1.0,2,0.9,0.7,1.1,0.0,0.0,0.0
4.99999999999999,2.000000000000001,5.04999999999999,5.026548245743669,3.351032163829113,1.0,3,1.3,1.1,1.5,0.0,0.0,0.0
4.99999999999999,2.000000000000001,5.04999999999999,5.026548245743669,3.351032163829113,1.0,4,1.7000000000000002,1.5000000000000002,1.9000000000000001,0.0,0.0,0.0
4.99999999999999,2.000000000000001,5.04999999999999,5.026548245743669,3.351032163829113,1.0,5,2.1,1.9000000000000001,2.3000000000000003,0.0,0.0,0.0
4.99999999999999,2.000000000000001,5.04999999999999,5.026548245743669,3.351032163829113,1.0,6,2.5,2.3,2.7,0.0,0.0,0.0
4.99999999999999,2.0500000000000007,5.04999999999999,5.026548245743669,3.351032163829113,1.0,1,0.5,0.3,0.7,0.0,0.0,0.0
4.99999999999999,2.0500000000000007,5.04999999999999,5.026548245743669,3.351032163829113,1.0,2,0.9,0.7,1.1,0.0,0.0,0.0
4.99999999999999,2.0500000000000007,5.04999999999999,5.026548245743669,3.351032163829113,1.0,3,1.3,1.1,1.5,0.0,0.0,0.0
4.99999999999999,2.0500000000000007,5.04999999999999,5.026548245743669,3.351032163829113,1.0,4,1.7000000000000002,1.5000000000000002,1.9000000000000001,0.0,0.0,0.0
4.99999999999999,2.0500000000000007,5.04999999999999,5.026548245743669,3.351032163829113,1.0,5,2.1,1.9000000000000001,2.3000000000000003,0.0,0.0,0.0
4.99999999999999,2.0500000000000007,5.04999999999999,5.026548245743669,3.351032163829113,1.0,6,2.5,2.3,2.7,0.0,0.0,0.0
5.399999999999989,2.1000000000000005,5.449999999999989,5.445427266222308,3.3510321638291125,1.0,1,0.5,0.3,0.7,0.0,0.0,0.0
5.399999999999989,2.1000000000000005,5.449999999999989,5.445427266222308,3.3510321638291125,1.0,2,0.9,0.7,1.1,0.0,0.0,0.0
5.399999999999989,2.1000000000000005,5.449999999999989,5.445427266222308,3.3510321638291125,1.0,3,1.3,1.1,1.5,0.0,0.0,0.0
5.399999999999989,2.1000000000000005,5.449999999999989,5.445427266222308,3.3510321638291125,1.0,4,1.7000000000000002,1.5000000000000002,1.9000000000000001,0.0,0.0,0.0
5.399999999999989,2.1000000000000005,5.449999999999989,5.445427266222308,3.3510321638291125,1.0,5,2.1,1.9000000000000001,2.3000000000000003,0.0,0.0,0.0
5.399999999999989,2.1000000000000005,5.449999999999989,5.445427266222308,3.3510321638291125,1.0,6,2.5,2.3,2.7,0.0,0.0,0.0
5.399999999999989,2.1500000000000004,5.449999999999989,5.445427266222308,3.3510321638291125,1.0,1,0.5,0.3,0.7,0.0,0.0,0.0
5.399999999999989,2.1500000000000004,5.449999999999989,5.445427266222308,3.3510321638291125,1.0,2,0.9,0.7,1.1,0.0,0.0,0.0
5.399999999999989,2.1500000000000004,5.449999999999989,5.445427266222308,3.3510321638291125,1.0,3,1.3,1.1,1.5,0.0,0.0,0.0
5.399999999999989,2.1500000000000004,5.449999999999989,5.445427266222308,3.3510321638291125,1.0,4,1.7000000000000002,1.5000000000000002,1.9000000000000001,0.0,0.0,0.0
5.399999999999989,2.1500000000000004,5.449999999999989,5.445427266222308,3.3510321638291125,1.0,5,2.1,1.9000000000000001,2.3000000000000003,0.0,0.0,0.0
5.399999999999989,2.1500000000000004,5.449999999999989,5.445427266222308,3.3510321638291125,1.0,6,2.5,2.3,2.7,0.0,0.0,0.0
5.399999999999989,2.2,5.449999999999989,5.445427266222308,3.3510321638291125,1.0,1,0.5,0.3,0.7,0.0,0.0,0.0
5.399999999999989,2.2,5.449999999999989,5.445427266222308,3.3510321638291125,1.0,2,0.9,0.7,1.1,0.0,0.0,0.0
5.399999999999989,2.2,5.449999999999989,5.445427266222308,3.3510321638291125,1.0,3,1.3,1.1,1.5,0.0,0.0,0.0
5.399999999999989,2.2,5.449999999999989,5.445427266222308,3.3510321638291125,1.0,4,1.7000000000000002,1.5000000000000002,1.9000000000000001,0.0,0.0,0.0
5.399999999999989,2.2,5.449999999999989,5.445427266222308,3.3510321638291125,1.0,5,2.1,1.9000000000000001,2.3000000000000003,0.0,0.0,0.0
5.399999999999989,2.2,5.449999999999989,5.445427266222308,3.3510321638291125,1.0,6,2.5,2.3,2.7,0.0,0.0,0.0
5.399999999999989,2.25,5.449999999999989,5.445427266222308,3.3510321638291125,1.0,1,0.5,0.3,0.7,0.0,0.0,0.0
5.399999999999989,2.25,5.449999999999989,5.445427266222308,3.3510321638291125,1.0,2,0.9,0.7,1.1,0.0,0.0,0.0
5.399999999999989,2.25,5.449999999999989,5.445427266222308,3.3510321638291125,1.0,3,1.3,1.1,1.5,0.0,0.0,0.0
5.399999999999989,2.25,5.449999999999989,5.445427266222308,3.3510321638291125,1.0,4,1.7000000000000002,1.5000000000000002,1.9000000000000001,0.0,0.0,0.0
5.399999999999989,2.25,5.449999999999989,5.445427266222308,3.3510321638291125,1.0,5,2.1,1.9000000000000001,2.3000000000000003,0.0,0.0,0.0
5.399999999999989,2.25,5.449999999999989,5.445427266222308,3.3510321638291125,1.0,6,2.5,2.3,2.7,0.0,0.0,0.0
5.399999999999989,2.3,5.449999999999989,5.445427266222308,3.3510321638291125,1.0,1,0.5,0.3,0.7,0.0,0.0,0.0
5.399999999999989,2.3,5.449999999999989,5.445427266222308,3.3510321638291125,1.0,2,0.9,0.7,1.1,0.0,0.0,0.0
5.399999999999989,2.3,5.449999999999989,5.445427266222308,3.3510321638291125,1.0,3,1.3,1.1,1.5,0.0,0.0,0.0
5.399999999999989,2.3,5.449999999999989,5.445427266222308,3.3510321638291125,1.0,4,1.7000000000000002,1.5000000000000002,1.9000000000000001,0.0,0.0,0.0
5.399999999999989,2.3,5.449999999999989,5.445427266222308,3.3510321638291125,1.0,5,2.1,1.9000000000000001,2.3000000000000003,0.0,0.0,0.0
5.399999999999989,2.3,5.449999999999989,5.445427266222308,3.3510321638291125,1.0,6,2.5,2.3,2.7,0.0,0.0,0.0
5.399999999999989,2.3499999999999996,5.449999999999989,5.445427266222308,3.3510321638291125,1.0,1,0.5,0.3,0.7,0.0,0.0,0.0
5.399999999999989,2.3499999999999996,5.449999999999989,5.445427266222308,3.3510321638291125,1.0,2,0.9,0.7,1.1,0.0,0.0,0.0
5.399999999999989,2.3499999999999996,5.449999999999989,5.445427266222308,3.3510321638291125,1.0,3,1.3,1.1,1.5,0.0,0.0,0.0
5.399999999999989,2.3499999999999996,5.449999999999989,5.445427266222308,3.3510321638291125,1.0,4,1.7000000000000002,1.5000000000000002,1.9000000000000001,0.0,0.0,0.0
5.399999999999989,2.3499999999999996,5.449999999999989,5.445427266222308,3.3510321638291125,1.0,5,2.1,1.9000000000000001,2.3000000000000003,0.0,0.0,0.0
5.399999999999989,2.3499999999999996,5.449999999999989,5.445427266222308,3.3510321638291125,1.0,6,2.5,2.3,2.7,0.0,0.0,0.0
5.399999999999989,2.3999999999999995,5.449999999999989,5.445427266222308,3.3510321638291125,1.0,1,0.5,0.3,0.7,0.0,0.0,0.0
5.399999999999989,2.3999999999999995,5.449999999999989,5.445427266222308,3.3510321638291125,1.0,2,0.9,0.7,1.1,0.0,0.0,0.0
5.399999999999989,2.3999999999999995,5.449999999999989,5.445427266222308,3.3510321638291125,1.0,3,1.3,1.1,1.5,0.0,0.0,0.0
5.399999999999989,2.3999999999999995,5.449999999999989,5.445427266222308,3.3510321638291125,1.0,4,1.7000000000000002,1.5000000000000002,1.9000000000000001,0.0,0.0,0.0
5.399999999999989,2.3999999999999995,5.449999999999989,5.445427266222308,3.3510321638291125,1.0,5,2.1,1.9000000000000001,2.3000000000000003,0.0,0.0,0.0
5.399999999999989,2.3999999999999995,5.449999999999989,5.445427266222308,3.3510321638291125,1.0,6,2.5,2.3,2.7,0.0,0.0,0.0
5.399999999999989,2.4499999999999993,5.449999999999989,5.445427266222308,3.3510321638291125,1.0,1,0.5,0.3,0.7,0.0,0.0,0.0
5.399999999999989,2.4499999999999993,5.449999999999989,5.445427266222308,3.3510321638291125,1.0,2,0.9,0.7,1.1,0.0,0.0,0.0
5.399999999999989,2.4499999999999993,5.449999999999989,5.445427266222308,3.3510321638291125,1.0,3,1.3,1.1,1.5,0.0,0.0,0.0
5.399999999999989,2.4499999999999993,5.449999999999989,5.445427266222308,3.3510321638291125,1.0,4,1.7000000000000002,1.5000000000000002,1.9000000000000001,0.0,0.0,0.0
5.399999999999989,2.4499999999999993,5.449999999999989,5.445427266222308,3.3510321638291125,1.0,5,2.1,1.9000000000000001,2.3000000000000003,0.0,0.0,0.0
5.399999999999989,2.4499999999999993,5.449999999999989,5.445427266222308,3.3510321638291125,1.0,6,2.5,2.3,2.7,0.0,0.0,0.0
5.399999999999989,2.499999999999999,5.449999999999989,5.445427266222308,3.3510321638291125,1.0,1,0.5,0.3,0.7,0.0,0.0,0.0
5.399999999999989,2.499999999999999,5.449999999999989,5.445427266222308,3.3510321638291125,1.0,2,0.9,0.7,1.1,0.0,0.0,0.0
5.399999999999989,2.499999999999999,5.449999999999989,5.445427266222308,3.3510321638291125,1.0,3,1.3,1.1,1.5,0.0,0.0,0.0
5.399999999999989,2.499999999999999,5.449999999999989,5.445427266222308,3.3510321638291125,1.0,4,1.7000000000000002,1.5000000000000002,1.9000000000000001,0.0,0.0,0.0
5.399999999999989,2.499999999999999,5.449999999999989,5.445427266222308,3.3510321638291125,1.0,5,2.1,1.9000000000000001,2.3000000000000003,0.0,0.0,0.0
5.399999999999989,2.499999999999999,5.449999999999989,5.445427266222308,3.3510321638291125,1.0,6,2.5,2.3,2.7,0.0,0.0,0.0
5.849999999999987,2.549999999999999,5.899999999999987,5.864306286700947,3.351032163829112,1.0,1,0.5,0.3,0.7,0.0,0.0,0.0
5.849999999999987,2.549999999999999,5.899999999999987,5.864306286700947,3.351032163829112,1.0,2,0.9,0.7,1.1,0.0,0.0,0.0
5.849999999999987,2.549999999999999,5.899999999999987,5.864306286700947,3.351032163829112,1.0,3,1.3,1.1,1.5,0.0,0.0,0.0
5.849999999999987,2.549999999999999,5.899999999999987,5.864306286700947,3.351032163829112,1.0,4,1.7000000000000002,1.5000000000000002,1.9000000000000001,0.0,0.0,0.0
5.849999999999987,2.549999999999999,5.899999999999987,5.864306286700947,3.351032163829112,1.0,5,2.1,1.9000000000000001,2.3000000000000003,0.0,0.0,0.0
5.849999999999987,2.549999999999999,5.899999999999987,5.864306286700947,3.351032163829112,1.0,6,2.5,2.3,2.7,0.0,0.0,0.0
5.849999999999987,2.5999999999999988,5.899999999999987,5.864306286700947,3.351032163829112,1.0,1,0.5,0.3,0.7,0.0,0.0,0.0
5.849999999999987,2.5999999999999988,5.899999999999987,5.864306286700947,3.351032163829112,1.0,2,0.9,0.7,1.1,0.0,0.0,0.0
5.849999999999987,2.5999999999999988,5.899999999999987,5.864306286700947,3.351032163829112,1.0,3,1.3,1.1,1.5,0.0,0.0,0.0
5.849999999999987,2.5999999999999988,5.899999999999987,5.864306286700947,3.351032163829112,1.0,4,1.7000000000000002,1.5000000000000002,1.9000000000000001,0.0,0.0,0.0
5.849999999999987,2.5999999999999988,5.899999999999987,5.864306286700947,3.351032163829112,1.0,5,2.1,1.9000000000000001,2.3000000000000003,0.0,0.0,0.0
5.849999999999987,2.5999999999999988,5.899999999999987,5.864306286700947,3.351032163829112,1.0,6,2.5,2.3,2.7,0.0,0.0,0.0
5.849999999999987,2.6499999999999986,5.899999999999987,5.864306286700947,3.351032163829112,1.0,1,0.5,0.3,0.7,0.0,0.0,0.0
5.849999999999987,2.6499999999999986,5.899999999999987,5.864306286700947,3.351032163829112,1.0,2,0.9,0.7,1.1,0.0,0.0,0.0
5.849999999999987,2.6499999999999986,5.899999999999987,5.864306286700947,3.351032163829112,1.0,3,1.3,1.1,1.5,0.0,0.0,0.0
5.849999999999987,2.6499999999999986,5.899999999999987,5.864306286700947,3.351032163829112,1.0,4,1.7000000000000002,1.5000000000000002,1.9000000000000001,0.0,0.0,0.0
5.849999999999987,2.6499999999999986,5.899999999999987,5.864306286700947,3.351032163829112,1.0,5,2.1,1.9000000000000001,2.3000000000000003,0.0,0.0,0.0
5.849999999999987,2.6499999999999986,5.899999999999987,5.864306286700947,3.351032163829112,1.0,6,2.5,2.3,2.7,0.0,0.0,0.0
5.849999999999987,2.6999999999999984,5.899999999999987,5.864306286700947,3.351032163829112,1.0,1,0.5,0.3,0.7,0.0,0.0,0.0
5.849999999999987,2.6999999999999984,5.899999999999987,5.864306286700947,3.351032163829112,1.0,2,0.9,0.7,1.1,0.0,0.0,0.0
5.849999999999987,2.6999999999999984,5.899999999999987,5.864306286700947,3.351032163829112,1.0,3,1.3,1.1,1.5,0.0,0.0,0.0
5.849999999999987,2.6999999999999984,5.899999999999987,5.864306286700947,3.351032163829112,1.0,4,1.7000000000000002,1.5000000000000002,1.9000000000000001,0.0,0.0,0.0
5.849999999999987,2.6999999999999984,5.899999999999987,5.864306286700947,3.351032163829112,1.0,5,2.1,1.9000000000000001,2.3000000000000003,0.0,0.0,0.0
5.849999999999987,2.6999999999999984,5.899999999999987,5.864306286700947,3.351032163829112,1.0,6,2.5,2.3,2.7,0.0,0.0,0.0
5.849999999999987,2.7499999999999982,5.899999999999987,5.864306286700947,3.351032163829112,1.0,1,0.5,0.3,0.7,0.0,0.0,0.0
5.849999999999987,2.7499999999999982,5.899999999999987,5.864306286700947,3.351032163829112,1.0,2,0.9,0.7,1.1,0.0,0.0,0.0
5.849999999999987,2.7499999999999982,5.899999999999987,5.864306286700947,3.351032163829112,1.0,3,1.3,1.1,1.5,0.0,0.0,0.0
5.849999999999987,2.7499999999999982,5.899999999999987,5.864306286700947,3.351032163829112,1.0,4,1.7000000000000002,1.5000000000000002,1.9000000000000001,0.0,0.0,0.0
5.849999999999987,2.7499999999999982,5.899999999999987,5.864306286700947,3.351032163829112,1.0,5,2.1,1.9000000000000001,2.3000000000000003,0.0,0.0,0.0
5.849999999999987,2.7499999999999982,5.899999999999987,5.864306286700947,3.351032163829112,1.0,6,2.5,2.3,2.7,0.0,0.0,0.0
5.849999999999987,2.799999999999998,5.899999999999987,5.864306286700947,3.351032163829112,1.0,1,0.5,0.3,0.7,0.0,0.0,0.0
5.849999999999987,2.799999999999998,5.899999999999987,5.864306286700947,3.351032163829112,1.0,2,0.9,0.7,1.1,0.0,0.0,0.0
5.849999999999987,2.799999999999998,5.899999999999987,5.864306286700947,3.351032163829112,1.0,3,1.3,1.1,1.5,0.0,0.0,0.0
5.849999999999987,2.799999999999998,5.899999999999987,5.864306286700947,3.351032163829112,1.0,4,1.7000000000000002,1.5000000000000002,1.9000000000000001,0.0,0.0,0.0
5.849999999999987,2.799999999999998,5.899999999999987,5.864306286700947,3.351032163829112,1.0,5,2.1,1.9000000000000001,2.3000000000000003,0.0,0.0,0.0
5.849999999999987,2.799999999999998,5.899999999999987,5.864306286700947,3.351032163829112,1.0,6,2.5,2.3,2.7,0.0,0.0,0.0
5.849999999999987,2.849999999999998,5.899999999999987,5.864306286700947,3.351032163829112,1.0,1,0.5,0.3,0.7,0.0,0.0,0.0
5.849999999999987,2.849999999999998,5.899999999999987,5.864306286700947,3.351032163829112,1.0,2,0.9,0.7,1.1,0.0,0.0,0.0
5.849999999999987,2.849999999999998,5.899999999999987,5.864306286700947,3.351032163829112,1.0,3,1.3,1.1,1.5,0.0,0.0,0.0
5.849999999999987,2.849999999999998,5.899999999999987,5.864306286700947,3.351032163829112,1.0,4,1.7000000000000002,1.5000000000000002,1.9000000000000001,0.0,0.0,0.0
5.849999999999987,2.849999999999998,5.899999999999987,5.864306286700947,3.351032163829112,1.0,5,2.1,1.9000000000000001,2.3000000000000003,0.0,0.0,0.0
5.849999999999987,2.849999999999998,5.899999999999987,5.864306286700947,3.351032163829112,1.0,6,2.5,2.3,2.7,0.0,0.0,0.0
5.849999999999987,2.8999999999999977,5.899999999999987,5.864306286700947,3.351032163829112,1.0,1,0.5,0.3,0.7,0.0,0.0,0.0
5.849999999999987,2.8999999999999977,5.899999999999987,5.864306286700947,3.351032163829112,1.0,2,0.9,0.7,1.1,0.0,0.0,0.0
5.849999999999987,2.8999999999999977,5.899999999999987,5.864306286700947,3.351032163829112,1.0,3,1.3,1.1,1.5,0.0,0.0,0.0
5.849999999999987,2.8999999999999977,5.899999999999987,5.864306286700947,3.351032163829112,1.0,4,1.7000000000000002,1.5000000000000002,1.9000000000000001,0.0,0.0,0.0
5.849999999999987,2.8999999999999977,5.899999999999987,5.864306286700947,3.351032163829112,1.0,5,2.1,1.9000000000000001,2.3000000000000003,0.0,0.0,0.0
5.849999999999987,2.8999999999999977,5.899999999999987,5.864306286700947,3.351032163829112,1.0,6,2.5,2.3,2.7,0.0,0.0,0.0
6.249999999999986,2.9499999999999975,6.299999999999986,6.283185307179586,3.351032163829113,1.0,1,0.5,0.3,0.7,0.0,0.0,0.0
6.249999999999986,2.9499999999999975,6.299999999999986,6.283185307179586,3.351032163829113,1.0,2,0.9,0.7,1.1,0.0,0.0,0.0
6.249999999999986,2.9499999999999975,6.299999999999986,6.283185307179586,3.351032163829113,1.0,3,1.3,1.1,1.5,0.0,0.0,0.0
6.249999999999986,2.9499999999999975,6.299999999999986,6.283185307179586,3.351032163829113,1.0,4,1.7000000000000002,1.5000000000000002,1.9000000000000001,0.0,0.0,0.0
6.249999999999986,2.9499999999999975,6.299999999999986,6.283185307179586,3.351032163829113,1.0,5,2.1,1.9000000000000001,2.3000000000000003,0.0,0.0,0.0
6.249999999999986,2.9499999999999975,6.299999999999986,6.283185307179586,3.351032163829113,1.0,6,2.5,2.3,2.7,0.0,0.0,0.0
6.249999999999986,2.9999999999999973,6.299999999999986,6.283185307179586,3.351032163829113,1.0,1,0.5,0.3,0.7,0.0,0.0,0.0
6.249999999999986,2.9999999999999973,6.299999999999986,6.283185307179586,3.351032163829113,1.0,2,0.9,0.7,1.1,0.0,0.0,0.0
6.249999999999986,2.9999999999999973,6.299999999999986,6.283185307179586,3.351032163829113,1.0,3,1.3,1.1,1.5,0.0,0.0,0.0
6.249999999999986,2.9999999999999973,6.299999999999986,6.283185307179586,3.351032163829113,1.0,4,1.7000000000000002,1.5000000000000002,1.9000000000000001,0.0,0.0,0.0
6.249999999999986,2.9999999999999973,6.299999999999986,6.283185307179586,3.351032163829113,1.0,5,2.1,1.9000000000000001,2.3000000000000003,0.0,0.0,0.0
6.249999999999986,2.9999999999999973,6.299999999999986,6.283185307179586,3.351032163829113,1.0,6,2.5,2.3,2.7,0.0,0.0,0.0
6.249999999999986,3.049999999999997,6.299999999999986,6.283185307179586,3.351032163829113,1.0,1,0.5,0.3,0.7,0.0,0.0,0.0
6.249999999999986,3.049999999999997,6.299999999999986,6.283185307179586,3.351032163829113,1.0,2,0.9,0.7,1.1,0.0,0.0,0.0
6.249999999999986,3.049999999999997,6.299999999999986,6.283185307179586,3.351032163829113,1.0,3,1.3,1.1,1.5,0.0,0.0,0.0
6.249999999999986,3.049999999999997,6.299999999999986,6.283185307179586,3.351032163829113,1.0,4,1.7000000000000002,1.5000000000000002,1.9000000000000001,0.0,0.0,0.0
6.249999999999986,3.049999999999997,6.299999999999986,6.283185307179586,3.351032163829113,1.0,5,2.1,1.9000000000000001,2.3000000000000003,0.0,0.0,0.0
6.249999999999986,3.049999999999997,6.299999999999986,6.283185307179586,3.351032163829113,1.0,6,2.5,2.3,2.7,0.0,0.0,0.0
6.249999999999986,3.099999999999997,6.299999999999986,6.283185307179586,3.351032163829113,1.0,1,0.5,0.3,0.7,0.0,0.0,0.0
6.249999999999986,3.099999999999997,6.299999999999986,6.283185307179586,3.351032163829113,1.0,2,0.9,0.7,1.1,0.0,0.0,0.0
6.249999999999986,3.099999999999997,6.299999999999986,6.283185307179586,3.351032163829113,1.0,3,1.3,1.1,1.5,0.0,0.0,0.0
6.249999999999986,3.099999999999997,6.299999999999986,6.283185307179586,3.351032163829113,1.0,4,1.7000000000000002,1.5000000000000002,1.9000000000000001,0.0,0.0,0.0
6.249999999999986,3.099999999999997,6.299999999999986,6.283185307179586,3.351032163829113,1.0,5,2.1,1.9000000000000001,2.3000000000000003,0.0,0.0,0.0
6.249999999999986,3.099999999999997,6.299999999999986,6.283185307179586,3.351032163829113,1.0,6,2.5,2.3,2.7,0.0,0.0,0.0
6.249999999999986,3.149999999999997,6.299999999999986,6.283185307179586,3.351032163829113,1.0,1,0.5,0.3,0.7,0.0,0.0,0.0
6.249999999999986,3.149999999999997,6.299999999999986,6.283185307179586,3.351032163829113,1.0,2,0.9,0.7,1.1,0.0,0.0,0.0
6.249999999999986,3.149999999999997,6.299999999999986,6.283185307179586,3.351032163829113,1.0,3,1.3,1.1,1.5,0.0,0.0,0.0
6.249999999999986,3.149999999999997,6.299999999999986,6.283185307179586,3.351032163829113,1.0,4,1.7000000000000002,1.5000000000000002,1.9000000000000001,0.0,0.0,0.0
6.249999999999986,3.149999999999997,6.299999999999986,6.283185307179586,3.351032163829113,1.0,5,2.1,1.9000000000000001,2.3000000000000003,0.0,0.0,0.0
6.249999999999986,3.149999999999997,6.299999999999986,6.283185307179586,3.351032163829113,1.0,6,2.5,2.3,2.7,0.0,0.0,0.0
6.249999999999986,3.1999999999999966,6.299999999999986,6.283185307179586,3.351032163829113,1.0,1,0.5,0.3,0.7,0.0,0.0,0.0
6.249999999999986,3.1999999999999966,6.299999999999986,6.283185307179586,3.351032163829113,1.0,2,0.9,0.7,1.1,0.0,0.0,0.0
6.249999999999986,3.1999999999999966,6.299999999999986,6.283185307179586,3.351032163829113,1.0,3,1.3,1.1,1.5,0.0,0.0,0.0
6.249999999999986,3.1999999999999966,6.299999999999986,6.283185307179586,3.351032163829113,1.0,4,1.7000000000000002,1.5000000000000002,1.9000000000000001,0.0,0.0,0.0
6.249999999999986,3.1999999999999966,6.299999999999986,6.283185307179586,3.351032163829113,1.0,5,2.1,1.9000000000000001,2.3000000000000003,0.0,0.0,0.0
6.249999999999986,3.1999999999999966,6.299999999999986,6.283185307179586,3.351032163829113,1.0,6,2.5,2.3,2.7,0.0,0.0,0.0
6.249999999999986,3.2499999999999964,6.299999999999986,6.283185307179586,3.351032163829113,1.0,1,0.5,0.3,0.7,0.0,0.0,0.0
6.249999999999986,3.2499999999999964,6.299999999999986,6.283185307179586,3.351032163829113,1.0,2,0.9,0.7,1.1,0.0,0.0,0.0
6.249999999999986,3.2499999999999964,6.299999999999986,6.283185307179586,3.351032163829113,1.0,3,1.3,1.1,1.5,0.0,0.0,0.0
6.249999999999986,3.2499999999999964,6.299999999999986,6.283185307179586,3.351032163829113,1.0,4,1.7000000000000002,1.5000000000000002,1.9000000000000001,0.0,0.0,0.0
6.249999999999986,3.2499999999999964,6.299999999999986,6.283185307179586,3.351032163829113,1.0,5,2.1,1.9000000000000001,2.3000000000000003,0.0,0.0,0.0
6.249999999999986,3.2499999999999964,6.299999999999986,6.283185307179586,3.351032163829113,1.0,6,2.5,2.3,2.7,0.0,0.0,0.0
6.249999999999986,3.2999999999999963,6.299999999999986,6.283185307179586,3.351032163829113,1.0,1,0.5,0.3,0.7,0.0,0.0,0.0
6.249999999999986,3.2999999999999963,6.299999999999986,6.283185307179586,3.351032163829113,1.0,2,0.9,0.7,1.1,0.0,0.0,0.0
6.249999999999986,3.2999999999999963,6.299999999999986,6.283185307179586,3.351032163829113,1.0,3,1.3,1.1,1.5,0.0,0.0,0.0
6.249999999999986,3.2999999999999963,6.299999999999986,6.283185307179586,3.351032163829113,1.0,4,1.7000000000000002,1.5000000000000002,1.9000000000000001,0.0,0.0,0.0
6.249999999999986,3.2999999999999963,6.299999999999986,6.283185307179586,3.351032163829113,1.0,5,2.1,1.9000000000000001,2.3000000000000003,0.0,0.0,0.0
6.249999999999986,3.2999999999999963,6.299999999999986,6.283185307179586,3.351032163829113,1.0,6,2.5,2.3,2.7,0.0,0.0,0.0
6.249999999999986,3.349999999999996,6.299999999999986,6.283185307179586,3.351032163829113,1.0,1,0.5,0.3,0.7,0.0,0.0,0.0
6.249999999999986,3.349999999999996,6.299999999999986,6.283185307179586,3.351032163829113,1.0,2,0.9,0.7,1.1,0.0,0.0,0.0
6.249999999999986,3.349999999999996,6.299999999999986,6.283185307179586,3.351032163829113,1.0,3,1.3,1.1,1.5,0.0,0.0,0.0
6.249999999999986,3.349999999999996,6.299999999999986,6.283185307179586,3.351032163829113,1.0,4,1.7000000000000002,1.5000000000000002,1.9000000000000001,0.0,0.0,0.0
6.249999999999986,3.349999999999996,6.299999999999986,6.283185307179586,3.351032163829113,1.0,5,2.1,1.9000000000000001,2.3000000000000003,0.0,0.0,0.0
6.249999999999986,3.349999999999996,6.299999999999986,6.283185307179586,3.351032163829113,1.0,6,2.5,2.3,2.7,0.0,0.0,0.0
6.699999999999984,3.399999999999996,6.749999999999984,6.702064327658225,3.3510321638291125,1.0,1,0.5,0.3,0.7,0.0,0.0,0.0
6.699999999999984,3.399999999999996,6.749999999999984,6.702064327658225,3.3510321638291125,1.0,2,0.9,0.7,1.1,0.0,0.0,0.0
6.699999999999984,3.399999999999996,6.749999999999984,6.702064327658225,3.3510321638291125,1.0,3,1.3,1.1,1.5,0.0,0.0,0.0
6.699999999999984,3.399999999999996,6.749999999999984,6.702064327658225,3.3510321638291125,1.0,4,1.7000000000000002,1.5000000000000002,1.9000000000000001,0.0,0.0,0.0
6.699999999999984,3.399999999999996,6.749999999999984,6.702064327658225,3.3510321638291125,1.0,5,2.1,1.9000000000000001,2.3000000000000003,0.0,0.0,0.0
6.699999999999984,3.399999999999996,6.749999999999984,6.702064327658225,3.3510321638291125,1.0,6,2.5,2.3,2.7,0.0,0.0,0.0
6.699999999999984,3.4499999999999957,6.749999999999984,6.702064327658225,3.3510321638291125,1.0,1,0.5,0.3,0.7,0.0,0.0,0.0
6.699999999999984,3.4499999999999957,6.749999999999984,6.702064327658225,3.3510321638291125,1.0,2,0.9,0.7,1.1,0.0,0.0,0.0
6.699999999999984,3.4499999999999957,6.749999999999984,6.702064327658225,3.3510321638291125,1.0,3,1.3,1.1,1.5,0.0,0.0,0.0
6.699999999999984,3.4499999999999957,6.749999999999984,6.702064327658225,3.3510321638291125,1.0,4,1.7000000000000002,1.5000000000000002,1.9000000000000001,0.0,0.0,0.0
6.699999999999984,3.4499999999999957,6.749999999999984,6.702064327658225,3.3510321638291125,1.0,5,2.1,1.9000000000000001,2.3000000000000003,0.0,0.0,0.0
6.699999999999984,3.4499999999999957,6.749999999999984,6.702064327658225,3.3510321638291125,1.0,6,2.5,2.3,2.7,0.0,0.0,0.0
6.699999999999984,3.4999999999999956,6.749999999999984,6.702064327658225,3.3510321638291125,1.0,1,0.5,0.3,0.7,0.0,0.0,0.0
6.699999999999984,3.4999999999999956,6.749999999999984,6.702064327658225,3.3510321638291125,1.0,2,0.9,0.7,1.1,0.0,0.0,0.0
6.699999999999984,3.4999999999999956,6.749999999999984,6.702064327658225,3.3510321638291125,1.0,3,1.3,1.1,1.5,0.0,0.0,0.0
6.699999999999984,3.4999999999999956,6.749999999999984,6.702064327658225,3.3510321638291125,1.0,4,1.7000000000000002,1.5000000000000002,1.9000000000000001,0.0,0.0,0.0
6.699999999999984,3.4999999999999956,6.749999999999984,6.702064327658225,3.3510321638291125,1.0,5,2.1,1.9000000000000001,2.3000000000000003,0.0,0.0,0.0
6.699999999999984,3.4999999999999956,6.749999999999984,6.702064327658225,3.3510321638291125,1.0,6,2.5,2.3,2.7,0.0,0.0,0.0
6.699999999999984,3.5499999999999954,6.749999999999984,6.702064327658225,3.3510321638291125,1.0,1,0.5,0.3,0.7,0.0,0.0,0.0
6.699999999999984,3.5499999999999954,6.749999999999984,6.702064327658225,3.3510321638291125,1.0,2,0.9,0.7,1.1,0.0,0.0,0.0
6.699999999999984,3.5499999999999954,6.749999999999984,6.702064327658225,3.3510321638291125,1.0,3,1.3,1.1,1.5,0.0,0.0,0.0
6.699999999999984,3.5499999999999954,6.749999999999984,6.702064327658225,3.3510321638291125,1.0,4,1.7000000000000002,1.5000000000000002,1.9000000000000001,0.0,0.0,0.0
6.699999999999984,3.5499999999999954,6.749999999999984,6.702064327658225,3.3510321638291125,1.0,5,2.1,1.9000000000000001,2.3000000000000003,0.0,0.0,0.0
6.699999999999984,3.5499999999999954,6.749999999999984,6.702064327658225,3.3510321638291125,1.0,6,2.5,2.3,2.7,0.0,0.0,0.0
6.699999999999984,3.599999999999995,6.749999999999984,6.702064327658225,3.3510321638291125,1.0,1,0.5,0.3,0.7,0.0,0.0,0.0
6.699999999999984,3.599999999999995,6.749999999999984,6.702064327658225,3.3510321638291125,1.0,2,0.9,0.7,1.1,0.0,0.0,0.0
6.699999999999984,3.599999999999995,6.749999999999984,6.702064327658225,3.3510321638291125,1.0,3,1.3,1.1,1.5,0.0,0.0,0.0
6.699999999999984,3.599999999999995,6.749999999999984,6.702064327658225,3.3510321638291125,1.0,4,1.7000000000000002,1.5000000000000002,1.9000000000000001,0.0,0.0,0.0
6.699999999999984,3.599999999999995,6.749999999999984,6.702064327658225,3.3510321638291125,1.0,5,2.1,1.9000000000000001,2.3000000000000003,0.0,0.0,0.0
6.699999999999984,3.599999999999995,6.749999999999984,6.702064327658225,3.3510321638291125,1.0,6,2.5,2.3,2.7,0.0,0.0,0.0
6.699999999999984,3.649999999999995,6.749999999999984,6.702064327658225,3.3510321638291125,1.0,1,0.5,0.3,0.7,0.0,0.0,0.0
6.699999999999984,3.649999999999995,6.749999999999984,6.702064327658225,3.3510321638291125,1.0,2,0.9,0.7,1.1,0.0,0.0,0.0
6.699999999999984,3.649999999999995,6.749999999999984,6.702064327658225,3.3510321638291125,1.0,3,1.3,1.1,1.5,0.0,0.0,0.0
6.699999999999984,3.649999999999995,6.749999999999984,6.702064327658225,3.3510321638291125,1.0,4,1.7000000000000002,1.5000000000000002,1.9000000000000001,0.0,0.0,0.0
6.699999999999984,3.649999999999995,6.749999999999984,6.702064327658225,3.3510321638291125,1.0,5,2.1,1.9000000000000001,2.3000000000000003,0.0,0.0,0.0
6.699999999999984,3.649999999999995,6.749999999999984,6.702064327658225,3.3510321638291125,1.0,6,2.5,2.3,2.7,0.0,0.0,0.0
6.699999999999984,3.699999999999995,6.749999999999984,6.702064327658225,3.3510321638291125,1.0,1,0.5,0.3,0.7,0.0,0.0,0.0
6.699999999999984,3.699999999999995,6.749999999999984,6.702064327658225,3.3510321638291125,1.0,2,0.9,0.7,1.1,0.0,0.0,0.0
6.699999999999984,3.699999999999995,6.749999999999984,6.702064327658225,3.3510321638291125,1.0,3,1.3,1.1,1.5,0.0,0.0,0.0
6.699999999999984,3.699999999999995,6.749999999999984,6.702064327658225,3.3510321638291125,1.0,4,1.7000000000000002,1.5000000000000002,1.9000000000000001,0.0,0.0,0.0
6.699999999999984,3.699999999999995,6.749999999999984,6.702064327658225,3.3510321638291125,1.0,5,2.1,1.9000000000000001,2.3000000000000003,0.0,0.0,0.0
6.699999999999984,3.699999999999995,6.749999999999984,6.702064327658225,3.3510321638291125,1.0,6,2.5,2.3,2.7,0.0,0.0,0.0
6.699999999999984,3.7499999999999947,6.749999999999984,6.702064327658225,3.3510321638291125,1.0,1,0.5,0.3,0.7,0.0,0.0,0.0
6.699999999999984,3.7499999999999947,6.749999999999984,6.702064327658225,3.3510321638291125,1.0,2,0.9,0.7,1.1,0.0,0.0,0.0
6.699999999999984,3.7499999999999947,6.749999999999984,6.702064327658225,3.3510321638291125,1.0,3,1.3,1.1,1.5,0.0,0.0,0.0
6.699999999999984,3.7499999999999947,6.749999999999984,6.702064327658225,3.3510321638291125,1.0,4,1.7000000000000002,1.5000000000000002,1.9000000000000001,0.0,0.0,0.0
6.699999999999984,3.7499999999999947,6.749999999999984,6.702064327658225,3.3510321638291125,1.0,5,2.1,1.9000000000000001,2.3000000000000003,0.0,0.0,0.0
6.699999999999984,3.7499999999999947,6.749999999999984,6.702064327658225,3.3510321638291125,1.0,6,2.5,2.3,2.7,0.0,0.0,0.0
7.099999999999983,3.7999999999999945,7.149999999999983,7.120943348136864,3.351032163829112,1.0,1,0.5,0.3,0.7,0.0,0.0,0.0
7.099999999999983,3.7999999999999945,7.149999999999983,7.120943348136864,3.351032163829112,1.0,2,0.9,0.7,1.1,0.0,0.0,0.0
7.099999999999983,3.7999999999999945,7.149999999999983,7.120943348136864,3.351032163829112,1.0,3,1.3,1.1,1.5,0.0,0.0,0.0
7.099999999999983,3.7999999999999945,7.149999999999983,7.120943348136864,3.351032163829112,1.0,4,1.7000000000000002,1.5000000000000002,1.9000000000000001,0.0,0.0,0.0
7.099999999999983,3.7999999999999945,7.149999999999983,7.120943348136864,3.351032163829112,1.0,5,2.1,1.9000000000000001,2.3000000000000003,0.0,0.0,0.0
7.099999999999983,3.7999999999999945,7.149999999999983,7.120943348136864,3.351032163829112,1.0,6,2.5,2.3,2.7,0.0,0.0,0.0
7.099999999999983,3.8499999999999943,7.149999999999983,7.120943348136864,3.351032163829112,1.0,1,0.5,0.3,0.7,0.0,0.0,0.0
7.099999999999983,3.8499999999999943,7.149999999999983,7.120943348136864,3.351032163829112,1.0,2,0.9,0.7,1.1,0.0,0.0,0.0
7.099999999999983,3.8499999999999943,7.149999999999983,7.120943348136864,3.351032163829112,1.0,3,1.3,1.1,1.5,0.0,0.0,0.0
7.099999999999983,3.8499999999999943,7.149999999999983,7.120943348136864,3.351032163829112,1.0,4,1.7000000000000002,1.5000000000000002,1.9000000000000001,0.0,0.0,0.0
7.099999999999983,3.8499999999999943,7.149999999999983,7.120943348136864,3.351032163829112,1.0,5,2.1,1.9000000000000001,2.3000000000000003,0.0,0.0,0.0
7.099999999999983,3.8499999999999943,7.149999999999983,7.120943348136864,3.351032163829112,1.0,6,2.5,2.3,2.7,0.0,0.0,0.0
7.099999999999983,3.899999999999994,7.149999999999983,7.120943348136864,3.351032163829112,1.0,1,0.5,0.3,0.7,0.0,0.0,0.0
7.099999999999983,3.899999999999994,7.149999999999983,7.120943348136864,3.351032163829112,1.0,2,0.9,0.7,1.1,0.0,0.0,0.0
7.099999999999983,3.899999999999994,7.149999999999983,7.120943348136864,3.351032163829112,1.0,3,1.3,1.1,1.5,0.0,0.0,0.0
7.099999999999983,3.899999999999994,7.149999999999983,7.120943348136864,3.351032163829112,1.0,4,1.7000000000000002,1.5000000000000002,1.9000000000000001,0.0,0.0,0.0
7.099999999999983,3.899999999999994,7.149999999999983,7.120943348136864,3.351032163829112,1.0,5,2.1,1.9000000000000001,2.3000000000000003,0.0,0.0,0.0
7.099999999999983,3.899999999999994,7.149999999999983,7.120943348136864,3.351032163829112,1.0,6,2.5,2.3,2.7,0.0,0.0,0.0
7.099999999999983,3.949999999999994,7.149999999999983,7.120943348136864,3.351032163829112,1.0,1,0.5,0.3,0.7,0.0,0.0,0.0
7.099999999999983,3.949999999999994,7.149999999999983,7.120943348136864,3.351032163829112,1.0,2,0.9,0.7,1.1,0.0,0.0,0.0
7.099999999999983,3.949999999999994,7.149999999999983,7.120943348136864,3.351032163829112,1.0,3,1.3,1.1,1.5,0.0,0.0,0.0
7.099999999999983,3.949999999999994,7.149999999999983,7.120943348136864,3.351032163829112,1.0,4,1.7000000000000002,1.5000000000000002,1.9000000000000001,0.0,0.0,0.0
7.099999999999983,3.949999999999994,7.149999999999983,7.120943348136864,3.351032163829112,1.0,5,2.1,1.9000000000000001,2.3000000000000003,0.0,0.0,0.0
7.099999999999983,3.949999999999994,7.149999999999983,7.120943348136864,3.351032163829112,1.0,6,2.5,2.3,2.7,0.0,0.0,0.0
7.099999999999983,3.999999999999994,7.149999999999983,7.120943348136864,3.351032163829112,1.0,1,0.5,0.3,0.7,0.0,0.0,0.0
7.099999999999983,3.999999999999994,7.149999999999983,7.120943348136864,3.351032163829112,1.0,2,0.9,0.7,1.1,0.0,0.0,0.0
7.099999999999983,3.999999999999994,7.149999999999983,7.120943348136864,3.351032163829112,1.0,3,1.3,1.1,1.5,0.0,0.0,0.0
7.099999999999983,3.999999999999994,7.149999999999983,7.120943348136864,3.351032163829112,1.0,4,1.7000000000000002,1.5000000000000002,1.9000000000000001,0.0,0.0,0.0
7.099999999999983,3.999999999999994,7.149999999999983,7.120943348136864,3.351032163829112,1.0,5,2.1,1.9000000000000001,2.3000000000000003,0.0,0.0,0.0
7.099999999999983,3.999999999999994,7.149999999999983,7.120943348136864,3.351032163829112,1.0,6,2.5,2.3,2.7,0.0,0.0,0.0
7.099999999999983,4.049999999999994,7.149999999999983,7.120943348136864,3.351032163829112,1.0,1,0.5,0.3,0.7,0.0,0.0,0.0
7.099999999999983,4.049999999999994,7.149999999999983,7.120943348136864,3.351032163829112,1.0,2,0.9,0.7,1.1,0.0,0.0,0.0
7.099999999999983,4.049999999999994,7.149999999999983,7.120943348136864,3.351032163829112,1.0,3,1.3,1.1,1.5,0.0,0.0,0.0
7.099999999999983,4.049999999999994,7.149999999999983,7.120943348136864,3.351032163829112,1.0,4,1.7000000000000002,1.5000000000000002,1.9000000000000001,0.0,0.0,0.0
7.099999999999983,4.049999999999994,7.149999999999983,7.120943348136864,3.351032163829112,1.0,5,2.1,1.9000000000000001,2.3000000000000003,0.0,0.0,0.0
7.099999999999983,4.049999999999994,7.149999999999983,7.120943348136864,3.351032163829112,1.0,6,2.5,2.3,2.7,0.0,0.0,0.0
7.099999999999983,4.099999999999993,7.149999999999983,7.120943348136864,3.351032163829112,1.0,1,0.5,0.3,0.7,0.0,0.0,0.0
7.099999999999983,4.099999999999993,7.149999999999983,7.120943348136864,3.351032163829112,1.0,2,0.9,0.7,1.1,0.0,0.0,0.0
7.099999999999983,4.099999999999993,7.149999999999983,7.120943348136864,3.351032163829112,1.0,3,1.3,1.1,1.5,0.0,0.0,0.0
7.099999999999983,4.099999999999993,7.149999999999983,7.120943348136864,3.351032163829112,1.0,4,1.7000000000000002,1.5000000000000002,1.9000000000000001,0.0,0.0,0.0
7.099999999999983,4.099999999999993,7.149999999999983,7.120943348136864,3.351032163829112,1.0,5,2.1,1.9000000000000001,2.3000000000000003,0.0,0.0,0.0
7.099999999999983,4.099999999999993,7.149999999999983,7.120943348136864,3.351032163829112,1.0,6,2.5,2.3,2.7,0.0,0.0,0.0
7.099999999999983,4.149999999999993,7.149999999999983,7.120943348136864,3.351032163829112,1.0,1,0.5,0.3,0.7,0.0,0.0,0.0
7.099999999999983,4.149999999999993,7.149999999999983,7.120943348136864,3.351032163829112,1.0,2,0.9,0.7,1.1,0.0,0.0,0.0
7.099999999999983,4.149999999999993,7.149999999999983,7.120943348136864,3.351032163829112,1.0,3,1.3,1.1,1.5,0.0,0.0,0.0
7.099999999999983,4.149999999999993,7.149999999999983,7.120943348136864,3.351032163829112,1.0,4,1.7000000000000002,1.5000000000000002,1.9000000000000001,0.0,0.0,0.0
7.099999999999983,4.149999999999993,7.149999999999983,7.120943348136864,3.351032163829112,1.0,5,2.1,1.9000000000000001,2.3000000000000003,0.0,0.0,0.0
7.099999999999983,4.149999999999993,7.149999999999983,7.120943348136864,3.351032163829112,1.0,6,2.5,2.3,2.7,0.0,0.0,0.0
7.499999999999981,4.199999999999993,7.549999999999981,7.5398223686155035,3.351032163829113,1.0,1,0.5,0.3,0.7,0.0,0.0,0.0
7.499999999999981,4.199999999999993,7.549999999999981,7.5398223686155035,3.351032163829113,1.0,2,0.9,0.7,1.1,0.0,0.0,0.0
7.499999999999981,4.199999999999993,7.549999999999981,7.5398223686155035,3.351032163829113,1.0,3,1.3,1.1,1.5,0.0,0.0,0.0
7.499999999999981,4.199999999999993,7.549999999999981,7.5398223686155035,3.351032163829113,1.0,4,1.7000000000000002,1.5000000000000002,1.9000000000000001,0.0,0.0,0.0
7.499999999999981,4.199999999999993,7.549999999999981,7.5398223686155035,3.351032163829113,1.0,5,2.1,1.9000000000000001,2.3000000000000003,0.0,0.0,0.0
7.499999999999981,4.199999999999993,7.549999999999981,7.5398223686155035,3.351032163829113,1.0,6,2.5,2.3,2.7,0.0,0.0,0.0
7.499999999999981,4.249999999999993,7.549999999999981,7.5398223686155035,3.351032163829113,1.0,1,0.5,0.3,0.7,0.0,0.0,0.0
7.499999999999981,4.249999999999993,7.549999999999981,7.5398223686155035,3.351032163829113,1.0,2,0.9,0.7,1.1,0.0,0.0,0.0
7.499999999999981,4.249999999999993,7.549999999999981,7.5398223686155035,3.351032163829113,1.0,3,1.3,1.1,1.5,0.0,0.0,0.0
7.499999999999981,4.249999999999993,7.549999999999981,7.5398223686155035,3.351032163829113,1.0,4,1.7000000000000002,1.5000000000000002,1.9000000000000001,0.0,0.0,0.0
7.499999999999981,4.249999999999993,7.549999999999981,7.5398223686155035,3.351032163829113,1.0,5,2.1,1.9000000000000001,2.3000000000000003,0.0,0.0,0.0
7.499999999999981,4.249999999999993,7.549999999999981,7.5398223686155035,3.351032163829113,1.0,6,2.5,2.3,2.7,0.0,0.0,0.0
7.499999999999981,4.299999999999993,7.549999999999981,7.5398223686155035,3.351032163829113,1.0,1,0.5,0.3,0.7,0.0,0.0,0.0
7.499999999999981,4.299999999999993,7.549999999999981,7.5398223686155035,3.351032163829113,1.0,2,0.9,0.7,1.1,0.0,0.0,0.0
7.499999999999981,4.299999999999993,7.549999999999981,7.5398223686155035,3.351032163829113,1.0,3,1.3,1.1,1.5,0.0,0.0,0.0
7.499999999999981,4.299999999999993,7.549999999999981,7.5398223686155035,3.351032163829113,1.0,4,1.7000000000000002,1.5000000000000002,1.9000000000000001,0.0,0.0,0.0
7.499999999999981,4.299999999999993,7.549999999999981,7.5398223686155035,3.351032163829113,1.0,5,2.1,1.9000000000000001,2.3000000000000003,0.0,0.0,0.0
7.499999999999981,4.299999999999993,7.549999999999981,7.5398223686155035,3.351032163829113,1.0,6,2.5,2.3,2.7,0.0,0.0,0.0
7.499999999999981,4.3499999999999925,7.549999999999981,7.5398223686155035,3.351032163829113,1.0,1,0.5,0.3,0.7,0.0,0.0,0.0
7.499999999999981,4.3499999999999925,7.549999999999981,7.5398223686155035,3.351032163829113,1.0,2,0.9,0.7,1.1,0.0,0.0,0.0
7.499999999999981,4.3499999999999925,7.549999999999981,7.5398223686155035,3.351032163829113,1.0,3,1.3,1.1,1.5,0.0,0.0,0.0
7.499999999999981,4.3499999999999925,7.549999999999981,7.5398223686155035,3.351032163829113,1.0,4,1.7000000000000002,1.5000000000000002,1.9000000000000001,0.0,0.0,0.0
7.499999999999981,4.3499999999999925,7.549999999999981,7.5398223686155035,3.351032163829113,1.0,5,2.1,1.9000000000000001,2.3000000000000003,0.0,0.0,0.0
7.499999999999981,4.3499999999999925,7.549999999999981,7.5398223686155035,3.351032163829113,1.0,6,2.5,2.3,2.7,0.0,0.0,0.0
7.499999999999981,4.399999999999992,7.549999999999981,7.5398223686155035,3.351032163829113,1.0,1,0.5,0.3,0.7,0.0,0.0,0.0
7.499999999999981,4.399999999999992,7.549999999999981,7.5398223686155035,3.351032163829113,1.0,2,0.9,0.7,1.1,0.0,0.0,0.0
7.499999999999981,4.399999999999992,7.549999999999981,7.5398223686155035,3.351032163829113,1.0,3,1.3,1.1,1.5,0.0,0.0,0.0
7.499999999999981,4.399999999999992,7.549999999999981,7.5398223686155035,3.351032163829113,1.0,4,1.7000000000000002,1.5000000000000002,1.9000000000000001,0.0,0.0,0.0
7.499999999999981,4.399999999999992,7.549999999999981,7.5398223686155035,3.351032163829113,1.0,5,2.1,1.9000000000000001,2.3000000000000003,0.0,0.0,0.0
7.499999999999981,4.399999999999992,7.549999999999981,7.5398223686155035,3.351032163829113,1.0,6,2.5,2.3,2.7,0.0,0.0,0.0
7.499999999999981,4.449999999999992,7.549999999999981,7.5398223686155035,3.351032163829113,1.0,1,0.5,0.3,0.7,0.0,0.0,0.0
7.499999999999981,4.449999999999992,7.549999999999981,7.5398223686155035,3.351032163829113,1.0,2,0.9,0.7,1.1,0.0,0.0,0.0
7.499999999999981,4.449999999999992,7.549999999999981,7.5398223686155035,3.351032163829113,1.0,3,1.3,1.1,1.5,0.0,0.0,0.0
7.499999999999981,4.449999999999992,7.549999999999981,7.5398223686155035,3.351032163829113,1.0,4,1.7000000000000002,1.5000000000000002,1.9000000000000001,0.0,0.0,0.0
7.499999999999981,4.449999999999992,7.549999999999981,7.5398223686155035,3.351032163829113,1.0,5,2.1,1.9000000000000001,2.3000000000000003,0.0,0.0,0.0
7.499999999999981,4.449999999999992,7.549999999999981,7.5398223686155035,3.351032163829113,1.0,6,2.5,2.3,2.7,0.0,0.0,0.0
7.499999999999981,4.499999999999992,7.549999999999981,7.5398223686155035,3.351032163829113,1.0,1,0.5,0.3,0.7,0.0,0.0,0.0
7.499999999999981,4.499999999999992,7.549999999999981,7.5398223686155035,3.351032163829113,1.0,2,0.9,0.7,1.1,0.0,0.0,0.0
7.499999999999981,4.499999999999992,7.549999999999981,7.5398223686155035,3.351032163829113,1.0,3,1.3,1.1,1.5,0.0,0.0,0.0
7.499999999999981,4.499999999999992,7.549999999999981,7.5398223686155035,3.351032163829113,1.0,4,1.7000000000000002,1.5000000000000002,1.9000000000000001,0.0,0.0,0.0
7.499999999999981,4.499999999999992,7.549999999999981,7.5398223686155035,3.351032163829113,1.0,5,2.1,1.9000000000000001,2.3000000000000003,0.0,0.0,0.0
7.499999999999981,4.499999999999992,7.549999999999981,7.5398223686155035,3.351032163829113,1.0,6,2.5,2.3,2.7,0.0,0.0,0.0
7.499999999999981,4.549999999999992,7.549999999999981,7.5398223686155035,3.351032163829113,1.0,1,0.5,0.3,0.7,0.0,0.0,0.0
7.499999999999981,4.549999999999992,7.549999999999981,7.5398223686155035,3.351032163829113,1.0,2,0.9,0.7,1.1,0.0,0.0,0.0
7.499999999999981,4.549999999999992,7.549999999999981,7.5398223686155035,3.351032163829113,1.0,3,1.3,1.1,1.5,0.0,0.0,0.0
7.499999999999981,4.549999999999992,7.549999999999981,7.5398223686155035,3.351032163829113,1.0,4,1.7000000000000002,1.5000000000000002,1.9000000000000001,0.0,0.0,0.0
7.499999999999981,4.549999999999992,7.549999999999981,7.5398223686155035,3.351032163829113,1.0,5,2.1,1.9000000000000001,2.3000000000000003,0.0,0.0,0.0
7.499999999999981,4.549999999999992,7.549999999999981,7.5398223686155035,3.351032163829113,1.0,6,2.5,2.3,2.7,0.0,0.0,0.0
7.499999999999981,4.599999999999992,7.549999999999981,7.5398223686155035,3.351032163829113,1.0,1,0.5,0.3,0.7,0.0,0.0,0.0
7.499999999999981,4.599999999999992,7.549999999999981,7.5398223686155035,3.351032163829113,1.0,2,0.9,0.7,1.1,0.0,0.0,0.0
7.499999999999981,4.599999999999992,7.549999999999981,7.5398223686155035,3.351032163829113,1.0,3,1.3,1.1,1.5,0.0,0.0,0.0
7.499999999999981,4.599999999999992,7.549999999999981,7.5398223686155035,3.351032163829113,1.0,4,1.7000000000000002,1.5000000000000002,1.9000000000000001,0.0,0.0,0.0
7.499999999999981,4.599999999999992,7.549999999999981,7.5398223686155035,3.351032163829113,1.0,5,2.1,1.9000000000000001,2.3000000000000003,0.0,0.0,0.0
7.499999999999981,4.599999999999992,7.549999999999981,7.5398223686155035,3.351032163829113,1.0,6,2.5,2.3,2.7,0.0,0.0,0.0
7.94999999999998,4.6499999999999915,7.99999999999998,7.958701389094142,3.351032163829113,1.0,1,0.5,0.3,0.7,0.0,0.0,0.0
7.94999999999998,4.6499999999999915,7.99999999999998,7.958701389094142,3.351032163829113,1.0,2,0.9,0.7,1.1,0.0,0.0,0.0
7.94999999999998,4.6499999999999915,7.99999999999998,7.958701389094142,3.351032163829113,1.0,3,1.3,1.1,1.5,0.0,0.0,0.0
7.94999999999998,4.6499999999999915,7.99999999999998,7.958701389094142,3.351032163829113,1.0,4,1.7000000000000002,1.5000000000000002,1.9000000000000001,0.0,0.0,0.0
7.94999999999998,4.6499999999999915,7.99999999999998,7.958701389094142,3.351032163829113,1.0,5,2.1,1.9000000000000001,2.3000000000000003,0.0,0.0,0.0
7.94999999999998,4.6499999999999915,7.99999999999998,7.958701389094142,3.351032163829113,1.0,6,2.5,2.3,2.7,0.0,0.0,0.0
7.94999999999998,4.699999999999991,7.99999999999998,7.958701389094142,3.351032163829113,1.0,1,0.5,0.3,0.7,0.0,0.0,0.0
7.94999999999998,4.699999999999991,7.99999999999998,7.958701389094142,3.351032163829113,1.0,2,0.9,0.7,1.1,0.0,0.0,0.0
7.94999999999998,4.699999999999991,7.99999999999998,7.958701389094142,3.351032163829113,1.0,3,1.3,1.1,1.5,0.0,0.0,0.0
7.94999999999998,4.699999999999991,7.99999999999998,7.958701389094142,3.351032163829113,1.0,4,1.7000000000000002,1.5000000000000002,1.9000000000000001,0.0,0.0,0.0
7.94999999999998,4.699999999999991,7.99999999999998,7.958701389094142,3.351032163829113,1.0,5,2.1,1.9000000000000001,2.3000000000000003,0.0,0.0,0.0
7.94999999999998,4.699999999999991,7.99999999999998,7.958701389094142,3.351032163829113,1.0,6,2.5,2.3,2.7,0.0,0.0,0.0
7.94999999999998,4.749999999999991,7.99999999999998,7.958701389094142,3.351032163829113,1.0,1,0.5,0.3,0.7,0.0,0.0,0.0
7.94999999999998,4.749999999999991,7.99999999999998,7.958701389094142,3.351032163829113,1.0,2,0.9,0.7,1.1,0.0,0.0,0.0
7.94999999999998,4.749999999999991,7.99999999999998,7.958701389094142,3.351032163829113,1.0,3,1.3,1.1,1.5,0.0,0.0,0.0
7.94999999999998,4.749999999999991,7.99999999999998,7.958701389094142,3.351032163829113,1.0,4,1.7000000000000002,1.5000000000000002,1.9000000000000001,0.0,0.0,0.0
7.94999999999998,4.749999999999991,7.99999999999998,7.958701389094142,3.351032163829113,1.0,5,2.1,1.9000000000000001,2.3000000000000003,0.0,0.0,0.0
7.94999999999998,4.749999999999991,7.99999999999998,7.958701389094142,3.351032163829113,1.0,6,2.5,2.3,2.7,0.0,0.0,0.0
7.94999999999998,4.799999999999991,7.99999999999998,7.958701389094142,3.351032163829113,1.0,1,0.5,0.3,0.7,0.0,0.0,0.0
7.94999999999998,4.799999999999991,7.99999999999998,7.958701389094142,3.351032163829113,1.0,2,0.9,0.7,1.1,0.0,0.0,0.0
7.94999999999998,4.799999999999991,7.99999999999998,7.958701389094142,3.351032163829113,1.0,3,1.3,1.1,1.5,0.0,0.0,0.0
7.94999999999998,4.799999999999991,7.99999999999998,7.958701389094142,3.351032163829113,1.0,4,1.7000000000000002,1.5000000000000002,1.9000000000000001,0.0,0.0,0.0
7.94999999999998,4.799999999999991,7.99999999999998,7.958701389094142,3.351032163829113,1.0,5,2.1,1.9000000000000001,2.3000000000000003,0.0,0.0,0.0
7.94999999999998,4.799999999999991,7.99999999999998,7.958701389094142,3.351032163829113,1.0,6,2.5,2.3,2.7,0.0,0.0,0.0
7.94999999999998,4.849999999999991,7.99999999999998,7.958701389094142,3.351032163829113,1.0,1,0.5,0.3,0.7,0.0,0.0,0.0
7.94999999999998,4.849999999999991,7.99999999999998,7.958701389094142,3.351032163829113,1.0,2,0.9,0.7,1.1,0.1111111111111111,0.056666666666666664,15.0
7.94999999999998,4.849999999999991,7.99999999999998,7.958701389094142,3.351032163829113,1.0,3,1.3,1.1,1.5,0.125,0.06375,15.0
7.94999999999998,4.849999999999991,7.99999999999998,7.958701389094142,3.351032163829113,1.0,4,1.7000000000000002,1.5000000000000002,1.9000000000000001,0.17777777777777778,0.09066666666666667,15.0
7.94999999999998,4.849999999999991,7.99999999999998,7.958701389094142,3.351032163829113,1.0,5,2.1,1.9000000000000001,2.3000000000000003,0.15217391304347827,0.07760869565217392,15.0
7.94999999999998,4.849999999999991,7.99999999999998,7.958701389094142,3.351032163829113,1.0,6,2.5,2.3,2.7,0.11627906976744186,0.05930232558139535,15.0
7.94999999999998,4.899999999999991,7.99999999999998,7.958701389094142,3.351032163829113,1.0,1,0.5,0.3,0.7,0.0,0.0,0.0
7.94999999999998,4.899999999999991,7.99999999999998,7.958701389094142,3.351032163829113,1.0,2,0.9,0.7,1.1,0.19444444444444445,0.09916666666666667,15.0
7.94999999999998,4.899999999999991,7.99999999999998,7.958701389094142,3.351032163829113,1.0,3,1.3,1.1,1.5,0.425,0.21675,27.09375
7.94999999999998,4.899999999999991,7.99999999999998,7.958701389094142,3.351032163829113,1.0,4,1.7000000000000002,1.5000000000000002,1.9000000000000001,0.37777777777777777,0.19266666666666665,24.083333333333332
7.94999999999998,4.899999999999991,7.99999999999998,7.958701389094142,3.351032163829113,1.0,5,2.1,1.9000000000000001,2.3000000000000003,0.2826086956521739,0.14413043478260867,18.016304347826082
7.94999999999998,4.899999999999991,7.99999999999998,7.958701389094142,3.351032163829113,1.0,6,2.5,2.3,2.7,0.13953488372093023,0.07116279069767442,15.0
7.94999999999998,4.94999999999999,7.99999999999998,7.958701389094142,3.351032163829113,1.0,1,0.5,0.3,0.7,0.0,0.0,0.0
7.94999999999998,4.94999999999999,7.99999999999998,7.958701389094142,3.351032163829113,1.0,2,0.9,0.7,1.1,0.2222222222222222,0.11333333333333333,15.0
7.94999999999998,4.94999999999999,7.99999999999998,7.958701389094142,3.351032163829113,1.0,3,1.3,1.1,1.5,0.475,0.24225,30.281249999999996
7.94999999999998,4.94999999999999,7.99999999999998,7.958701389094142,3.351032163829113,1.0,4,1.7000000000000002,1.5000000000000002,1.9000000000000001,0.5777777777777777,0.29466666666666663,36.83333333333332
7.94999999999998,4.94999999999999,7.99999999999998,7.958701389094142,3.351032163829113,1.0,5,2.1,1.9000000000000001,2.3000000000000003,0.391304347826087,0.19956521739130437,24.945652173913047
7.94999999999998,4.94999999999999,7.99999999999998,7.958701389094142,3.351032163829113,1.0,6,2.5,2.3,2.7,0.18604651162790697,0.09488372093023256,15.0
7.94999999999998,4.99999999999999,7.99999999999998,7.958701389094142,3.351032163829113,1.0,1,0.5,0.3,0.7,0.0,0.0,0.0
7.94999999999998,4.99999999999999,7.99999999999998,7.958701389094142,3.351032163829113,1.0,2,0.9,0.7,1.1,0.1388888888888889,0.07083333333333333,15.0
7.94999999999998,4.99999999999999,7.99999999999998,7.958701389094142,3.351032163829113,1.0,3,1.3,1.1,1.5,0.5,0.255,31.875
7.94999999999998,4.99999999999999,7.99999999999998,7.958701389094142,3.351032163829113,1.0,4,1.7000000000000002,1.5000000000000002,1.9000000000000001,0.5777777777777777,0.29466666666666663,36.83333333333332
7.94999999999998,4.99999999999999,7.99999999999998,7.958701389094142,3.351032163829113,1.0,5,2.1,1.9000000000000001,2.3000000000000003,0.41304347826086957,0.21065217391304347,26.331521739130434
7.94999999999998,4.99999999999999,7.99999999999998,7.958701389094142,3.351032163829113,1.0,6,2.5,2.3,2.7,0.13953488372093023,0.07116279069767442,15.0
8.349999999999984,5.04999999999999,8.399999999999984,8.377580409572781,3.351032163829112,1.0,1,0.5,0.3,0.7,0.0,0.0,0.0
8.349999999999984,5.04999999999999,8.399999999999984,8.377580409572781,3.351032163829112,1.0,2,0.9,0.7,1.1,0.19444444444444445,0.09916666666666667,15.0
8.349999999999984,5.04999999999999,8.399999999999984,8.377580409572781,3.351032163829112,1.0,3,1.3,1.1,1.5,0.45,0.2295,28.687499999999996
8.349999999999984,5.04999999999999,8.399999999999984,8.377580409572781,3.351032163829112,1.0,4,1.7000000000000002,1.5000000000000002,1.9000000000000001,0.4888888888888889,0.24933333333333332,31.166666666666664
8.349999999999984,5.04999999999999,8.399999999999984,8.377580409572781,3.351032163829112,1.0,5,2.1,1.9000000000000001,2.3000000000000003,0.43478260869565216,0.2217391304347826,27.717391304347824
8.349999999999984,5.04999999999999,8.399999999999984,8.377580409572781,3.351032163829112,1.0,6,2.5,2.3,2.7,0.13953488372093023,0.07116279069767442,15.0
8.349999999999984,5.09999999999999,8.399999999999984,8.377580409572781,3.351032163829112,1.0,1,0.5,0.3,0.7,0.0,0.0,0.0
8.349999999999984,5.09999999999999,8.399999999999984,8.377580409572781,3.351032163829112,1.0,2,0.9,0.7,1.1,0.1111111111111111,0.056666666666666664,15.0
8.349999999999984,5.09999999999999,8.399999999999984,8.377580409572781,3.351032163829112,1.0,3,1.3,1.1,1.5,0.325,0.16575,20.718749999999996
8.349999999999984,5.09999999999999,8.399999999999984,8.377580409572781,3.351032163829112,1.0,4,1.7000000000000002,1.5000000000000002,1.9000000000000001,0.2222222222222222,0.11333333333333333,15.0
8.349999999999984,5.09999999999999,8.399999999999984,8.377580409572781,3.351032163829112,1.0,5,2.1,1.9000000000000001,2.3000000000000003,0.30434782608695654,0.15521739130434783,19.402173913043477
8.349999999999984,5.09999999999999,8.399999999999984,8.377580409572781,3.351032163829112,1.0,6,2.5,2.3,2.7,0.06976744186046512,0.03558139534883721,15.0
8.349999999999984,5.14999999999999,8.399999999999984,8.377580409572781,3.351032163829112,1.0,1,0.5,0.3,0.7,0.0,0.0,0.0
8.349999999999984,5.14999999999999,8.399999999999984,8.377580409572781,3.351032163829112,1.0,2,0.9,0.7,1.1,0.0,0.0,0.0
8.349999999999984,5.14999999999999,8.399999999999984,8.377580409572781,3.351032163829112,1.0,3,1.3,1.1,1.5,0.125,0.06375,15.0
8.349999999999984,5.14999999999999,8.399999999999984,8.377580409572781,3.351032163829112,1.0,4,1.7000000000000002,1.5000000000000002,1.9000000000000001,0.08888888888888889,0.04533333333333334,15.0
8.349999999999984,5.14999999999999,8.399999999999984,8.377580409572781,3.351032163829112,1.0,5,2.1,1.9000000000000001,2.3000000000000003,0.10869565217391304,0.05543478260869565,15.0
8.349999999999984,5.14999999999999,8.399999999999984,8.377580409572781,3.351032163829112,1.0,6,2.5,2.3,2.7,0.046511627906976744,0.02372093023255814,15.0
8.349999999999984,5.1999999999999895,8.399999999999984,8.377580409572781,3.351032163829112,1.0,1,0.5,0.3,0.7,0.0,0.0,0.0
8.349999999999984,5.1999999999999895,8.399999999999984,8.377580409572781,3.351032163829112,1.0,2,0.9,0.7,1.1,0.0,0.0,0.0
8.349999999999984,5.1999999999999895,8.399999999999984,8.377580409572781,3.351032163829112,1.0,3,1.3,1.1,1.5,0.0,0.0,0.0
8.349999999999984,5.1999999999999895,8.399999999999984,8.377580409572781,3.351032163829112,1.0,4,1.7000000000000002,1.5000000000000002,1.9000000000000001,0.0,0.0,0.0
8.349999999999984,5.1999999999999895,8.399999999999984,8.377580409572781,3.351032163829112,1.0,5,2.1,1.9000000000000001,2.3000000000000003,0.0,0.0,0.0
8.349999999999984,5.1999999999999895,8.399999999999984,8.377580409572781,3.351032163829112,1.0,6,2.5,2.3,2.7,0.0,0.0,0.0
8.349999999999984,5.249999999999989,8.399999999999984,8.377580409572781,3.351032163829112,1.0,1,0.5,0.3,0.7,0.0,0.0,0.0
8.349999999999984,5.249999999999989,8.399999999999984,8.377580409572781,3.351032163829112,1.0,2,0.9,0.7,1.1,0.0,0.0,0.0
8.349999999999984,5.249999999999989,8.399999999999984,8.377580409572781,3.351032163829112,1.0,3,1.3,1.1,1.5,0.0,0.0,0.0
8.349999999999984,5.249999999999989,8.399999999999984,8.377580409572781,3.351032163829112,1.0,4,1.7000000000000002,1.5000000000000002,1.9000000000000001,0.0,0.0,0.0
8.349999999999984,5.249999999999989,8.399999999999984,8.377580409572781,3.351032163829112,1.0,5,2.1,1.9000000000000001,2.3000000000000003,0.0,0.0,0.0
8.349999999999984,5.249999999999989,8.399999999999984,8.377580409572781,3.351032163829112,1.0,6,2.5,2.3,2.7,0.0,0.0,0.0
8.349999999999984,5.299999999999989,8.399999999999984,8.377580409572781,3.351032163829112,1.0,1,0.5,0.3,0.7,0.0,0.0,0.0
8.349999999999984,5.299999999999989,8.399999999999984,8.377580409572781,3.351032163829112,1.0,2,0.9,0.7,1.1,0.0,0.0,0.0
8.349999999999984,5.299999999999989,8.399999999999984,8.377580409572781,3.351032163829112,1.0,3,1.3,1.1,1.5,0.0,0.0,0.0
8.349999999999984,5.299999999999989,8.399999999999984,8.377580409572781,3.351032163829112,1.0,4,1.7000000000000002,1.5000000000000002,1.9000000000000001,0.0,0.0,0.0
8.349999999999984,5.299999999999989,8.399999999999984,8.377580409572781,3.351032163829112,1.0,5,2.1,1.9000000000000001,2.3000000000000003,0.0,0.0,0.0
8.349999999999984,5.299999999999989,8.399999999999984,8.377580409572781,3.351032163829112,1.0,6,2.5,2.3,2.7,0.0,0.0,0.0
8.349999999999984,5.349999999999989,8.399999999999984,8.377580409572781,3.351032163829112,1.0,1,0.5,0.3,0.7,0.0,0.0,0.0
8.349999999999984,5.349999999999989,8.399999999999984,8.377580409572781,3.351032163829112,1.0,2,0.9,0.7,1.1,0.0,0.0,0.0
8.349999999999984,5.349999999999989,8.399999999999984,8.377580409572781,3.351032163829112,1.0,3,1.3,1.1,1.5,0.0,0.0,0.0
8.349999999999984,5.349999999999989,8.399999999999984,8.377580409572781,3.351032163829112,1.0,4,1.7000000000000002,1.5000000000000002,1.9000000000000001,0.0,0.0,0.0
8.349999999999984,5.349999999999989,8.399999999999984,8.377580409572781,3.351032163829112,1.0,5,2.1,1.9000000000000001,2.3000000000000003,0.0,0.0,0.0
8.349999999999984,5.349999999999989,8.399999999999984,8.377580409572781,3.351032163829112,1.0,6,2.5,2.3,2.7,0.0,0.0,0.0
8.349999999999984,5.399999999999989,8.399999999999984,8.377580409572781,3.351032163829112,1.0,1,0.5,0.3,0.7,0.0,0.0,0.0
8.349999999999984,5.399999999999989,8.399999999999984,8.377580409572781,3.351032163829112,1.0,2,0.9,0.7,1.1,0.0,0.0,0.0
8.349999999999984,5.399999999999989,8.399999999999984,8.377580409572781,3.351032163829112,1.0,3,1.3,1.1,1.5,0.0,0.0,0.0
8.349999999999984,5.399999999999989,8.399999999999984,8.377580409572781,3.351032163829112,1.0,4,1.7000000000000002,1.5000000000000002,1.9000000000000001,0.0,0.0,0.0
8.349999999999984,5.399999999999989,8.399999999999984,8.377580409572781,3.351032163829112,1.0,5,2.1,1.9000000000000001,2.3000000000000003,0.0,0.0,0.0
8.349999999999984,5.399999999999989,8.399999999999984,8.377580409572781,3.351032163829112,1.0,6,2.5,2.3,2.7,0.0,0.0,0.0
8.74999999999999,5.449999999999989,8.79999999999999,8.79645943005142,3.351032163829113,1.0,1,0.5,0.3,0.7,0.0,0.0,0.0
8.74999999999999,5.449999999999989,8.79999999999999,8.79645943005142,3.351032163829113,1.0,2,0.9,0.7,1.1,0.0,0.0,0.0
8.74999999999999,5.449999999999989,8.79999999999999,8.79645943005142,3.351032163829113,1.0,3,1.3,1.1,1.5,0.0,0.0,0.0
8.74999999999999,5.449999999999989,8.79999999999999,8.79645943005142,3.351032163829113,1.0,4,1.7000000000000002,1.5000000000000002,1.9000000000000001,0.0,0.0,0.0
8.74999999999999,5.449999999999989,8.79999999999999,8.79645943005142,3.351032163829113,1.0,5,2.1,1.9000000000000001,2.3000000000000003,0.0,0.0,0.0
8.74999999999999,5.449999999999989,8.79999999999999,8.79645943005142,3.351032163829113,1.0,6,2.5,2.3,2.7,0.0,0.0,0.0
8.74999999999999,5.4999999999999885,8.79999999999999,8.79645943005142,3.351032163829113,1.0,1,0.5,0.3,0.7,0.0,0.0,0.0
8.74999999999999,5.4999999999999885,8.79999999999999,8.79645943005142,3.351032163829113,1.0,2,0.9,0.7,1.1,0.0,0.0,0.0
8.74999999999999,5.4999999999999885,8.79999999999999,8.79645943005142,3.351032163829113,1.0,3,1.3,1.1,1.5,0.0,0.0,0.0
8.74999999999999,5.4999999999999885,8.79999999999999,8.79645943005142,3.351032163829113,1.0,4,1.7000000000000002,1.5000000000000002,1.9000000000000001,0.0,0.0,0.0
8.74999999999999,5.4999999999999885,8.79999999999999,8.79645943005142,3.351032163829113,1.0,5,2.1,1.9000000000000001,2.3000000000000003,0.0,0.0,0.0
8.74999999999999,5.4999999999999885,8.79999999999999,8.79645943005142,3.351032163829113,1.0,6,2.5,2.3,2.7,0.0,0.0,0.0
8.74999999999999,5.549999999999988,8.79999999999999,8.79645943005142,3.351032163829113,1.0,1,0.5,0.3,0.7,0.0,0.0,0.0
8.74999999999999,5.549999999999988,8.79999999999999,8.79645943005142,3.351032163829113,1.0,2,0.9,0.7,1.1,0.0,0.0,0.0
8.74999999999999,5.549999999999988,8.79999999999999,8.79645943005142,3.351032163829113,1.0,3,1.3,1.1,1.5,0.0,0.0,0.0
8.74999999999999,5.549999999999988,8.79999999999999,8.79645943005142,3.351032163829113,1.0,4,1.7000000000000002,1.5000000000000002,1.9000000000000001,0.0,0.0,0.0
8.74999999999999,5.549999999999988,8.79999999999999,8.79645943005142,3.351032163829113,1.0,5,2.1,1.9000000000000001,2.3000000000000003,0.0,0.0,0.0
8.74999999999999,5.549999999999988,8.79999999999999,8.79645943005142,3.351032163829113,1.0,6,2.5,2.3,2.7,0.0,0.0,0.0
8.74999999999999,5.599999999999988,8.79999999999999,8.79645943005142,3.351032163829113,1.0,1,0.5,0.3,0.7,0.0,0.0,0.0
8.74999999999999,5.599999999999988,8.79999999999999,8.79645943005142,3.351032163829113,1.0,2,0.9,0.7,1.1,0.0,0.0,0.0
8.74999999999999,5.599999999999988,8.79999999999999,8.79645943005142,3.351032163829113,1.0,3,1.3,1.1,1.5,0.0,0.0,0.0
8.74999999999999,5.599999999999988,8.79999999999999,8.79645943005142,3.351032163829113,1.0,4,1.7000000000000002,1.5000000000000002,1.9000000000000001,0.0,0.0,0.0
8.74999999999999,5.599999999999988,8.79999999999999,8.79645943005142,3.351032163829113,1.0,5,2.1,1.9000000000000001,2.3000000000000003,0.0,0.0,0.0
8.74999999999999,5.599999999999988,8.79999999999999,8.79645943005142,3.351032163829113,1.0,6,2.5,2.3,2.7,0.0,0.0,0.0
8.74999999999999,5.649999999999988,8.79999999999999,8.79645943005142,3.351032163829113,1.0,1,0.5,0.3,0.7,0.0,0.0,0.0
8.74999999999999,5.649999999999988,8.79999999999999,8.79645943005142,3.351032163829113,1.0,2,0.9,0.7,1.1,0.0,0.0,0.0
8.74999999999999,5.649999999999988,8.79999999999999,8.79645943005142,3.351032163829113,1.0,3,1.3,1.1,1.5,0.0,0.0,0.0
8.74999999999999,5.649999999999988,8.79999999999999,8.79645943005142,3.351032163829113,1.0,4,1.7000000000000002,1.5000000000000002,1.9000000000000001,0.0,0.0,0.0
8.74999999999999,5.649999999999988,8.79999999999999,8.79645943005142,3.351032163829113,1.0,5,2.1,1.9000000000000001,2.3000000000000003,0.0,0.0,0.0
8.74999999999999,5.649999999999988,8.79999999999999,8.79645943005142,3.351032163829113,1.0,6,2.5,2.3,2.7,0.0,0.0,0.0
8.74999999999999,5.699999999999988,8.79999999999999,8.79645943005142,3.351032163829113,1.0,1,0.5,0.3,0.7,0.0,0.0,0.0
8.74999999999999,5.699999999999988,8.79999999999999,8.79645943005142,3.351032163829113,1.0,2,0.9,0.7,1.1,0.0,0.0,0.0
8.74999999999999,5.699999999999988,8.79999999999999,8.79645943005142,3.351032163829113,1.0,3,1.3,1.1,1.5,0.0,0.0,0.0
8.74999999999999,5.699999999999988,8.79999999999999,8.79645943005142,3.351032163829113,1.0,4,1.7000000000000002,1.5000000000000002,1.9000000000000001,0.0,0.0,0.0
8.74999999999999,5.699999999999988,8.79999999999999,8.79645943005142,3.351032163829113,1.0,5,2.1,1.9000000000000001,2.3000000000000003,0.0,0.0,0.0
8.74999999999999,5.699999999999988,8.79999999999999,8.79645943005142,3.351032163829113,1.0,6,2.5,2.3,2.7,0.0,0.0,0.0
8.74999999999999,5.749999999999988,8.79999999999999,8.79645943005142,3.351032163829113,1.0,1,0.5,0.3,0.7,0.0,0.0,0.0
8.74999999999999,5.749999999999988,8.79999999999999,8.79645943005142,3.351032163829113,1.0,2,0.9,0.7,1.1,0.0,0.0,0.0
8.74999999999999,5.749999999999988,8.79999999999999,8.79645943005142,3.351032163829113,1.0,3,1.3,1.1,1.5,0.0,0.0,0.0
8.74999999999999,5.749999999999988,8.79999999999999,8.79645943005142,3.351032163829113,1.0,4,1.7000000000000002,1.5000000000000002,1.9000000000000001,0.0,0.0,0.0
8.74999999999999,5.749999999999988,8.79999999999999,8.79645943005142,3.351032163829113,1.0,5,2.1,1.9000000000000001,2.3000000000000003,0.0,0.0,0.0
8.74999999999999,5.749999999999988,8.79999999999999,8.79645943005142,3.351032163829113,1.0,6,2.5,2.3,2.7,0.0,0.0,0.0
8.74999999999999,5.799999999999987,8.79999999999999,8.79645943005142,3.351032163829113,1.0,1,0.5,0.3,0.7,0.0,0.0,0.0
8.74999999999999,5.799999999999987,8.79999999999999,8.79645943005142,3.351032163829113,1.0,2,0.9,0.7,1.1,0.0,0.0,0.0
8.74999999999999,5.799999999999987,8.79999999999999,8.79645943005142,3.351032163829113,1.0,3,1.3,1.1,1.5,0.0,0.0,0.0
8.74999999999999,5.799999999999987,8.79999999999999,8.79645943005142,3.351032163829113,1.0,4,1.7000000000000002,1.5000000000000002,1.9000000000000001,0.0,0.0,0.0
8.74999999999999,5.799999999999987,8.79999999999999,8.79645943005142,3.351032163829113,1.0,5,2.1,1.9000000000000001,2.3000000000000003,0.0,0.0,0.0
8.74999999999999,5.799999999999987,8.79999999999999,8.79645943005142,3.351032163829113,1.0,6,2.5,2.3,2.7,0.0,0.0,0.0
8.74999999999999,5.849999999999987,8.79999999999999,8.79645943005142,3.351032163829113,1.0,1,0.5,0.3,0.7,0.0,0.0,0.0
8.74999999999999,5.849999999999987,8.79999999999999,8.79645943005142,3.351032163829113,1.0,2,0.9,0.7,1.1,0.0,0.0,0.0
8.74999999999999,5.849999999999987,8.79999999999999,8.79645943005142,3.351032163829113,1.0,3,1.3,1.1,1.5,0.0,0.0,0.0
8.74999999999999,5.849999999999987,8.79999999999999,8.79645943005142,3.351032163829113,1.0,4,1.7000000000000002,1.5000000000000002,1.9000000000000001,0.0,0.0,0.0
8.74999999999999,5.849999999999987,8.79999999999999,8.79645943005142,3.351032163829113,1.0,5,2.1,1.9000000000000001,2.3000000000000003,0.0,0.0,0.0
8.74999999999999,5.849999999999987,8.79999999999999,8.79645943005142,3.351032163829113,1.0,6,2.5,2.3,2.7,0.0,0.0,0.0
9.199999999999996,5.899999999999987,9.249999999999996,9.215338450530059,3.351032163829112,1.0,1,0.5,0.3,0.7,0.0,0.0,0.0
9.199999999999996,5.899999999999987,9.249999999999996,9.215338450530059,3.351032163829112,1.0,2,0.9,0.7,1.1,0.0,0.0,0.0
9.199999999999996,5.899999999999987,9.249999999999996,9.215338450530059,3.351032163829112,1.0,3,1.3,1.1,1.5,0.0,0.0,0.0
9.199999999999996,5.899999999999987,9.249999999999996,9.215338450530059,3.351032163829112,1.0,4,1.7000000000000002,1.5000000000000002,1.9000000000000001,0.0,0.0,0.0
9.199999999999996,5.899999999999987,9.249999999999996,9.215338450530059,3.351032163829112,1.0,5,2.1,1.9000000000000001,2.3000000000000003,0.0,0.0,0.0
9.199999999999996,5.899999999999987,9.249999999999996,9.215338450530059,3.351032163829112,1.0,6,2.5,2.3,2.7,0.0,0.0,0.0
9.199999999999996,5.949999999999987,9.249999999999996,9.215338450530059,3.351032163829112,1.0,1,0.5,0.3,0.7,0.0,0.0,0.0
9.199999999999996,5.949999999999987,9.249999999999996,9.215338450530059,3.351032163829112,1.0,2,0.9,0.7,1.1,0.0,0.0,0.0
9.199999999999996,5.949999999999987,9.249999999999996,9.215338450530059,3.351032163829112,1.0,3,1.3,1.1,1.5,0.0,0.0,0.0
9.199999999999996,5.949999999999987,9.249999999999996,9.215338450530059,3.351032163829112,1.0,4,1.7000000000000002,1.5000000000000002,1.9000000000000001,0.0,0.0,0.0
9.199999999999996,5.949999999999987,9.249999999999996,9.215338450530059,3.351032163829112,1.0,5,2.1,1.9000000000000001,2.3000000000000003,0.0,0.0,0.0
9.199999999999996,5.949999999999987,9.249999999999996,9.215338450530059,3.351032163829112,1.0,6,2.5,2.3,2.7,0.0,0.0,0.0
9.199999999999996,5.999999999999987,9.249999999999996,9.215338450530059,3.351032163829112,1.0,1,0.5,0.3,0.7,0.0,0.0,0.0
9.199999999999996,5.999999999999987,9.249999999999996,9.215338450530059,3.351032163829112,1.0,2,0.9,0.7,1.1,0.0,0.0,0.0
9.199999999999996,5.999999999999987,9.249999999999996,9.215338450530059,3.351032163829112,1.0,3,1.3,1.1,1.5,0.0,0.0,0.0
9.199999999999996,5.999999999999987,9.249999999999996,9.215338450530059,3.351032163829112,1.0,4,1.7000000000000002,1.5000000000000002,1.9000000000000001,0.0,0.0,0.0
9.199999999999996,5.999999999999987,9.249999999999996,9.215338450530059,3.351032163829112,1.0,5,2.1,1.9000000000000001,2.3000000000000003,0.0,0.0,0.0
9.199999999999996,5.999999999999987,9.249999999999996,9.215338450530059,3.351032163829112,1.0,6,2.5,2.3,2.7,0.0,0.0,0.0
9.199999999999996,6.0499999999999865,9.249999999999996,9.215338450530059,3.351032163829112,1.0,1,0.5,0.3,0.7,0.0,0.0,0.0
9.199999999999996,6.0499999999999865,9.249999999999996,9.215338450530059,3.351032163829112,1.0,2,0.9,0.7,1.1,0.0,0.0,0.0
9.199999999999996,6.0499999999999865,9.249999999999996,9.215338450530059,3.351032163829112,1.0,3,1.3,1.1,1.5,0.0,0.0,0.0
9.199999999999996,6.0499999999999865,9.249999999999996,9.215338450530059,3.351032163829112,1.0,4,1.7000000000000002,1.5000000000000002,1.9000000000000001,0.0,0.0,0.0
9.199999999999996,6.0499999999999865,9.249999999999996,9.215338450530059,3.351032163829112,1.0,5,2.1,1.9000000000000001,2.3000000000000003,0.0,0.0,0.0
9.199999999999996,6.0499999999999865,9.249999999999996,9.215338450530059,3.351032163829112,1.0,6,2.5,2.3,2.7,0.0,0.0,0.0
9.199999999999996,6.099999999999986,9.249999999999996,9.215338450530059,3.351032163829112,1.0,1,0.5,0.3,0.7,0.0,0.0,0.0
9.199999999999996,6.099999999999986,9.249999999999996,9.215338450530059,3.351032163829112,1.0,2,0.9,0.7,1.1,0.0,0.0,0.0
9.199999999999996,6.099999999999986,9.249999999999996,9.215338450530059,3.351032163829112,1.0,3,1.3,1.1,1.5,0.0,0.0,0.0
9.199999999999996,6.099999999999986,9.249999999999996,9.215338450530059,3.351032163829112,1.0,4,1.7000000000000002,1.5000000000000002,1.9000000000000001,0.0,0.0,0.0
9.199999999999996,6.099999999999986,9.249999999999996,9.215338450530059,3.351032163829112,1.0,5,2.1,1.9000000000000001,2.3000000000000003,0.0,0.0,0.0
9.199999999999996,6.099999999999986,9.249999999999996,9.215338450530059,3.351032163829112,1.0,6,2.5,2.3,2.7,0.0,0.0,0.0
9.199999999999996,6.149999999999986,9.249999999999996,9.215338450530059,3.351032163829112,1.0,1,0.5,0.3,0.7,0.0,0.0,0.0
9.199999999999996,6.149999999999986,9.249999999999996,9.215338450530059,3.351032163829112,1.0,2,0.9,0.7,1.1,0.0,0.0,0.0
9.199999999999996,6.149999999999986,9.249999999999996,9.215338450530059,3.351032163829112,1.0,3,1.3,1.1,1.5,0.0,0.0,0.0
9.199999999999996,6.149999999999986,9.249999999999996,9.215338450530059,3.351032163829112,1.0,4,1.7000000000000002,1.5000000000000002,1.9000000000000001,0.0,0.0,0.0
9.199999999999996,6.149999999999986,9.249999999999996,9.215338450530059,3.351032163829112,1.0,5,2.1,1.9000000000000001,2.3000000000000003,0.0,0.0,0.0
9.199999999999996,6.149999999999986,9.249999999999996,9.215338450530059,3.351032163829112,1.0,6,2.5,2.3,2.7,0.0,0.0,0.0
9.199999999999996,6.199999999999986,9.249999999999996,9.215338450530059,3.351032163829112,1.0,1,0.5,0.3,0.7,0.0,0.0,0.0
9.199999999999996,6.199999999999986,9.249999999999996,9.215338450530059,3.351032163829112,1.0,2,0.9,0.7,1.1,0.0,0.0,0.0
9.199999999999996,6.199999999999986,9.249999999999996,9.215338450530059,3.351032163829112,1.0,3,1.3,1.1,1.5,0.0,0.0,0.0
9.199999999999996,6.199999999999986,9.249999999999996,9.215338450530059,3.351032163829112,1.0,4,1.7000000000000002,1.5000000000000002,1.9000000000000001,0.0,0.0,0.0
9.199999999999996,6.199999999999986,9.249999999999996,9.215338450530059,3.351032163829112,1.0,5,2.1,1.9000000000000001,2.3000000000000003,0.0,0.0,0.0
9.199999999999996,6.199999999999986,9.249999999999996,9.215338450530059,3.351032163829112,1.0,6,2.5,2.3,2.7,0.0,0.0,0.0
9.199999999999996,6.249999999999986,9.249999999999996,9.215338450530059,3.351032163829112,1.0,1,0.5,0.3,0.7,0.0,0.0,0.0
9.199999999999996,6.249999999999986,9.249999999999996,9.215338450530059,3.351032163829112,1.0,2,0.9,0.7,1.1,0.0,0.0,0.0
9.199999999999996,6.249999999999986,9.249999999999996,9.215338450530059,3.351032163829112,1.0,3,1.3,1.1,1.5,0.0,0.0,0.0
9.199999999999996,6.249999999999986,9.249999999999996,9.215338450530059,3.351032163829112,1.0,4,1.7000000000000002,1.5000000000000002,1.9000000000000001,0.0,0.0,0.0
9.199999999999996,6.249999999999986,9.249999999999996,9.215338450530059,3.351032163829112,1.0,5,2.1,1.9000000000000001,2.3000000000000003,0.0,0.0,0.0
9.199999999999996,6.249999999999986,9.249999999999996,9.215338450530059,3.351032163829112,1.0,6,2.5,2.3,2.7,0.0,0.0,0.0
9.600000000000001,6.299999999999986,9.650000000000002,9.634217471008698,3.351032163829112,1.0,1,0.5,0.3,0.7,0.0,0.0,0.0
9.600000000000001,6.299999999999986,9.650000000000002,9.634217471008698,3.351032163829112,1.0,2,0.9,0.7,1.1,0.0,0.0,0.0
9.600000000000001,6.299999999999986,9.650000000000002,9.634217471008698,3.351032163829112,1.0,3,1.3,1.1,1.5,0.0,0.0,0.0
9.600000000000001,6.299999999999986,9.650000000000002,9.634217471008698,3.351032163829112,1.0,4,1.7000000000000002,1.5000000000000002,1.9000000000000001,0.0,0.0,0.0
9.600000000000001,6.299999999999986,9.650000000000002,9.634217471008698,3.351032163829112,1.0,5,2.1,1.9000000000000001,2.3000000000000003,0.0,0.0,0.0
9.600000000000001,6.299999999999986,9.650000000000002,9.634217471008698,3.351032163829112,1.0,6,2.5,2.3,2.7,0.0,0.0,0.0
9.600000000000001,6.349999999999985,9.650000000000002,9.634217471008698,3.351032163829112,1.0,1,0.5,0.3,0.7,0.0,0.0,0.0
9.600000000000001,6.349999999999985,9.650000000000002,9.634217471008698,3.351032163829112,1.0,2,0.9,0.7,1.1,0.0,0.0,0.0
9.600000000000001,6.349999999999985,9.650000000000002,9.634217471008698,3.351032163829112,1.0,3,1.3,1.1,1.5,0.0,0.0,0.0
9.600000000000001,6.349999999999985,9.650000000000002,9.634217471008698,3.351032163829112,1.0,4,1.7000000000000002,1.5000000000000002,1.9000000000000001,0.0,0.0,0.0
9.600000000000001,6.349999999999985,9.650000000000002,9.634217471008698,3.351032163829112,1.0,5,2.1,1.9000000000000001,2.3000000000000003,0.0,0.0,0.0
9.600000000000001,6.349999999999985,9.650000000000002,9.634217471008698,3.351032163829112,1.0,6,2.5,2.3,2.7,0.0,0.0,0.0
9.600000000000001,6.399999999999985,9.650000000000002,9.634217471008698,3.351032163829112,1.0,1,0.5,0.3,0.7,0.0,0.0,0.0
9.600000000000001,6.399999999999985,9.650000000000002,9.634217471008698,3.351032163829112,1.0,2,0.9,0.7,1.1,0.0,0.0,0.0
9.600000000000001,6.399999999999985,9.650000000000002,9.634217471008698,3.351032163829112,1.0,3,1.3,1.1,1.5,0.0,0.0,0.0
9.600000000000001,6.399999999999985,9.650000000000002,9.634217471008698,3.351032163829112,1.0,4,1.7000000000000002,1.5000000000000002,1.9000000000000001,0.0,0.0,0.0
9.600000000000001,6.399999999999985,9.650000000000002,9.634217471008698,3.351032163829112,1.0,5,2.1,1.9000000000000001,2.3000000000000003,0.0,0.0,0.0
9.600000000000001,6.399999999999985,9.650000000000002,9.634217471008698,3.351032163829112,1.0,6,2.5,2.3,2.7,0.0,0.0,0.0
9.600000000000001,6.449999999999985,9.650000000000002,9.634217471008698,3.351032163829112,1.0,1,0.5,0.3,0.7,0.0,0.0,0.0
9.600000000000001,6.449999999999985,9.650000000000002,9.634217471008698,3.351032163829112,1.0,2,0.9,0.7,1.1,0.0,0.0,0.0
9.600000000000001,6.449999999999985,9.650000000000002,9.634217471008698,3.351032163829112,1.0,3,1.3,1.1,1.5,0.0,0.0,0.0
9.600000000000001,6.449999999999985,9.650000000000002,9.634217471008698,3.351032163829112,1.0,4,1.7000000000000002,1.5000000000000002,1.9000000000000001,0.0,0.0,0.0
9.600000000000001,6.449999999999985,9.650000000000002,9.634217471008698,3.351032163829112,1.0,5,2.1,1.9000000000000001,2.3000000000000003,0.0,0.0,0.0
9.600000000000001,6.449999999999985,9.650000000000002,9.634217471008698,3.351032163829112,1.0,6,2.5,2.3,2.7,0.0,0.0,0.0
9.600000000000001,6.499999999999985,9.650000000000002,9.634217471008698,3.351032163829112,1.0,1,0.5,0.3,0.7,0.0,0.0,0.0
9.600000000000001,6.499999999999985,9.650000000000002,9.634217471008698,3.351032163829112,1.0,2,0.9,0.7,1.1,0.0,0.0,0.0
9.600000000000001,6.499999999999985,9.650000000000002,9.634217471008698,3.351032163829112,1.0,3,1.3,1.1,1.5,0.0,0.0,0.0
9.600000000000001,6.499999999999985,9.650000000000002,9.634217471008698,3.351032163829112,1.0,4,1.7000000000000002,1.5000000000000002,1.9000000000000001,0.0,0.0,0.0
9.600000000000001,6.499999999999985,9.650000000000002,9.634217471008698,3.351032163829112,1.0,5,2.1,1.9000000000000001,2.3000000000000003,0.0,0.0,0.0
9.600000000000001,6.499999999999985,9.650000000000002,9.634217471008698,3.351032163829112,1.0,6,2.5,2.3,2.7,0.0,0.0,0.0
9.600000000000001,6.549999999999985,9.650000000000002,9.634217471008698,3.351032163829112,1.0,1,0.5,0.3,0.7,0.0,0.0,0.0
9.600000000000001,6.549999999999985,9.650000000000002,9.634217471008698,3.351032163829112,1.0,2,0.9,0.7,1.1,0.0,0.0,0.0
9.600000000000001,6.549999999999985,9.650000000000002,9.634217471008698,3.351032163829112,1.0,3,1.3,1.1,1.5,0.0,0.0,0.0
9.600000000000001,6.549999999999985,9.650000000000002,9.634217471008698,3.351032163829112,1.0,4,1.7000000000000002,1.5000000000000002,1.9000000000000001,0.0,0.0,0.0
9.600000000000001,6.549999999999985,9.650000000000002,9.634217471008698,3.351032163829112,1.0,5,2.1,1.9000000000000001,2.3000000000000003,0.0,0.0,0.0
9.600000000000001,6.549999999999985,9.650000000000002,9.634217471008698,3.351032163829112,1.0,6,2.5,2.3,2.7,0.0,0.0,0.0
9.600000000000001,6.5999999999999845,9.650000000000002,9.634217471008698,3.351032163829112,1.0,1,0.5,0.3,0.7,0.0,0.0,0.0
9.600000000000001,6.5999999999999845,9.650000000000002,9.634217471008698,3.351032163829112,1.0,2,0.9,0.7,1.1,0.0,0.0,0.0
9.600000000000001,6.5999999999999845,9.650000000000002,9.634217471008698,3.351032163829112,1.0,3,1.3,1.1,1.5,0.0,0.0,0.0
9.600000000000001,6.5999999999999845,9.650000000000002,9.634217471008698,3.351032163829112,1.0,4,1.7000000000000002,1.5000000000000002,1.9000000000000001,0.0,0.0,0.0
9.600000000000001,6.5999999999999845,9.650000000000002,9.634217471008698,3.351032163829112,1.0,5,2.1,1.9000000000000001,2.3000000000000003,0.0,0.0,0.0
9.600000000000001,6.5999999999999845,9.650000000000002,9.634217471008698,3.351032163829112,1.0,6,2.5,2.3,2.7,0.0,0.0,0.0
9.600000000000001,6.649999999999984,9.650000000000002,9.634217471008698,3.351032163829112,1.0,1,0.5,0.3,0.7,0.0,0.0,0.0
9.600000000000001,6.649999999999984,9.650000000000002,9.634217471008698,3.351032163829112,1.0,2,0.9,0.7,1.1,0.0,0.0,0.0
9.600000000000001,6.649999999999984,9.650000000000002,9.634217471008698,3.351032163829112,1.0,3,1.3,1.1,1.5,0.0,0.0,0.0
9.600000000000001,6.649999999999984,9.650000000000002,9.634217471008698,3.351032163829112,1.0,4,1.7000000000000002,1.5000000000000002,1.9000000000000001,0.0,0.0,0.0
9.600000000000001,6.649999999999984,9.650000000000002,9.634217471008698,3.351032163829112,1.0,5,2.1,1.9000000000000001,2.3000000000000003,0.0,0.0,0.0
9.600000000000001,6.649999999999984,9.650000000000002,9.634217471008698,3.351032163829112,1.0,6,2.5,2.3,2.7,0.0,0.0,0.0
9.600000000000001,6.699999999999984,9.650000000000002,9.634217471008698,3.351032163829112,1.0,1,0.5,0.3,0.7,0.0,0.0,0.0
9.600000000000001,6.699999999999984,9.650000000000002,9.634217471008698,3.351032163829112,1.0,2,0.9,0.7,1.1,0.0,0.0,0.0
9.600000000000001,6.699999999999984,9.650000000000002,9.634217471008698,3.351032163829112,1.0,3,1.3,1.1,1.5,0.0,0.0,0.0
9.600000000000001,6.699999999999984,9.650000000000002,9.634217471008698,3.351032163829112,1.0,4,1.7000000000000002,1.5000000000000002,1.9000000000000001,0.0,0.0,0.0
9.600000000000001,6.699999999999984,9.650000000000002,9.634217471008698,3.351032163829112,1.0,5,2.1,1.9000000000000001,2.3000000000000003,0.0,0.0,0.0
9.600000000000001,6.699999999999984,9.650000000000002,9.634217471008698,3.351032163829112,1.0,6,2.5,2.3,2.7,0.0,0.0,0.0
10.050000000000008,6.749999999999984,10.100000000000009,10.053096491487338,3.351032163829113,1.0,1,0.5,0.3,0.7,0.0,0.0,0.0
10.050000000000008,6.749999999999984,10.100000000000009,10.053096491487338,3.351032163829113,1.0,2,0.9,0.7,1.1,0.0,0.0,0.0
10.050000000000008,6.749999999999984,10.100000000000009,10.053096491487338,3.351032163829113,1.0,3,1.3,1.1,1.5,0.0,0.0,0.0
10.050000000000008,6.749999999999984,10.100000000000009,10.053096491487338,3.351032163829113,1.0,4,1.7000000000000002,1.5000000000000002,1.9000000000000001,0.0,0.0,0.0
10.050000000000008,6.749999999999984,10.100000000000009,10.053096491487338,3.351032163829113,1.0,5,2.1,1.9000000000000001,2.3000000000000003,0.0,0.0,0.0
10.050000000000008,6.749999999999984,10.100000000000009,10.053096491487338,3.351032163829113,1.0,6,2.5,2.3,2.7,0.0,0.0,0.0
10.050000000000008,6.799999999999984,10.100000000000009,10.053096491487338,3.351032163829113,1.0,1,0.5,0.3,0.7,0.0,0.0,0.0
10.050000000000008,6.799999999999984,10.100000000000009,10.053096491487338,3.351032163829113,1.0,2,0.9,0.7,1.1,0.0,0.0,0.0
10.050000000000008,6.799999999999984,10.100000000000009,10.053096491487338,3.351032163829113,1.0,3,1.3,1.1,1.5,0.0,0.0,0.0
10.050000000000008,6.799999999999984,10.100000000000009,10.053096491487338,3.351032163829113,1.0,4,1.7000000000000002,1.5000000000000002,1.9000000000000001,0.0,0.0,0.0
10.050000000000008,6.799999999999984,10.100000000000009,10.053096491487338,3.351032163829113,1.0,5,2.1,1.9000000000000001,2.3000000000000003,0.0,0.0,0.0
10.050000000000008,6.799999999999984,10.100000000000009,10.053096491487338,3.351032163829113,1.0,6,2.5,2.3,2.7,0.0,0.0,0.0
10.050000000000008,6.849999999999984,10.100000000000009,10.053096491487338,3.351032163829113,1.0,1,0.5,0.3,0.7,0.0,0.0,0.0
10.050000000000008,6.849999999999984,10.100000000000009,10.053096491487338,3.351032163829113,1.0,2,0.9,0.7,1.1,0.0,0.0,0.0
10.050000000000008,6.849999999999984,10.100000000000009,10.053096491487338,3.351032163829113,1.0,3,1.3,1.1,1.5,0.0,0.0,0.0
10.050000000000008,6.849999999999984,10.100000000000009,10.053096491487338,3.351032163829113,1.0,4,1.7000000000000002,1.5000000000000002,1.9000000000000001,0.0,0.0,0.0
10.050000000000008,6.849999999999984,10.100000000000009,10.053096491487338,3.351032163829113,1.0,5,2.1,1.9000000000000001,2.3000000000000003,0.0,0.0,0.0
10.050000000000008,6.849999999999984,10.100000000000009,10.053096491487338,3.351032163829113,1.0,6,2.5,2.3,2.7,0.0,0.0,0.0
10.050000000000008,6.8999999999999835,10.100000000000009,10.053096491487338,3.351032163829113,1.0,1,0.5,0.3,0.7,0.0,0.0,0.0
10.050000000000008,6.8999999999999835,10.100000000000009,10.053096491487338,3.351032163829113,1.0,2,0.9,0.7,1.1,0.0,0.0,0.0
10.050000000000008,6.8999999999999835,10.100000000000009,10.053096491487338,3.351032163829113,1.0,3,1.3,1.1,1.5,0.0,0.0,0.0
10.050000000000008,6.8999999999999835,10.100000000000009,10.053096491487338,3.351032163829113,1.0,4,1.7000000000000002,1.5000000000000002,1.9000000000000001,0.0,0.0,0.0
10.050000000000008,6.8999999999999835,10.100000000000009,10.053096491487338,3.351032163829113,1.0,5,2.1,1.9000000000000001,2.3000000000000003,0.0,0.0,0.0
10.050000000000008,6.8999999999999835,10.100000000000009,10.053096491487338,3.351032163829113,1.0,6,2.5,2.3,2.7,0.0,0.0,0.0
10.050000000000008,6.949999999999983,10.100000000000009,10.053096491487338,3.351032163829113,1.0,1,0.5,0.3,0.7,0.0,0.0,0.0
10.050000000000008,6.949999999999983,10.100000000000009,10.053096491487338,3.351032163829113,1.0,2,0.9,0.7,1.1,0.0,0.0,0.0
10.050000000000008,6.949999999999983,10.100000000000009,10.053096491487338,3.351032163829113,1.0,3,1.3,1.1,1.5,0.0,0.0,0.0
10.050000000000008,6.949999999999983,10.100000000000009,10.053096491487338,3.351032163829113,1.0,4,1.7000000000000002,1.5000000000000002,1.9000000000000001,0.0,0.0,0.0
10.050000000000008,6.949999999999983,10.100000000000009,10.053096491487338,3.351032163829113,1.0,5,2.1,1.9000000000000001,2.3000000000000003,0.0,0.0,0.0
10.050000000000008,6.949999999999983,10.100000000000009,10.053096491487338,3.351032163829113,1.0,6,2.5,2.3,2.7,0.0,0.0,0.0
10.050000000000008,6.999999999999983,10.100000000000009,10.053096491487338,3.351032163829113,1.0,1,0.5,0.3,0.7,0.0,0.0,0.0
10.050000000000008,6.999999999999983,10.100000000000009,10.053096491487338,3.351032163829113,1.0,2,0.9,0.7,1.1,0.0,0.0,0.0
10.050000000000008,6.999999999999983,10.100000000000009,10.053096491487338,3.351032163829113,1.0,3,1.3,1.1,1.5,0.0,0.0,0.0
10.050000000000008,6.999999999999983,10.100000000000009,10.053096491487338,3.351032163829113,1.0,4,1.7000000000000002,1.5000000000000002,1.9000000000000001,0.0,0.0,0.0
10.050000000000008,6.999999999999983,10.100000000000009,10.053096491487338,3.351032163829113,1.0,5,2.1,1.9000000000000001,2.3000000000000003,0.0,0.0,0.0
10.050000000000008,6.999999999999983,10.100000000000009,10.053096491487338,3.351032163829113,1.0,6,2.5,2.3,2.7,0.0,0.0,0.0
10.050000000000008,7.049999999999983,10.100000000000009,10.053096491487338,3.351032163829113,1.0,1,0.5,0.3,0.7,0.0,0.0,0.0
10.050000000000008,7.049999999999983,10.100000000000009,10.053096491487338,3.351032163829113,1.0,2,0.9,0.7,1.1,0.0,0.0,0.0
10.050000000000008,7.049999999999983,10.100000000000009,10.053096491487338,3.351032163829113,1.0,3,1.3,1.1,1.5,0.0,0.0,0.0
10.050000000000008,7.049999999999983,10.100000000000009,10.053096491487338,3.351032163829113,1.0,4,1.7000000000000002,1.5000000000000002,1.9000000000000001,0.0,0.0,0.0
10.050000000000008,7.049999999999983,10.100000000000009,10.053096491487338,3.351032163829113,1.0,5,2.1,1.9000000000000001,2.3000000000000003,0.0,0.0,0.0
10.050000000000008,7.049999999999983,10.100000000000009,10.053096491487338,3.351032163829113,1.0,6,2.5,2.3,2.7,0.0,0.0,0.0
10.050000000000008,7.099999999999983,10.100000000000009,10.053096491487338,3.351032163829113,1.0,1,0.5,0.3,0.7,0.0,0.0,0.0
10.050000000000008,7.099999999999983,10.100000000000009,10.053096491487338,3.351032163829113,1.0,2,0.9,0.7,1.1,0.0,0.0,0.0
10.050000000000008,7.099999999999983,10.100000000000009,10.053096491487338,3.351032163829113,1.0,3,1.3,1.1,1.5,0.0,0.0,0.0
10.050000000000008,7.099999999999983,10.100000000000009,10.053096491487338,3.351032163829113,1.0,4,1.7000000000000002,1.5000000000000002,1.9000000000000001,0.0,0.0,0.0
10.050000000000008,7.099999999999983,10.100000000000009,10.053096491487338,3.351032163829113,1.0,5,2.1,1.9000000000000001,2.3000000000000003,0.0,0.0,0.0
10.050000000000008,7.099999999999983,10.100000000000009,10.053096491487338,3.351032163829113,1.0,6,2.5,2.3,2.7,0.0,0.0,0.0
10.450000000000014,7.149999999999983,10.500000000000014,10.471975511965976,3.351032163829112,1.0,1,0.5,0.3,0.7,0.0,0.0,0.0
10.450000000000014,7.149999999999983,10.500000000000014,10.471975511965976,3.351032163829112,1.0,2,0.9,0.7,1.1,0.0,0.0,0.0
10.450000000000014,7.149999999999983,10.500000000000014,10.471975511965976,3.351032163829112,1.0,3,1.3,1.1,1.5,0.0,0.0,0.0
10.450000000000014,7.149999999999983,10.500000000000014,10.471975511965976,3.351032163829112,1.0,4,1.7000000000000002,1.5000000000000002,1.9000000000000001,0.0,0.0,0.0
10.450000000000014,7.149999999999983,10.500000000000014,10.471975511965976,3.351032163829112,1.0,5,2.1,1.9000000000000001,2.3000000000000003,0.0,0.0,0.0
10.450000000000014,7.149999999999983,10.500000000000014,10.471975511965976,3.351032163829112,1.0,6,2.5,2.3,2.7,0.0,0.0,0.0
10.450000000000014,7.199999999999982,10.500000000000014,10.471975511965976,3.351032163829112,1.0,1,0.5,0.3,0.7,0.0,0.0,0.0
10.450000000000014,7.199999999999982,10.500000000000014,10.471975511965976,3.351032163829112,1.0,2,0.9,0.7,1.1,0.0,0.0,0.0
10.450000000000014,7.199999999999982,10.500000000000014,10.471975511965976,3.351032163829112,1.0,3,1.3,1.1,1.5,0.0,0.0,0.0
10.450000000000014,7.199999999999982,10.500000000000014,10.471975511965976,3.351032163829112,1.0,4,1.7000000000000002,1.5000000000000002,1.9000000000000001,0.0,0.0,0.0
10.450000000000014,7.199999999999982,10.500000000000014,10.471975511965976,3.351032163829112,1.0,5,2.1,1.9000000000000001,2.3000000000000003,0.0,0.0,0.0
10.450000000000014,7.199999999999982,10.500000000000014,10.471975511965976,3.351032163829112,1.0,6,2.5,2.3,2.7,0.0,0.0,0.0
10.450000000000014,7.249999999999982,10.500000000000014,10.471975511965976,3.351032163829112,1.0,1,0.5,0.3,0.7,0.0,0.0,0.0
10.450000000000014,7.249999999999982,10.500000000000014,10.471975511965976,3.351032163829112,1.0,2,0.9,0.7,1.1,0.0,0.0,0.0
10.450000000000014,7.249999999999982,10.500000000000014,10.471975511965976,3.351032163829112,1.0,3,1.3,1.1,1.5,0.0,0.0,0.0
10.450000000000014,7.249999999999982,10.500000000000014,10.471975511965976,3.351032163829112,1.0,4,1.7000000000000002,1.5000000000000002,1.9000000000000001,0.0,0.0,0.0
10.450000000000014,7.249999999999982,10.500000000000014,10.471975511965976,3.351032163829112,1.0,5,2.1,1.9000000000000001,2.3000000000000003,0.0,0.0,0.0
10.450000000000014,7.249999999999982,10.500000000000014,10.471975511965976,3.351032163829112,1.0,6,2.5,2.3,2.7,0.0,0.0,0.0
10.450000000000014,7.299999999999982,10.500000000000014,10.471975511965976,3.351032163829112,1.0,1,0.5,0.3,0.7,0.0,0.0,0.0
10.450000000000014,7.299999999999982,10.500000000000014,10.471975511965976,3.351032163829112,1.0,2,0.9,0.7,1.1,0.0,0.0,0.0
10.450000000000014,7.299999999999982,10.500000000000014,10.471975511965976,3.351032163829112,1.0,3,1.3,1.1,1.5,0.0,0.0,0.0
10.450000000000014,7.299999999999982,10.500000000000014,10.471975511965976,3.351032163829112,1.0,4,1.7000000000000002,1.5000000000000002,1.9000000000000001,0.0,0.0,0.0
10.450000000000014,7.299999999999982,10.500000000000014,10.471975511965976,3.351032163829112,1.0,5,2.1,1.9000000000000001,2.3000000000000003,0.0,0.0,0.0
10.450000000000014,7.299999999999982,10.500000000000014,10.471975511965976,3.351032163829112,1.0,6,2.5,2.3,2.7,0.0,0.0,0.0
10.450000000000014,7.349999999999982,10.500000000000014,10.471975511965976,3.351032163829112,1.0,1,0.5,0.3,0.7,0.0,0.0,0.0
10.450000000000014,7.349999999999982,10.500000000000014,10.471975511965976,3.351032163829112,1.0,2,0.9,0.7,1.1,0.0,0.0,0.0
10.450000000000014,7.349999999999982,10.500000000000014,10.471975511965976,3.351032163829112,1.0,3,1.3,1.1,1.5,0.0,0.0,0.0
10.450000000000014,7.349999999999982,10.500000000000014,10.471975511965976,3.351032163829112,1.0,4,1.7000000000000002,1.5000000000000002,1.9000000000000001,0.0,0.0,0.0
10.450000000000014,7.349999999999982,10.500000000000014,10.471975511965976,3.351032163829112,1.0,5,2.1,1.9000000000000001,2.3000000000000003,0.0,0.0,0.0
10.450000000000014,7.349999999999982,10.500000000000014,10.471975511965976,3.351032163829112,1.0,6,2.5,2.3,2.7,0.0,0.0,0.0
10.450000000000014,7.399999999999982,10.500000000000014,10.471975511965976,3.351032163829112,1.0,1,0.5,0.3,0.7,0.0,0.0,0.0
10.450000000000014,7.399999999999982,10.500000000000014,10.471975511965976,3.351032163829112,1.0,2,0.9,0.7,1.1,0.0,0.0,0.0
10.450000000000014,7.399999999999982,10.500000000000014,10.471975511965976,3.351032163829112,1.0,3,1.3,1.1,1.5,0.0,0.0,0.0
10.450000000000014,7.399999999999982,10.500000000000014,10.471975511965976,3.351032163829112,1.0,4,1.7000000000000002,1.5000000000000002,1.9000000000000001,0.0,0.0,0.0
10.450000000000014,7.399999999999982,10.500000000000014,10.471975511965976,3.351032163829112,1.0,5,2.1,1.9000000000000001,2.3000000000000003,0.0,0.0,0.0
10.450000000000014,7.399999999999982,10.500000000000014,10.471975511965976,3.351032163829112,1.0,6,2.5,2.3,2.7,0.0,0.0,0.0
10.450000000000014,7.4499999999999815,10.500000000000014,10.471975511965976,3.351032163829112,1.0,1,0.5,0.3,0.7,0.0,0.0,0.0
10.450000000000014,7.4499999999999815,10.500000000000014,10.471975511965976,3.351032163829112,1.0,2,0.9,0.7,1.1,0.0,0.0,0.0
10.450000000000014,7.4499999999999815,10.500000000000014,10.471975511965976,3.351032163829112,1.0,3,1.3,1.1,1.5,0.0,0.0,0.0
10.450000000000014,7.4499999999999815,10.500000000000014,10.471975511965976,3.351032163829112,1.0,4,1.7000000000000002,1.5000000000000002,1.9000000000000001,0.0,0.0,0.0
10.450000000000014,7.4499999999999815,10.500000000000014,10.471975511965976,3.351032163829112,1.0,5,2.1,1.9000000000000001,2.3000000000000003,0.0,0.0,0.0
10.450000000000014,7.4499999999999815,10.500000000000014,10.471975511965976,3.351032163829112,1.0,6,2.5,2.3,2.7,0.0,0.0,0.0
10.450000000000014,7.499999999999981,10.500000000000014,10.471975511965976,3.351032163829112,1.0,1,0.5,0.3,0.7,0.0,0.0,0.0
10.450000000000014,7.499999999999981,10.500000000000014,10.471975511965976,3.351032163829112,1.0,2,0.9,0.7,1.1,0.0,0.0,0.0
10.450000000000014,7.499999999999981,10.500000000000014,10.471975511965976,3.351032163829112,1.0,3,1.3,1.1,1.5,0.0,0.0,0.0
10.450000000000014,7.499999999999981,10.500000000000014,10.471975511965976,3.351032163829112,1.0,4,1.7000000000000002,1.5000000000000002,1.9000000000000001,0.0,0.0,0.0
10.450000000000014,7.499999999999981,10.500000000000014,10.471975511965976,3.351032163829112,1.0,5,2.1,1.9000000000000001,2.3000000000000003,0.0,0.0,0.0
10.450000000000014,7.499999999999981,10.500000000000014,10.471975511965976,3.351032163829112,1.0,6,2.5,2.3,2.7,0.0,0.0,0.0
10.85000000000002,7.549999999999981,10.90000000000002,10.890854532444616,3.351032163829112,1.0,1,0.5,0.3,0.7,0.0,0.0,0.0
10.85000000000002,7.549999999999981,10.90000000000002,10.890854532444616,3.351032163829112,1.0,2,0.9,0.7,1.1,0.0,0.0,0.0
10.85000000000002,7.549999999999981,10.90000000000002,10.890854532444616,3.351032163829112,1.0,3,1.3,1.1,1.5,0.0,0.0,0.0
10.85000000000002,7.549999999999981,10.90000000000002,10.890854532444616,3.351032163829112,1.0,4,1.7000000000000002,1.5000000000000002,1.9000000000000001,0.0,0.0,0.0
10.85000000000002,7.549999999999981,10.90000000000002,10.890854532444616,3.351032163829112,1.0,5,2.1,1.9000000000000001,2.3000000000000003,0.0,0.0,0.0
10.85000000000002,7.549999999999981,10.90000000000002,10.890854532444616,3.351032163829112,1.0,6,2.5,2.3,2.7,0.0,0.0,0.0
10.85000000000002,7.599999999999981,10.90000000000002,10.890854532444616,3.351032163829112,1.0,1,0.5,0.3,0.7,0.0,0.0,0.0
10.85000000000002,7.599999999999981,10.90000000000002,10.890854532444616,3.351032163829112,1.0,2,0.9,0.7,1.1,0.0,0.0,0.0
10.85000000000002,7.599999999999981,10.90000000000002,10.890854532444616,3.351032163829112,1.0,3,1.3,1.1,1.5,0.0,0.0,0.0
10.85000000000002,7.599999999999981,10.90000000000002,10.890854532444616,3.351032163829112,1.0,4,1.7000000000000002,1.5000000000000002,1.9000000000000001,0.0,0.0,0.0
10.85000000000002,7.599999999999981,10.90000000000002,10.890854532444616,3.351032163829112,1.0,5,2.1,1.9000000000000001,2.3000000000000003,0.0,0.0,0.0
10.85000000000002,7.599999999999981,10.90000000000002,10.890854532444616,3.351032163829112,1.0,6,2.5,2.3,2.7,0.0,0.0,0.0
10.85000000000002,7.649999999999981,10.90000000000002,10.890854532444616,3.351032163829112,1.0,1,0.5,0.3,0.7,0.0,0.0,0.0
10.85000000000002,7.649999999999981,10.90000000000002,10.890854532444616,3.351032163829112,1.0,2,0.9,0.7,1.1,0.0,0.0,0.0
10.85000000000002,7.649999999999981,10.90000000000002,10.890854532444616,3.351032163829112,1.0,3,1.3,1.1,1.5,0.0,0.0,0.0
10.85000000000002,7.649999999999981,10.90000000000002,10.890854532444616,3.351032163829112,1.0,4,1.7000000000000002,1.5000000000000002,1.9000000000000001,0.0,0.0,0.0
10.85000000000002,7.649999999999981,10.90000000000002,10.890854532444616,3.351032163829112,1.0,5,2.1,1.9000000000000001,2.3000000000000003,0.0,0.0,0.0
10.85000000000002,7.649999999999981,10.90000000000002,10.890854532444616,3.351032163829112,1.0,6,2.5,2.3,2.7,0.0,0.0,0.0
10.85000000000002,7.699999999999981,10.90000000000002,10.890854532444616,3.351032163829112,1.0,1,0.5,0.3,0.7,0.0,0.0,0.0
10.85000000000002,7.699999999999981,10.90000000000002,10.890854532444616,3.351032163829112,1.0,2,0.9,0.7,1.1,0.0,0.0,0.0
10.85000000000002,7.699999999999981,10.90000000000002,10.890854532444616,3.351032163829112,1.0,3,1.3,1.1,1.5,0.0,0.0,0.0
10.85000000000002,7.699999999999981,10.90000000000002,10.890854532444616,3.351032163829112,1.0,4,1.7000000000000002,1.5000000000000002,1.9000000000000001,0.0,0.0,0.0
10.85000000000002,7.699999999999981,10.90000000000002,10.890854532444616,3.351032163829112,1.0,5,2.1,1.9000000000000001,2.3000000000000003,0.0,0.0,0.0
10.85000000000002,7.699999999999981,10.90000000000002,10.890854532444616,3.351032163829112,1.0,6,2.5,2.3,2.7,0.0,0.0,0.0
10.85000000000002,7.7499999999999805,10.90000000000002,10.890854532444616,3.351032163829112,1.0,1,0.5,0.3,0.7,0.0,0.0,0.0
10.85000000000002,7.7499999999999805,10.90000000000002,10.890854532444616,3.351032163829112,1.0,2,0.9,0.7,1.1,0.0,0.0,0.0
10.85000000000002,7.7499999999999805,10.90000000000002,10.890854532444616,3.351032163829112,1.0,3,1.3,1.1,1.5,0.0,0.0,0.0
10.85000000000002,7.7499999999999805,10.90000000000002,10.890854532444616,3.351032163829112,1.0,4,1.7000000000000002,1.5000000000000002,1.9000000000000001,0.0,0.0,0.0
10.85000000000002,7.7499999999999805,10.90000000000002,10.890854532444616,3.351032163829112,1.0,5,2.1,1.9000000000000001,2.3000000000000003,0.0,0.0,0.0
10.85000000000002,7.7499999999999805,10.90000000000002,10.890854532444616,3.351032163829112,1.0,6,2.5,2.3,2.7,0.0,0.0,0.0
10.85000000000002,7.79999999999998,10.90000000000002,10.890854532444616,3.351032163829112,1.0,1,0.5,0.3,0.7,0.0,0.0,0.0
10.85000000000002,7.79999999999998,10.90000000000002,10.890854532444616,3.351032163829112,1.0,2,0.9,0.7,1.1,0.0,0.0,0.0
10.85000000000002,7.79999999999998,10.90000000000002,10.890854532444616,3.351032163829112,1.0,3,1.3,1.1,1.5,0.0,0.0,0.0
10.85000000000002,7.79999999999998,10.90000000000002,10.890854532444616,3.351032163829112,1.0,4,1.7000000000000002,1.5000000000000002,1.9000000000000001,0.0,0.0,0.0
10.85000000000002,7.79999999999998,10.90000000000002,10.890854532444616,3.351032163829112,1.0,5,2.1,1.9000000000000001,2.3000000000000003,0.0,0.0,0.0
10.85000000000002,7.79999999999998,10.90000000000002,10.890854532444616,3.351032163829112,1.0,6,2.5,2.3,2.7,0.0,0.0,0.0
10.85000000000002,7.84999999999998,10.90000000000002,10.890854532444616,3.351032163829112,1.0,1,0.5,0.3,0.7,0.0,0.0,0.0
10.85000000000002,7.84999999999998,10.90000000000002,10.890854532444616,3.351032163829112,1.0,2,0.9,0.7,1.1,0.0,0.0,0.0
10.85000000000002,7.84999999999998,10.90000000000002,10.890854532444616,3.351032163829112,1.0,3,1.3,1.1,1.5,0.0,0.0,0.0
10.85000000000002,7.84999999999998,10.90000000000002,10.890854532444616,3.351032163829112,1.0,4,1.7000000000000002,1.5000000000000002,1.9000000000000001,0.0,0.0,0.0
10.85000000000002,7.84999999999998,10.90000000000002,10.890854532444616,3.351032163829112,1.0,5,2.1,1.9000000000000001,2.3000000000000003,0.0,0.0,0.0
10.85000000000002,7.84999999999998,10.90000000000002,10.890854532444616,3.351032163829112,1.0,6,2.5,2.3,2.7,0.0,0.0,0.0
10.85000000000002,7.89999999999998,10.90000000000002,10.890854532444616,3.351032163829112,1.0,1,0.5,0.3,0.7,0.0,0.0,0.0
10.85000000000002,7.89999999999998,10.90000000000002,10.890854532444616,3.351032163829112,1.0,2,0.9,0.7,1.1,0.0,0.0,0.0
10.85000000000002,7.89999999999998,10.90000000000002,10.890854532444616,3.351032163829112,1.0,3,1.3,1.1,1.5,0.0,0.0,0.0
10.85000000000002,7.89999999999998,10.90000000000002,10.890854532444616,3.351032163829112,1.0,4,1.7000000000000002,1.5000000000000002,1.9000000000000001,0.0,0.0,0.0
10.85000000000002,7.89999999999998,10.90000000000002,10.890854532444616,3.351032163829112,1.0,5,2.1,1.9000000000000001,2.3000000000000003,0.0,0.0,0.0
10.85000000000002,7.89999999999998,10.90000000000002,10.890854532444616,3.351032163829112,1.0,6,2.5,2.3,2.7,0.0,0.0,0.0
10.85000000000002,7.94999999999998,10.90000000000002,10.890854532444616,3.351032163829112,1.0,1,0.5,0.3,0.7,0.0,0.0,0.0
10.85000000000002,7.94999999999998,10.90000000000002,10.890854532444616,3.351032163829112,1.0,2,0.9,0.7,1.1,0.0,0.0,0.0
10.85000000000002,7.94999999999998,10.90000000000002,10.890854532444616,3.351032163829112,1.0,3,1.3,1.1,1.5,0.0,0.0,0.0
10.85000000000002,7.94999999999998,10.90000000000002,10.890854532444616,3.351032163829112,1.0,4,1.7000000000000002,1.5000000000000002,1.9000000000000001,0.0,0.0,0.0
10.85000000000002,7.94999999999998,10.90000000000002,10.890854532444616,3.351032163829112,1.0,5,2.1,1.9000000000000001,2.3000000000000003,0.0,0.0,0.0
10.85000000000002,7.94999999999998,10.90000000000002,10.890854532444616,3.351032163829112,1.0,6,2.5,2.3,2.7,0.0,0.0,0.0
11.300000000000026,7.99999999999998,11.350000000000026,11.309733552923255,3.351032163829113,1.0,1,0.5,0.3,0.7,0.0,0.0,0.0
11.300000000000026,7.99999999999998,11.350000000000026,11.309733552923255,3.351032163829113,1.0,2,0.9,0.7,1.1,0.0,0.0,0.0
11.300000000000026,7.99999999999998,11.350000000000026,11.309733552923255,3.351032163829113,1.0,3,1.3,1.1,1.5,0.0,0.0,0.0
11.300000000000026,7.99999999999998,11.350000000000026,11.309733552923255,3.351032163829113,1.0,4,1.7000000000000002,1.5000000000000002,1.9000000000000001,0.0,0.0,0.0
11.300000000000026,7.99999999999998,11.350000000000026,11.309733552923255,3.351032163829113,1.0,5,2.1,1.9000000000000001,2.3000000000000003,0.0,0.0,0.0
11.300000000000026,7.99999999999998,11.350000000000026,11.309733552923255,3.351032163829113,1.0,6,2.5,2.3,2.7,0.0,0.0,0.0
11.300000000000026,8.04999999999998,11.350000000000026,11.309733552923255,3.351032163829113,1.0,1,0.5,0.3,0.7,0.0,0.0,0.0
11.300000000000026,8.04999999999998,11.350000000000026,11.309733552923255,3.351032163829113,1.0,2,0.9,0.7,1.1,0.0,0.0,0.0
11.300000000000026,8.04999999999998,11.350000000000026,11.309733552923255,3.351032163829113,1.0,3,1.3,1.1,1.5,0.0,0.0,0.0
11.300000000000026,8.04999999999998,11.350000000000026,11.309733552923255,3.351032163829113,1.0,4,1.7000000000000002,1.5000000000000002,1.9000000000000001,0.0,0.0,0.0
11.300000000000026,8.04999999999998,11.350000000000026,11.309733552923255,3.351032163829113,1.0,5,2.1,1.9000000000000001,2.3000000000000003,0.0,0.0,0.0
11.300000000000026,8.04999999999998,11.350000000000026,11.309733552923255,3.351032163829113,1.0,6,2.5,2.3,2.7,0.0,0.0,0.0
11.300000000000026,8.09999999999998,11.350000000000026,11.309733552923255,3.351032163829113,1.0,1,0.5,0.3,0.7,0.0,0.0,0.0
11.300000000000026,8.09999999999998,11.350000000000026,11.309733552923255,3.351032163829113,1.0,2,0.9,0.7,1.1,0.0,0.0,0.0
11.300000000000026,8.09999999999998,11.350000000000026,11.309733552923255,3.351032163829113,1.0,3,1.3,1.1,1.5,0.0,0.0,0.0
11.300000000000026,8.09999999999998,11.350000000000026,11.309733552923255,3.351032163829113,1.0,4,1.7000000000000002,1.5000000000000002,1.9000000000000001,0.0,0.0,0.0
11.300000000000026,8.09999999999998,11.350000000000026,11.309733552923255,3.351032163829113,1.0,5,2.1,1.9000000000000001,2.3000000000000003,0.0,0.0,0.0
11.300000000000026,8.09999999999998,11.350000000000026,11.309733552923255,3.351032163829113,1.0,6,2.5,2.3,2.7,0.0,0.0,0.0
11.300000000000026,8.14999999999998,11.350000000000026,11.309733552923255,3.351032163829113,1.0,1,0.5,0.3,0.7,0.0,0.0,0.0
11.300000000000026,8.14999999999998,11.350000000000026,11.309733552923255,3.351032163829113,1.0,2,0.9,0.7,1.1,0.0,0.0,0.0
11.300000000000026,8.14999999999998,11.350000000000026,11.309733552923255,3.351032163829113,1.0,3,1.3,1.1,1.5,0.0,0.0,0.0
11.300000000000026,8.14999999999998,11.350000000000026,11.309733552923255,3.351032163829113,1.0,4,1.7000000000000002,1.5000000000000002,1.9000000000000001,0.0,0.0,0.0
11.300000000000026,8.14999999999998,11.350000000000026,11.309733552923255,3.351032163829113,1.0,5,2.1,1.9000000000000001,2.3000000000000003,0.0,0.0,0.0
11.300000000000026,8.14999999999998,11.350000000000026,11.309733552923255,3.351032163829113,1.0,6,2.5,2.3,2.7,0.0,0.0,0.0
11.300000000000026,8.199999999999982,11.350000000000026,11.309733552923255,3.351032163829113,1.0,1,0.5,0.3,0.7,0.0,0.0,0.0
11.300000000000026,8.199999999999982,11.350000000000026,11.309733552923255,3.351032163829113,1.0,2,0.9,0.7,1.1,0.0,0.0,0.0
11.300000000000026,8.199999999999982,11.350000000000026,11.309733552923255,3.351032163829113,1.0,3,1.3,1.1,1.5,0.0,0.0,0.0
11.300000000000026,8.199999999999982,11.350000000000026,11.309733552923255,3.351032163829113,1.0,4,1.7000000000000002,1.5000000000000002,1.9000000000000001,0.0,0.0,0.0
11.300000000000026,8.199999999999982,11.350000000000026,11.309733552923255,3.351032163829113,1.0,5,2.1,1.9000000000000001,2.3000000000000003,0.0,0.0,0.0
11.300000000000026,8.199999999999982,11.350000000000026,11.309733552923255,3.351032163829113,1.0,6,2.5,2.3,2.7,0.0,0.0,0.0
11.300000000000026,8.249999999999982,11.350000000000026,11.309733552923255,3.351032163829113,1.0,1,0.5,0.3,0.7,0.0,0.0,0.0
11.300000000000026,8.249999999999982,11.350000000000026,11.309733552923255,3.351032163829113,1.0,2,0.9,0.7,1.1,0.0,0.0,0.0
11.300000000000026,8.249999999999982,11.350000000000026,11.309733552923255,3.351032163829113,1.0,3,1.3,1.1,1.5,0.0,0.0,0.0
11.300000000000026,8.249999999999982,11.350000000000026,11.309733552923255,3.351032163829113,1.0,4,1.7000000000000002,1.5000000000000002,1.9000000000000001,0.0,0.0,0.0
11.300000000000026,8.249999999999982,11.350000000000026,11.309733552923255,3.351032163829113,1.0,5,2.1,1.9000000000000001,2.3000000000000003,0.0,0.0,0.0
11.300000000000026,8.249999999999982,11.350000000000026,11.309733552923255,3.351032163829113,1.0,6,2.5,2.3,2.7,0.0,0.0,0.0
11.300000000000026,8.299999999999983,11.350000000000026,11.309733552923255,3.351032163829113,1.0,1,0.5,0.3,0.7,0.0,0.0,0.0
11.300000000000026,8.299999999999983,11.350000000000026,11.309733552923255,3.351032163829113,1.0,2,0.9,0.7,1.1,0.0,0.0,0.0
11.300000000000026,8.299999999999983,11.350000000000026,11.309733552923255,3.351032163829113,1.0,3,1.3,1.1,1.5,0.0,0.0,0.0
11.300000000000026,8.299999999999983,11.350000000000026,11.309733552923255,3.351032163829113,1.0,4,1.7000000000000002,1.5000000000000002,1.9000000000000001,0.0,0.0,0.0
11.300000000000026,8.299999999999983,11.350000000000026,11.309733552923255,3.351032163829113,1.0,5,2.1,1.9000000000000001,2.3000000000000003,0.0,0.0,0.0
11.300000000000026,8.299999999999983,11.350000000000026,11.309733552923255,3.351032163829113,1.0,6,2.5,2.3,2.7,0.0,0.0,0.0
11.300000000000026,8.349999999999984,11.350000000000026,11.309733552923255,3.351032163829113,1.0,1,0.5,0.3,0.7,0.0,0.0,0.0
11.300000000000026,8.349999999999984,11.350000000000026,11.309733552923255,3.351032163829113,1.0,2,0.9,0.7,1.1,0.0,0.0,0.0
11.300000000000026,8.349999999999984,11.350000000000026,11.309733552923255,3.351032163829113,1.0,3,1.3,1.1,1.5,0.0,0.0,0.0
11.300000000000026,8.349999999999984,11.350000000000026,11.309733552923255,3.351032163829113,1.0,4,1.7000000000000002,1.5000000000000002,1.9000000000000001,0.0,0.0,0.0
11.300000000000026,8.349999999999984,11.350000000000026,11.309733552923255,3.351032163829113,1.0,5,2.1,1.9000000000000001,2.3000000000000003,0.0,0.0,0.0
11.300000000000026,8.349999999999984,11.350000000000026,11.309733552923255,3.351032163829113,1.0,6,2.5,2.3,2.7,0.0,0.0,0.0
11.700000000000031,8.399999999999984,11.750000000000032,11.728612573401893,3.351032163829112,1.0,1,0.5,0.3,0.7,0.0,0.0,0.0
11.700000000000031,8.399999999999984,11.750000000000032,11.728612573401893,3.351032163829112,1.0,2,0.9,0.7,1.1,0.0,0.0,0.0
11.700000000000031,8.399999999999984,11.750000000000032,11.728612573401893,3.351032163829112,1.0,3,1.3,1.1,1.5,0.0,0.0,0.0
11.700000000000031,8.399999999999984,11.750000000000032,11.728612573401893,3.351032163829112,1.0,4,1.7000000000000002,1.5000000000000002,1.9000000000000001,0.0,0.0,0.0
11.700000000000031,8.399999999999984,11.750000000000032,11.728612573401893,3.351032163829112,1.0,5,2.1,1.9000000000000001,2.3000000000000003,0.0,0.0,0.0
11.700000000000031,8.399999999999984,11.750000000000032,11.728612573401893,3.351032163829112,1.0,6,2.5,2.3,2.7,0.0,0.0,0.0
11.700000000000031,8.449999999999985,11.750000000000032,11.728612573401893,3.351032163829112,1.0,1,0.5,0.3,0.7,0.0,0.0,0.0
11.700000000000031,8.449999999999985,11.750000000000032,11.728612573401893,3.351032163829112,1.0,2,0.9,0.7,1.1,0.0,0.0,0.0
11.700000000000031,8.449999999999985,11.750000000000032,11.728612573401893,3.351032163829112,1.0,3,1.3,1.1,1.5,0.0,0.0,0.0
11.700000000000031,8.449999999999985,11.750000000000032,11.728612573401893,3.351032163829112,1.0,4,1.7000000000000002,1.5000000000000002,1.9000000000000001,0.0,0.0,0.0
11.700000000000031,8.449999999999985,11.750000000000032,11.728612573401893,3.351032163829112,1.0,5,2.1,1.9000000000000001,2.3000000000000003,0.0,0.0,0.0
11.700000000000031,8.449999999999985,11.750000000000032,11.728612573401893,3.351032163829112,1.0,6,2.5,2.3,2.7,0.0,0.0,0.0
11.700000000000031,8.499999999999986,11.750000000000032,11.728612573401893,3.351032163829112,1.0,1,0.5,0.3,0.7,0.0,0.0,0.0
11.700000000000031,8.499999999999986,11.750000000000032,11.728612573401893,3.351032163829112,1.0,2,0.9,0.7,1.1,0.0,0.0,0.0
11.700000000000031,8.499999999999986,11.750000000000032,11.728612573401893,3.351032163829112,1.0,3,1.3,1.1,1.5,0.0,0.0,0.0
11.700000000000031,8.499999999999986,11.750000000000032,11.728612573401893,3.351032163829112,1.0,4,1.7000000000000002,1.5000000000000002,1.9000000000000001,0.0,0.0,0.0
11.700000000000031,8.499999999999986,11.750000000000032,11.728612573401893,3.351032163829112,1.0,5,2.1,1.9000000000000001,2.3000000000000003,0.0,0.0,0.0
11.700000000000031,8.499999999999986,11.750000000000032,11.728612573401893,3.351032163829112,1.0,6,2.5,2.3,2.7,0.0,0.0,0.0
11.700000000000031,8.549999999999986,11.750000000000032,11.728612573401893,3.351032163829112,1.0,1,0.5,0.3,0.7,0.0,0.0,0.0
11.700000000000031,8.549999999999986,11.750000000000032,11.728612573401893,3.351032163829112,1.0,2,0.9,0.7,1.1,0.0,0.0,0.0
11.700000000000031,8.549999999999986,11.750000000000032,11.728612573401893,3.351032163829112,1.0,3,1.3,1.1,1.5,0.0,0.0,0.0
11.700000000000031,8.549999999999986,11.750000000000032,11.728612573401893,3.351032163829112,1.0,4,1.7000000000000002,1.5000000000000002,1.9000000000000001,0.0,0.0,0.0
11.700000000000031,8.549999999999986,11.750000000000032,11.728612573401893,3.351032163829112,1.0,5,2.1,1.9000000000000001,2.3000000000000003,0.0,0.0,0.0
11.700000000000031,8.549999999999986,11.750000000000032,11.728612573401893,3.351032163829112,1.0,6,2.5,2.3,2.7,0.0,0.0,0.0
11.700000000000031,8.599999999999987,11.750000000000032,11.728612573401893,3.351032163829112,1.0,1,0.5,0.3,0.7,0.0,0.0,0.0
11.700000000000031,8.599999999999987,11.750000000000032,11.728612573401893,3.351032163829112,1.0,2,0.9,0.7,1.1,0.0,0.0,0.0
11.700000000000031,8.599999999999987,11.750000000000032,11.728612573401893,3.351032163829112,1.0,3,1.3,1.1,1.5,0.0,0.0,0.0
11.700000000000031,8.599999999999987,11.750000000000032,11.728612573401893,3.351032163829112,1.0,4,1.7000000000000002,1.5000000000000002,1.9000000000000001,0.0,0.0,0.0
11.700000000000031,8.599999999999987,11.750000000000032,11.728612573401893,3.351032163829112,1.0,5,2.1,1.9000000000000001,2.3000000000000003,0.0,0.0,0.0
11.700000000000031,8.599999999999987,11.750000000000032,11.728612573401893,3.351032163829112,1.0,6,2.5,2.3,2.7,0.0,0.0,0.0
11.700000000000031,8.649999999999988,11.750000000000032,11.728612573401893,3.351032163829112,1.0,1,0.5,0.3,0.7,0.0,0.0,0.0
11.700000000000031,8.649999999999988,11.750000000000032,11.728612573401893,3.351032163829112,1.0,2,0.9,0.7,1.1,0.0,0.0,0.0
11.700000000000031,8.649999999999988,11.750000000000032,11.728612573401893,3.351032163829112,1.0,3,1.3,1.1,1.5,0.0,0.0,0.0
11.700000000000031,8.649999999999988,11.750000000000032,11.728612573401893,3.351032163829112,1.0,4,1.7000000000000002,1.5000000000000002,1.9000000000000001,0.0,0.0,0.0
11.700000000000031,8.649999999999988,11.750000000000032,11.728612573401893,3.351032163829112,1.0,5,2.1,1.9000000000000001,2.3000000000000003,0.0,0.0,0.0
11.700000000000031,8.649999999999988,11.750000000000032,11.728612573401893,3.351032163829112,1.0,6,2.5,2.3,2.7,0.0,0.0,0.0
11.700000000000031,8.699999999999989,11.750000000000032,11.728612573401893,3.351032163829112,1.0,1,0.5,0.3,0.7,0.0,0.0,0.0
11.700000000000031,8.699999999999989,11.750000000000032,11.728612573401893,3.351032163829112,1.0,2,0.9,0.7,1.1,0.0,0.0,0.0
11.700000000000031,8.699999999999989,11.750000000000032,11.728612573401893,3.351032163829112,1.0,3,1.3,1.1,1.5,0.0,0.0,0.0
11.700000000000031,8.699999999999989,11.750000000000032,11.728612573401893,3.351032163829112,1.0,4,1.7000000000000002,1.5000000000000002,1.9000000000000001,0.0,0.0,0.0
11.700000000000031,8.699999999999989,11.750000000000032,11.728612573401893,3.351032163829112,1.0,5,2.1,1.9000000000000001,2.3000000000000003,0.0,0.0,0.0
11.700000000000031,8.699999999999989,11.750000000000032,11.728612573401893,3.351032163829112,1.0,6,2.5,2.3,2.7,0.0,0.0,0.0
11.700000000000031,8.74999999999999,11.750000000000032,11.728612573401893,3.351032163829112,1.0,1,0.5,0.3,0.7,0.0,0.0,0.0
11.700000000000031,8.74999999999999,11.750000000000032,11.728612573401893,3.351032163829112,1.0,2,0.9,0.7,1.1,0.0,0.0,0.0
11.700000000000031,8.74999999999999,11.750000000000032,11.728612573401893,3.351032163829112,1.0,3,1.3,1.1,1.5,0.0,0.0,0.0
11.700000000000031,8.74999999999999,11.750000000000032,11.728612573401893,3.351032163829112,1.0,4,1.7000000000000002,1.5000000000000002,1.9000000000000001,0.0,0.0,0.0
11.700000000000031,8.74999999999999,11.750000000000032,11.728612573401893,3.351032163829112,1.0,5,2.1,1.9000000000000001,2.3000000000000003,0.0,0.0,0.0
11.700000000000031,8.74999999999999,11.750000000000032,11.728612573401893,3.351032163829112,1.0,6,2.5,2.3,2.7,0.0,0.0,0.0
12.100000000000037,8.79999999999999,12.150000000000038,12.147491593880533,3.351032163829112,1.0,1,0.5,0.3,0.7,0.0,0.0,0.0
12.100000000000037,8.79999999999999,12.150000000000038,12.147491593880533,3.351032163829112,1.0,2,0.9,0.7,1.1,0.0,0.0,0.0
12.100000000000037,8.79999999999999,12.150000000000038,12.147491593880533,3.351032163829112,1.0,3,1.3,1.1,1.5,0.0,0.0,0.0
12.100000000000037,8.79999999999999,12.150000000000038,12.147491593880533,3.351032163829112,1.0,4,1.7000000000000002,1.5000000000000002,1.9000000000000001,0.0,0.0,0.0
12.100000000000037,8.79999999999999,12.150000000000038,12.147491593880533,3.351032163829112,1.0,5,2.1,1.9000000000000001,2.3000000000000003,0.0,0.0,0.0
12.100000000000037,8.79999999999999,12.150000000000038,12.147491593880533,3.351032163829112,1.0,6,2.5,2.3,2.7,0.0,0.0,0.0
12.100000000000037,8.84999999999999,12.150000000000038,12.147491593880533,3.351032163829112,1.0,1,0.5,0.3,0.7,0.0,0.0,0.0
12.100000000000037,8.84999999999999,12.150000000000038,12.147491593880533,3.351032163829112,1.0,2,0.9,0.7,1.1,0.027777777777777776,0.014166666666666666,15.0
12.100000000000037,8.84999999999999,12.150000000000038,12.147491593880533,3.351032163829112,1.0,3,1.3,1.1,1.5,0.175,0.08925,15.0
12.100000000000037,8.84999999999999,12.150000000000038,12.147491593880533,3.351032163829112,1.0,4,1.7000000000000002,1.5000000000000002,1.9000000000000001,0.06666666666666667,0.034,15.0
12.100000000000037,8.84999999999999,12.150000000000038,12.147491593880533,3.351032163829112,1.0,5,2.1,1.9000000000000001,2.3000000000000003,0.08695652173913043,0.04434782608695652,15.0
12.100000000000037,8.84999999999999,12.150000000000038,12.147491593880533,3.351032163829112,1.0,6,2.5,2.3,2.7,0.046511627906976744,0.02372093023255814,15.0
12.100000000000037,8.899999999999991,12.150000000000038,12.147491593880533,3.351032163829112,1.0,1,0.5,0.3,0.7,0.0,0.0,0.0
12.100000000000037,8.899999999999991,12.150000000000038,12.147491593880533,3.351032163829112,1.0,2,0.9,0.7,1.1,0.05555555555555555,0.028333333333333332,15.0
12.100000000000037,8.899999999999991,12.150000000000038,12.147491593880533,3.351032163829112,1.0,3,1.3,1.1,1.5,0.25,0.1275,15.9375
12.100000000000037,8.899999999999991,12.150000000000038,12.147491593880533,3.351032163829112,1.0,4,1.7000000000000002,1.5000000000000002,1.9000000000000001,0.2,0.10200000000000001,15.0
12.100000000000037,8.899999999999991,12.150000000000038,12.147491593880533,3.351032163829112,1.0,5,2.1,1.9000000000000001,2.3000000000000003,0.21739130434782608,0.1108695652173913,15.0
12.100000000000037,8.899999999999991,12.150000000000038,12.147491593880533,3.351032163829112,1.0,6,2.5,2.3,2.7,0.2558139534883721,0.1304651162790698,16.308139534883722
12.100000000000037,8.949999999999992,12.150000000000038,12.147491593880533,3.351032163829112,1.0,1,0.5,0.3,0.7,0.0,0.0,0.0
12.100000000000037,8.949999999999992,12.150000000000038,12.147491593880533,3.351032163829112,1.0,2,0.9,0.7,1.1,0.16666666666666666,0.08499999999999999,15.0
12.100000000000037,8.949999999999992,12.150000000000038,12.147491593880533,3.351032163829112,1.0,3,1.3,1.1,1.5,0.35,0.1785,22.312499999999996
12.100000000000037,8.949999999999992,12.150000000000038,12.147491593880533,3.351032163829112,1.0,4,1.7000000000000002,1.5000000000000002,1.9000000000000001,0.28888888888888886,0.14733333333333332,18.41666666666666
12.100000000000037,8.949999999999992,12.150000000000038,12.147491593880533,3.351032163829112,1.0,5,2.1,1.9000000000000001,2.3000000000000003,0.2826086956521739,0.14413043478260867,18.016304347826082
12.100000000000037,8.949999999999992,12.150000000000038,12.147491593880533,3.351032163829112,1.0,6,2.5,2.3,2.7,0.3953488372093023,0.20162790697674418,25.20348837209302
12.100000000000037,8.999999999999993,12.150000000000038,12.147491593880533,3.351032163829112,1.0,1,0.5,0.3,0.7,0.0,0.0,0.0
12.100000000000037,8.999999999999993,12.150000000000038,12.147491593880533,3.351032163829112,1.0,2,0.9,0.7,1.1,0.16666666666666666,0.08499999999999999,15.0
12.100000000000037,8.999999999999993,12.150000000000038,12.147491593880533,3.351032163829112,1.0,3,1.3,1.1,1.5,0.4,0.20400000000000001,25.5
12.100000000000037,8.999999999999993,12.150000000000038,12.147491593880533,3.351032163829112,1.0,4,1.7000000000000002,1.5000000000000002,1.9000000000000001,0.35555555555555557,0.18133333333333335,22.666666666666664
12.100000000000037,8.999999999999993,12.150000000000038,12.147491593880533,3.351032163829112,1.0,5,2.1,1.9000000000000001,2.3000000000000003,0.30434782608695654,0.15521739130434783,19.402173913043477
12.100000000000037,8.999999999999993,12.150000000000038,12.147491593880533,3.351032163829112,1.0,6,2.5,2.3,2.7,0.3953488372093023,0.20162790697674418,25.20348837209302
12.100000000000037,9.049999999999994,12.150000000000038,12.147491593880533,3.351032163829112,1.0,1,0.5,0.3,0.7,0.0,0.0,0.0
12.100000000000037,9.049999999999994,12.150000000000038,12.147491593880533,3.351032163829112,1.0,2,0.9,0.7,1.1,0.19444444444444445,0.09916666666666667,15.0
12.100000000000037,9.049999999999994,12.150000000000038,12.147491593880533,3.351032163829112,1.0,3,1.3,1.1,1.5,0.35,0.1785,22.312499999999996
12.100000000000037,9.049999999999994,12.150000000000038,12.147491593880533,3.351032163829112,1.0,4,1.7000000000000002,1.5000000000000002,1.9000000000000001,0.3111111111111111,0.15866666666666668,19.833333333333332
12.100000000000037,9.049999999999994,12.150000000000038,12.147491593880533,3.351032163829112,1.0,5,2.1,1.9000000000000001,2.3000000000000003,0.2391304347826087,0.12195652173913044,15.244565217391303
12.100000000000037,9.049999999999994,12.150000000000038,12.147491593880533,3.351032163829112,1.0,6,2.5,2.3,2.7,0.3488372093023256,0.17790697674418604,22.23837209302325
12.100000000000037,9.099999999999994,12.150000000000038,12.147491593880533,3.351032163829112,1.0,1,0.5,0.3,0.7,0.0,0.0,0.0
12.100000000000037,9.099999999999994,12.150000000000038,12.147491593880533,3.351032163829112,1.0,2,0.9,0.7,1.1,0.19444444444444445,0.09916666666666667,15.0
12.100000000000037,9.099999999999994,12.150000000000038,12.147491593880533,3.351032163829112,1.0,3,1.3,1.1,1.5,0.225,0.11475,15.0
12.100000000000037,9.099999999999994,12.150000000000038,12.147491593880533,3.351032163829112,1.0,4,1.7000000000000002,1.5000000000000002,1.9000000000000001,0.24444444444444444,0.12466666666666666,15.583333333333332
12.100000000000037,9.099999999999994,12.150000000000038,12.147491593880533,3.351032163829112,1.0,5,2.1,1.9000000000000001,2.3000000000000003,0.17391304347826086,0.08869565217391304,15.0
12.100000000000037,9.099999999999994,12.150000000000038,12.147491593880533,3.351032163829112,1.0,6,2.5,2.3,2.7,0.3488372093023256,0.17790697674418604,22.23837209302325
12.100000000000037,9.149999999999995,12.150000000000038,12.147491593880533,3.351032163829112,1.0,1,0.5,0.3,0.7,0.0,0.0,0.0
12.100000000000037,9.149999999999995,12.150000000000038,12.147491593880533,3.351032163829112,1.0,2,0.9,0.7,1.1,0.1111111111111111,0.056666666666666664,15.0
12.100000000000037,9.149999999999995,12.150000000000038,12.147491593880533,3.351032163829112,1.0,3,1.3,1.1,1.5,0.125,0.06375,15.0
12.100000000000037,9.149999999999995,12.150000000000038,12.147491593880533,3.351032163829112,1.0,4,1.7000000000000002,1.5000000000000002,1.9000000000000001,0.08888888888888889,0.04533333333333334,15.0
12.100000000000037,9.149999999999995,12.150000000000038,12.147491593880533,3.351032163829112,1.0,5,2.1,1.9000000000000001,2.3000000000000003,0.043478260869565216,0.02217391304347826,15.0
12.100000000000037,9.149999999999995,12.150000000000038,12.147491593880533,3.351032163829112,1.0,6,2.5,2.3,2.7,0.09302325581395349,0.04744186046511628,15.0
12.100000000000037,9.199999999999996,12.150000000000038,12.147491593880533,3.351032163829112,1.0,1,0.5,0.3,0.7,0.0,0.0,0.0
12.100000000000037,9.199999999999996,12.150000000000038,12.147491593880533,3.351032163829112,1.0,2,0.9,0.7,1.1,0.0,0.0,0.0
12.100000000000037,9.199999999999996,12.150000000000038,12.147491593880533,3.351032163829112,1.0,3,1.3,1.1,1.5,0.0,0.0,0.0
12.100000000000037,9.199999999999996,12.150000000000038,12.147491593880533,3.351032163829112,1.0,4,1.7000000000000002,1.5000000000000002,1.9000000000000001,0.0,0.0,0.0
12.100000000000037,9.199999999999996,12.150000000000038,12.147491593880533,3.351032163829112,1.0,5,2.1,1.9000000000000001,2.3000000000000003,0.0,0.0,0.0
12.100000000000037,9.199999999999996,12.150000000000038,12.147491593880533,3.351032163829112,1.0,6,2.5,2.3,2.7,0.0,0.0,0.0
12.550000000000043,9.249999999999996,12.600000000000044,12.566370614359172,3.351032163829114,1.0,1,0.5,0.3,0.7,0.0,0.0,0.0
12.550000000000043,9.249999999999996,12.600000000000044,12.566370614359172,3.351032163829114,1.0,2,0.9,0.7,1.1,0.0,0.0,0.0
12.550000000000043,9.249999999999996,12.600000000000044,12.566370614359172,3.351032163829114,1.0,3,1.3,1.1,1.5,0.0,0.0,0.0
12.550000000000043,9.249999999999996,12.600000000000044,12.566370614359172,3.351032163829114,1.0,4,1.7000000000000002,1.5000000000000002,1.9000000000000001,0.0,0.0,0.0
12.550000000000043,9.249999999999996,12.600000000000044,12.566370614359172,3.351032163829114,1.0,5,2.1,1.9000000000000001,2.3000000000000003,0.0,0.0,0.0
12.550000000000043,9.249999999999996,12.600000000000044,12.566370614359172,3.351032163829114,1.0,6,2.5,2.3,2.7,0.0,0.0,0.0
12.550000000000043,9.299999999999997,12.600000000000044,12.566370614359172,3.351032163829114,1.0,1,0.5,0.3,0.7,0.0,0.0,0.0
12.550000000000043,9.299999999999997,12.600000000000044,12.566370614359172,3.351032163829114,1.0,2,0.9,0.7,1.1,0.0,0.0,0.0
12.550000000000043,9.299999999999997,12.600000000000044,12.566370614359172,3.351032163829114,1.0,3,1.3,1.1,1.5,0.0,0.0,0.0
12.550000000000043,9.299999999999997,12.600000000000044,12.566370614359172,3.351032163829114,1.0,4,1.7000000000000002,1.5000000000000002,1.9000000000000001,0.0,0.0,0.0
12.550000000000043,9.299999999999997,12.600000000000044,12.566370614359172,3.351032163829114,1.0,5,2.1,1.9000000000000001,2.3000000000000003,0.0,0.0,0.0
12.550000000000043,9.299999999999997,12.600000000000044,12.566370614359172,3.351032163829114,1.0,6,2.5,2.3,2.7,0.0,0.0,0.0
12.550000000000043,9.349999999999998,12.600000000000044,12.566370614359172,3.351032163829114,1.0,1,0.5,0.3,0.7,0.0,0.0,0.0
12.550000000000043,9.349999999999998,12.600000000000044,12.566370614359172,3.351032163829114,1.0,2,0.9,0.7,1.1,0.0,0.0,0.0
12.550000000000043,9.349999999999998,12.600000000000044,12.566370614359172,3.351032163829114,1.0,3,1.3,1.1,1.5,0.0,0.0,0.0
12.550000000000043,9.349999999999998,12.600000000000044,12.566370614359172,3.351032163829114,1.0,4,1.7000000000000002,1.5000000000000002,1.9000000000000001,0.0,0.0,0.0
12.550000000000043,9.349999999999998,12.600000000000044,12.566370614359172,3.351032163829114,1.0,5,2.1,1.9000000000000001,2.3000000000000003,0.0,0.0,0.0
12.550000000000043,9.349999999999998,12.600000000000044,12.566370614359172,3.351032163829114,1.0,6,2.5,2.3,2.7,0.0,0.0,0.0
12.550000000000043,9.399999999999999,12.600000000000044,12.566370614359172,3.351032163829114,1.0,1,0.5,0.3,0.7,0.0,0.0,0.0
12.550000000000043,9.399999999999999,12.600000000000044,12.566370614359172,3.351032163829114,1.0,2,0.9,0.7,1.1,0.0,0.0,0.0
12.550000000000043,9.399999999999999,12.600000000000044,12.566370614359172,3.351032163829114,1.0,3,1.3,1.1,1.5,0.0,0.0,0.0
12.550000000000043,9.399999999999999,12.600000000000044,12.566370614359172,3.351032163829114,1.0,4,1.7000000000000002,1.5000000000000002,1.9000000000000001,0.0,0.0,0.0
12.550000000000043,9.399999999999999,12.600000000000044,12.566370614359172,3.351032163829114,1.0,5,2.1,1.9000000000000001,2.3000000000000003,0.0,0.0,0.0
12.550000000000043,9.399999999999999,12.600000000000044,12.566370614359172,3.351032163829114,1.0,6,2.5,2.3,2.7,0.0,0.0,0.0
12.550000000000043,9.45,12.600000000000044,12.566370614359172,3.351032163829114,1.0,1,0.5,0.3,0.7,0.0,0.0,0.0
12.550000000000043,9.45,12.600000000000044,12.566370614359172,3.351032163829114,1.0,2,0.9,0.7,1.1,0.0,0.0,0.0
12.550000000000043,9.45,12.600000000000044,12.566370614359172,3.351032163829114,1.0,3,1.3,1.1,1.5,0.0,0.0,0.0
12.550000000000043,9.45,12.600000000000044,12.566370614359172,3.351032163829114,1.0,4,1.7000000000000002,1.5000000000000002,1.9000000000000001,0.0,0.0,0.0
12.550000000000043,9.45,12.600000000000044,12.566370614359172,3.351032163829114,1.0,5,2.1,1.9000000000000001,2.3000000000000003,0.0,0.0,0.0
12.550000000000043,9.45,12.600000000000044,12.566370614359172,3.351032163829114,1.0,6,2.5,2.3,2.7,0.0,0.0,0.0
12.550000000000043,9.5,12.600000000000044,12.566370614359172,3.351032163829114,1.0,1,0.5,0.3,0.7,0.0,0.0,0.0
12.550000000000043,9.5,12.600000000000044,12.566370614359172,3.351032163829114,1.0,2,0.9,0.7,1.1,0.0,0.0,0.0
12.550000000000043,9.5,12.600000000000044,12.566370614359172,3.351032163829114,1.0,3,1.3,1.1,1.5,0.0,0.0,0.0
12.550000000000043,9.5,12.600000000000044,12.566370614359172,3.351032163829114,1.0,4,1.7000000000000002,1.5000000000000002,1.9000000000000001,0.0,0.0,0.0
12.550000000000043,9.5,12.600000000000044,12.566370614359172,3.351032163829114,1.0,5,2.1,1.9000000000000001,2.3000000000000003,0.0,0.0,0.0
12.550000000000043,9.5,12.600000000000044,12.566370614359172,3.351032163829114,1.0,6,2.5,2.3,2.7,0.0,0.0,0.0
12.550000000000043,9.55,12.600000000000044,12.566370614359172,3.351032163829114,1.0,1,0.5,0.3,0.7,0.0,0.0,0.0
12.550000000000043,9.55,12.600000000000044,12.566370614359172,3.351032163829114,1.0,2,0.9,0.7,1.1,0.0,0.0,0.0
12.550000000000043,9.55,12.600000000000044,12.566370614359172,3.351032163829114,1.0,3,1.3,1.1,1.5,0.0,0.0,0.0
12.550000000000043,9.55,12.600000000000044,12.566370614359172,3.351032163829114,1.0,4,1.7000000000000002,1.5000000000000002,1.9000000000000001,0.0,0.0,0.0
12.550000000000043,9.55,12.600000000000044,12.566370614359172,3.351032163829114,1.0,5,2.1,1.9000000000000001,2.3000000000000003,0.0,0.0,0.0
12.550000000000043,9.55,12.600000000000044,12.566370614359172,3.351032163829114,1.0,6,2.5,2.3,2.7,0.0,0.0,0.0
12.550000000000043,9.600000000000001,12.600000000000044,12.566370614359172,3.351032163829114,1.0,1,0.5,0.3,0.7,0.0,0.0,0.0
12.550000000000043,9.600000000000001,12.600000000000044,12.566370614359172,3.351032163829114,1.0,2,0.9,0.7,1.1,0.0,0.0,0.0
12.550000000000043,9.600000000000001,12.600000000000044,12.566370614359172,3.351032163829114,1.0,3,1.3,1.1,1.5,0.0,0.0,0.0
12.550000000000043,9.600000000000001,12.600000000000044,12.566370614359172,3.351032163829114,1.0,4,1.7000000000000002,1.5000000000000002,1.9000000000000001,0.0,0.0,0.0
12.550000000000043,9.600000000000001,12.600000000000044,12.566370614359172,3.351032163829114,1.0,5,2.1,1.9000000000000001,2.3000000000000003,0.0,0.0,0.0
12.550000000000043,9.600000000000001,12.600000000000044,12.566370614359172,3.351032163829114,1.0,6,2.5,2.3,2.7,0.0,0.0,0.0
12.950000000000049,9.650000000000002,13.00000000000005,12.98524963483781,3.351032163829112,1.0,1,0.5,0.3,0.7,0.0,0.0,0.0
12.950000000000049,9.650000000000002,13.00000000000005,12.98524963483781,3.351032163829112,1.0,2,0.9,0.7,1.1,0.0,0.0,0.0
12.950000000000049,9.650000000000002,13.00000000000005,12.98524963483781,3.351032163829112,1.0,3,1.3,1.1,1.5,0.0,0.0,0.0
12.950000000000049,9.650000000000002,13.00000000000005,12.98524963483781,3.351032163829112,1.0,4,1.7000000000000002,1.5000000000000002,1.9000000000000001,0.0,0.0,0.0
12.950000000000049,9.650000000000002,13.00000000000005,12.98524963483781,3.351032163829112,1.0,5,2.1,1.9000000000000001,2.3000000000000003,0.0,0.0,0.0
12.950000000000049,9.650000000000002,13.00000000000005,12.98524963483781,3.351032163829112,1.0,6,2.5,2.3,2.7,0.0,0.0,0.0
12.950000000000049,9.700000000000003,13.00000000000005,12.98524963483781,3.351032163829112,1.0,1,0.5,0.3,0.7,0.0,0.0,0.0
12.950000000000049,9.700000000000003,13.00000000000005,12.98524963483781,3.351032163829112,1.0,2,0.9,0.7,1.1,0.0,0.0,0.0
12.950000000000049,9.700000000000003,13.00000000000005,12.98524963483781,3.351032163829112,1.0,3,1.3,1.1,1.5,0.0,0.0,0.0
12.950000000000049,9.700000000000003,13.00000000000005,12.98524963483781,3.351032163829112,1.0,4,1.7000000000000002,1.5000000000000002,1.9000000000000001,0.0,0.0,0.0
12.950000000000049,9.700000000000003,13.00000000000005,12.98524963483781,3.351032163829112,1.0,5,2.1,1.9000000000000001,2.3000000000000003,0.0,0.0,0.0
12.950000000000049,9.700000000000003,13.00000000000005,12.98524963483781,3.351032163829112,1.0,6,2.5,2.3,2.7,0.0,0.0,0.0
12.950000000000049,9.750000000000004,13.00000000000005,12.98524963483781,3.351032163829112,1.0,1,0.5,0.3,0.7,0.0,0.0,0.0
12.950000000000049,9.750000000000004,13.00000000000005,12.98524963483781,3.351032163829112,1.0,2,0.9,0.7,1.1,0.0,0.0,0.0
12.950000000000049,9.750000000000004,13.00000000000005,12.98524963483781,3.351032163829112,1.0,3,1.3,1.1,1.5,0.0,0.0,0.0
12.950000000000049,9.750000000000004,13.00000000000005,12.98524963483781,3.351032163829112,1.0,4,1.7000000000000002,1.5000000000000002,1.9000000000000001,0.0,0.0,0.0
12.950000000000049,9.750000000000004,13.00000000000005,12.98524963483781,3.351032163829112,1.0,5,2.1,1.9000000000000001,2.3000000000000003,0.0,0.0,0.0
12.950000000000049,9.750000000000004,13.00000000000005,12.98524963483781,3.351032163829112,1.0,6,2.5,2.3,2.7,0.0,0.0,0.0
12.950000000000049,9.800000000000004,13.00000000000005,12.98524963483781,3.351032163829112,1.0,1,0.5,0.3,0.7,0.0,0.0,0.0
12.950000000000049,9.800000000000004,13.00000000000005,12.98524963483781,3.351032163829112,1.0,2,0.9,0.7,1.1,0.0,0.0,0.0
12.950000000000049,9.800000000000004,13.00000000000005,12.98524963483781,3.351032163829112,1.0,3,1.3,1.1,1.5,0.0,0.0,0.0
12.950000000000049,9.800000000000004,13.00000000000005,12.98524963483781,3.351032163829112,1.0,4,1.7000000000000002,1.5000000000000002,1.9000000000000001,0.0,0.0,0.0
12.950000000000049,9.800000000000004,13.00000000000005,12.98524963483781,3.351032163829112,1.0,5,2.1,1.9000000000000001,2.3000000000000003,0.0,0.0,0.0
12.950000000000049,9.800000000000004,13.00000000000005,12.98524963483781,3.351032163829112,1.0,6,2.5,2.3,2.7,0.0,0.0,0.0
12.950000000000049,9.850000000000005,13.00000000000005,12.98524963483781,3.351032163829112,1.0,1,0.5,0.3,0.7,0.0,0.0,0.0
12.950000000000049,9.850000000000005,13.00000000000005,12.98524963483781,3.351032163829112,1.0,2,0.9,0.7,1.1,0.0,0.0,0.0
12.950000000000049,9.850000000000005,13.00000000000005,12.98524963483781,3.351032163829112,1.0,3,1.3,1.1,1.5,0.0,0.0,0.0
12.950000000000049,9.850000000000005,13.00000000000005,12.98524963483781,3.351032163829112,1.0,4,1.7000000000000002,1.5000000000000002,1.9000000000000001,0.0,0.0,0.0
12.950000000000049,9.850000000000005,13.00000000000005,12.98524963483781,3.351032163829112,1.0,5,2.1,1.9000000000000001,2.3000000000000003,0.0,0.0,0.0
12.950000000000049,9.850000000000005,13.00000000000005,12.98524963483781,3.351032163829112,1.0,6,2.5,2.3,2.7,0.0,0.0,0.0
12.950000000000049,9.900000000000006,13.00000000000005,12.98524963483781,3.351032163829112,1.0,1,0.5,0.3,0.7,0.0,0.0,0.0
12.950000000000049,9.900000000000006,13.00000000000005,12.98524963483781,3.351032163829112,1.0,2,0.9,0.7,1.1,0.0,0.0,0.0
12.950000000000049,9.900000000000006,13.00000000000005,12.98524963483781,3.351032163829112,1.0,3,1.3,1.1,1.5,0.0,0.0,0.0
12.950000000000049,9.900000000000006,13.00000000000005,12.98524963483781,3.351032163829112,1.0,4,1.7000000000000002,1.5000000000000002,1.9000000000000001,0.0,0.0,0.0
12.950000000000049,9.900000000000006,13.00000000000005,12.98524963483781,3.351032163829112,1.0,5,2.1,1.9000000000000001,2.3000000000000003,0.0,0.0,0.0
12.950000000000049,9.900000000000006,13.00000000000005,12.98524963483781,3.351032163829112,1.0,6,2.5,2.3,2.7,0.0,0.0,0.0
12.950000000000049,9.950000000000006,13.00000000000005,12.98524963483781,3.351032163829112,1.0,1,0.5,0.3,0.7,0.0,0.0,0.0
12.950000000000049,9.950000000000006,13.00000000000005,12.98524963483781,3.351032163829112,1.0,2,0.9,0.7,1.1,0.0,0.0,0.0
12.950000000000049,9.950000000000006,13.00000000000005,12.98524963483781,3.351032163829112,1.0,3,1.3,1.1,1.5,0.0,0.0,0.0
12.950000000000049,9.950000000000006,13.00000000000005,12.98524963483781,3.351032163829112,1.0,4,1.7000000000000002,1.5000000000000002,1.9000000000000001,0.0,0.0,0.0
12.950000000000049,9.950000000000006,13.00000000000005,12.98524963483781,3.351032163829112,1.0,5,2.1,1.9000000000000001,2.3000000000000003,0.0,0.0,0.0
12.950000000000049,9.950000000000006,13.00000000000005,12.98524963483781,3.351032163829112,1.0,6,2.5,2.3,2.7,0.0,0.0,0.0
12.950000000000049,10.000000000000007,13.00000000000005,12.98524963483781,3.351032163829112,1.0,1,0.5,0.3,0.7,0.0,0.0,0.0
12.950000000000049,10.000000000000007,13.00000000000005,12.98524963483781,3.351032163829112,1.0,2,0.9,0.7,1.1,0.0,0.0,0.0
12.950000000000049,10.000000000000007,13.00000000000005,12.98524963483781,3.351032163829112,1.0,3,1.3,1.1,1.5,0.0,0.0,0.0
12.950000000000049,10.000000000000007,13.00000000000005,12.98524963483781,3.351032163829112,1.0,4,1.7000000000000002,1.5000000000000002,1.9000000000000001,0.0,0.0,0.0
12.950000000000049,10.000000000000007,13.00000000000005,12.98524963483781,3.351032163829112,1.0,5,2.1,1.9000000000000001,2.3000000000000003,0.0,0.0,0.0
12.950000000000049,10.000000000000007,13.00000000000005,12.98524963483781,3.351032163829112,1.0,6,2.5,2.3,2.7,0.0,0.0,0.0
12.950000000000049,10.050000000000008,13.00000000000005,12.98524963483781,3.351032163829112,1.0,1,0.5,0.3,0.7,0.0,0.0,0.0
12.950000000000049,10.050000000000008,13.00000000000005,12.98524963483781,3.351032163829112,1.0,2,0.9,0.7,1.1,0.0,0.0,0.0
12.950000000000049,10.050000000000008,13.00000000000005,12.98524963483781,3.351032163829112,1.0,3,1.3,1.1,1.5,0.0,0.0,0.0
12.950000000000049,10.050000000000008,13.00000000000005,12.98524963483781,3.351032163829112,1.0,4,1.7000000000000002,1.5000000000000002,1.9000000000000001,0.0,0.0,0.0
12.950000000000049,10.050000000000008,13.00000000000005,12.98524963483781,3.351032163829112,1.0,5,2.1,1.9000000000000001,2.3000000000000003,0.0,0.0,0.0
12.950000000000049,10.050000000000008,13.00000000000005,12.98524963483781,3.351032163829112,1.0,6,2.5,2.3,2.7,0.0,0.0,0.0
13.400000000000055,10.100000000000009,13.450000000000056,13.40412865531645,3.351032163829112,1.0,1,0.5,0.3,0.7,0.0,0.0,0.0
13.400000000000055,10.100000000000009,13.450000000000056,13.40412865531645,3.351032163829112,1.0,2,0.9,0.7,1.1,0.0,0.0,0.0
13.400000000000055,10.100000000000009,13.450000000000056,13.40412865531645,3.351032163829112,1.0,3,1.3,1.1,1.5,0.0,0.0,0.0
13.400000000000055,10.100000000000009,13.450000000000056,13.40412865531645,3.351032163829112,1.0,4,1.7000000000000002,1.5000000000000002,1.9000000000000001,0.0,0.0,0.0
13.400000000000055,10.100000000000009,13.450000000000056,13.40412865531645,3.351032163829112,1.0,5,2.1,1.9000000000000001,2.3000000000000003,0.0,0.0,0.0
13.400000000000055,10.100000000000009,13.450000000000056,13.40412865531645,3.351032163829112,1.0,6,2.5,2.3,2.7,0.0,0.0,0.0
13.400000000000055,10.15000000000001,13.450000000000056,13.40412865531645,3.351032163829112,1.0,1,0.5,0.3,0.7,0.0,0.0,0.0
13.400000000000055,10.15000000000001,13.450000000000056,13.40412865531645,3.351032163829112,1.0,2,0.9,0.7,1.1,0.0,0.0,0.0
13.400000000000055,10.15000000000001,13.450000000000056,13.40412865531645,3.351032163829112,1.0,3,1.3,1.1,1.5,0.0,0.0,0.0
13.400000000000055,10.15000000000001,13.450000000000056,13.40412865531645,3.351032163829112,1.0,4,1.7000000000000002,1.5000000000000002,1.9000000000000001,0.0,0.0,0.0
13.400000000000055,10.15000000000001,13.450000000000056,13.40412865531645,3.351032163829112,1.0,5,2.1,1.9000000000000001,2.3000000000000003,0.0,0.0,0.0
13.400000000000055,10.15000000000001,13.450000000000056,13.40412865531645,3.351032163829112,1.0,6,2.5,2.3,2.7,0.0,0.0,0.0
13.400000000000055,10.20000000000001,13.450000000000056,13.40412865531645,3.351032163829112,1.0,1,0.5,0.3,0.7,0.0,0.0,0.0
13.400000000000055,10.20000000000001,13.450000000000056,13.40412865531645,3.351032163829112,1.0,2,0.9,0.7,1.1,0.0,0.0,0.0
13.400000000000055,10.20000000000001,13.450000000000056,13.40412865531645,3.351032163829112,1.0,3,1.3,1.1,1.5,0.0,0.0,0.0
13.400000000000055,10.20000000000001,13.450000000000056,13.40412865531645,3.351032163829112,1.0,4,1.7000000000000002,1.5000000000000002,1.9000000000000001,0.0,0.0,0.0
13.400000000000055,10.20000000000001,13.450000000000056,13.40412865531645,3.351032163829112,1.0,5,2.1,1.9000000000000001,2.3000000000000003,0.0,0.0,0.0
13.400000000000055,10.20000000000001,13.450000000000056,13.40412865531645,3.351032163829112,1.0,6,2.5,2.3,2.7,0.0,0.0,0.0
13.400000000000055,10.25000000000001,13.450000000000056,13.40412865531645,3.351032163829112,1.0,1,0.5,0.3,0.7,0.0,0.0,0.0
13.400000000000055,10.25000000000001,13.450000000000056,13.40412865531645,3.351032163829112,1.0,2,0.9,0.7,1.1,0.0,0.0,0.0
13.400000000000055,10.25000000000001,13.450000000000056,13.40412865531645,3.351032163829112,1.0,3,1.3,1.1,1.5,0.0,0.0,0.0
13.400000000000055,10.25000000000001,13.450000000000056,13.40412865531645,3.351032163829112,1.0,4,1.7000000000000002,1.5000000000000002,1.9000000000000001,0.0,0.0,0.0
13.400000000000055,10.25000000000001,13.450000000000056,13.40412865531645,3.351032163829112,1.0,5,2.1,1.9000000000000001,2.3000000000000003,0.0,0.0,0.0
13.400000000000055,10.25000000000001,13.450000000000056,13.40412865531645,3.351032163829112,1.0,6,2.5,2.3,2.7,0.0,0.0,0.0
13.400000000000055,10.300000000000011,13.450000000000056,13.40412865531645,3.351032163829112,1.0,1,0.5,0.3,0.7,0.0,0.0,0.0
13.400000000000055,10.300000000000011,13.450000000000056,13.40412865531645,3.351032163829112,1.0,2,0.9,0.7,1.1,0.0,0.0,0.0
13.400000000000055,10.300000000000011,13.450000000000056,13.40412865531645,3.351032163829112,1.0,3,1.3,1.1,1.5,0.0,0.0,0.0
13.400000000000055,10.300000000000011,13.450000000000056,13.40412865531645,3.351032163829112,1.0,4,1.7000000000000002,1.5000000000000002,1.9000000000000001,0.0,0.0,0.0
13.400000000000055,10.300000000000011,13.450000000000056,13.40412865531645,3.351032163829112,1.0,5,2.1,1.9000000000000001,2.3000000000000003,0.0,0.0,0.0
13.400000000000055,10.300000000000011,13.450000000000056,13.40412865531645,3.351032163829112,1.0,6,2.5,2.3,2.7,0.0,0.0,0.0
13.400000000000055,10.350000000000012,13.450000000000056,13.40412865531645,3.351032163829112,1.0,1,0.5,0.3,0.7,0.0,0.0,0.0
13.400000000000055,10.350000000000012,13.450000000000056,13.40412865531645,3.351032163829112,1.0,2,0.9,0.7,1.1,0.0,0.0,0.0
13.400000000000055,10.350000000000012,13.450000000000056,13.40412865531645,3.351032163829112,1.0,3,1.3,1.1,1.5,0.0,0.0,0.0
13.400000000000055,10.350000000000012,13.450000000000056,13.40412865531645,3.351032163829112,1.0,4,1.7000000000000002,1.5000000000000002,1.9000000000000001,0.0,0.0,0.0
13.400000000000055,10.350000000000012,13.450000000000056,13.40412865531645,3.351032163829112,1.0,5,2.1,1.9000000000000001,2.3000000000000003,0.0,0.0,0.0
13.400000000000055,10.350000000000012,13.450000000000056,13.40412865531645,3.351032163829112,1.0,6,2.5,2.3,2.7,0.0,0.0,0.0
13.400000000000055,10.400000000000013,13.450000000000056,13.40412865531645,3.351032163829112,1.0,1,0.5,0.3,0.7,0.0,0.0,0.0
13.400000000000055,10.400000000000013,13.450000000000056,13.40412865531645,3.351032163829112,1.0,2,0.9,0.7,1.1,0.0,0.0,0.0
13.400000000000055,10.400000000000013,13.450000000000056,13.40412865531645,3.351032163829112,1.0,3,1.3,1.1,1.5,0.0,0.0,0.0
13.400000000000055,10.400000000000013,13.450000000000056,13.40412865531645,3.351032163829112,1.0,4,1.7000000000000002,1.5000000000000002,1.9000000000000001,0.0,0.0,0.0
13.400000000000055,10.400000000000013,13.450000000000056,13.40412865531645,3.351032163829112,1.0,5,2.1,1.9000000000000001,2.3000000000000003,0.0,0.0,0.0
13.400000000000055,10.400000000000013,13.450000000000056,13.40412865531645,3.351032163829112,1.0,6,2.5,2.3,2.7,0.0,0.0,0.0
13.400000000000055,10.450000000000014,13.450000000000056,13.40412865531645,3.351032163829112,1.0,1,0.5,0.3,0.7,0.0,0.0,0.0
13.400000000000055,10.450000000000014,13.450000000000056,13.40412865531645,3.351032163829112,1.0,2,0.9,0.7,1.1,0.0,0.0,0.0
13.400000000000055,10.450000000000014,13.450000000000056,13.40412865531645,3.351032163829112,1.0,3,1.3,1.1,1.5,0.0,0.0,0.0
13.400000000000055,10.450000000000014,13.450000000000056,13.40412865531645,3.351032163829112,1.0,4,1.7000000000000002,1.5000000000000002,1.9000000000000001,0.0,0.0,0.0
13.400000000000055,10.450000000000014,13.450000000000056,13.40412865531645,3.351032163829112,1.0,5,2.1,1.9000000000000001,2.3000000000000003,0.0,0.0,0.0
13.400000000000055,10.450000000000014,13.450000000000056,13.40412865531645,3.351032163829112,1.0,6,2.5,2.3,2.7,0.0,0.0,0.0
13.800000000000061,10.500000000000014,13.850000000000062,13.82300767579509,3.351032163829114,1.0,1,0.5,0.3,0.7,0.0,0.0,0.0
13.800000000000061,10.500000000000014,13.850000000000062,13.82300767579509,3.351032163829114,1.0,2,0.9,0.7,1.1,0.0,0.0,0.0
13.800000000000061,10.500000000000014,13.850000000000062,13.82300767579509,3.351032163829114,1.0,3,1.3,1.1,1.5,0.0,0.0,0.0
13.800000000000061,10.500000000000014,13.850000000000062,13.82300767579509,3.351032163829114,1.0,4,1.7000000000000002,1.5000000000000002,1.9000000000000001,0.0,0.0,0.0
13.800000000000061,10.500000000000014,13.850000000000062,13.82300767579509,3.351032163829114,1.0,5,2.1,1.9000000000000001,2.3000000000000003,0.0,0.0,0.0
13.800000000000061,10.500000000000014,13.850000000000062,13.82300767579509,3.351032163829114,1.0,6,2.5,2.3,2.7,0.0,0.0,0.0
13.800000000000061,10.550000000000015,13.850000000000062,13.82300767579509,3.351032163829114,1.0,1,0.5,0.3,0.7,0.0,0.0,0.0
13.800000000000061,10.550000000000015,13.850000000000062,13.82300767579509,3.351032163829114,1.0,2,0.9,0.7,1.1,0.0,0.0,0.0
13.800000000000061,10.550000000000015,13.850000000000062,13.82300767579509,3.351032163829114,1.0,3,1.3,1.1,1.5,0.0,0.0,0.0
13.800000000000061,10.550000000000015,13.850000000000062,13.82300767579509,3.351032163829114,1.0,4,1.7000000000000002,1.5000000000000002,1.9000000000000001,0.0,0.0,0.0
13.800000000000061,10.550000000000015,13.850000000000062,13.82300767579509,3.351032163829114,1.0,5,2.1,1.9000000000000001,2.3000000000000003,0.0,0.0,0.0
13.800000000000061,10.550000000000015,13.850000000000062,13.82300767579509,3.351032163829114,1.0,6,2.5,2.3,2.7,0.0,0.0,0.0
13.800000000000061,10.600000000000016,13.850000000000062,13.82300767579509,3.351032163829114,1.0,1,0.5,0.3,0.7,0.0,0.0,0.0
13.800000000000061,10.600000000000016,13.850000000000062,13.82300767579509,3.351032163829114,1.0,2,0.9,0.7,1.1,0.0,0.0,0.0
13.800000000000061,10.600000000000016,13.850000000000062,13.82300767579509,3.351032163829114,1.0,3,1.3,1.1,1.5,0.0,0.0,0.0
13.800000000000061,10.600000000000016,13.850000000000062,13.82300767579509,3.351032163829114,1.0,4,1.7000000000000002,1.5000000000000002,1.9000000000000001,0.0,0.0,0.0
13.800000000000061,10.600000000000016,13.850000000000062,13.82300767579509,3.351032163829114,1.0,5,2.1,1.9000000000000001,2.3000000000000003,0.0,0.0,0.0
13.800000000000061,10.600000000000016,13.850000000000062,13.82300767579509,3.351032163829114,1.0,6,2.5,2.3,2.7,0.0,0.0,0.0
13.800000000000061,10.650000000000016,13.850000000000062,13.82300767579509,3.351032163829114,1.0,1,0.5,0.3,0.7,0.0,0.0,0.0
13.800000000000061,10.650000000000016,13.850000000000062,13.82300767579509,3.351032163829114,1.0,2,0.9,0.7,1.1,0.0,0.0,0.0
13.800000000000061,10.650000000000016,13.850000000000062,13.82300767579509,3.351032163829114,1.0,3,1.3,1.1,1.5,0.0,0.0,0.0
13.800000000000061,10.650000000000016,13.850000000000062,13.82300767579509,3.351032163829114,1.0,4,1.7000000000000002,1.5000000000000002,1.9000000000000001,0.0,0.0,0.0
13.800000000000061,10.650000000000016,13.850000000000062,13.82300767579509,3.351032163829114,1.0,5,2.1,1.9000000000000001,2.3000000000000003,0.0,0.0,0.0
13.800000000000061,10.650000000000016,13.850000000000062,13.82300767579509,3.351032163829114,1.0,6,2.5,2.3,2.7,0.0,0.0,0.0
13.800000000000061,10.700000000000017,13.850000000000062,13.82300767579509,3.351032163829114,1.0,1,0.5,0.3,0.7,0.0,0.0,0.0
13.800000000000061,10.700000000000017,13.850000000000062,13.82300767579509,3.351032163829114,1.0,2,0.9,0.7,1.1,0.0,0.0,0.0
13.800000000000061,10.700000000000017,13.850000000000062,13.82300767579509,3.351032163829114,1.0,3,1.3,1.1,1.5,0.0,0.0,0.0
13.800000000000061,10.700000000000017,13.850000000000062,13.82300767579509,3.351032163829114,1.0,4,1.7000000000000002,1.5000000000000002,1.9000000000000001,0.0,0.0,0.0
13.800000000000061,10.700000000000017,13.850000000000062,13.82300767579509,3.351032163829114,1.0,5,2.1,1.9000000000000001,2.3000000000000003,0.0,0.0,0.0
13.800000000000061,10.700000000000017,13.850000000000062,13.82300767579509,3.351032163829114,1.0,6,2.5,2.3,2.7,0.0,0.0,0.0
13.800000000000061,10.750000000000018,13.850000000000062,13.82300767579509,3.351032163829114,1.0,1,0.5,0.3,0.7,0.0,0.0,0.0
13.800000000000061,10.750000000000018,13.850000000000062,13.82300767579509,3.351032163829114,1.0,2,0.9,0.7,1.1,0.0,0.0,0.0
13.800000000000061,10.750000000000018,13.850000000000062,13.82300767579509,3.351032163829114,1.0,3,1.3,1.1,1.5,0.0,0.0,0.0
13.800000000000061,10.750000000000018,13.850000000000062,13.82300767579509,3.351032163829114,1.0,4,1.7000000000000002,1.5000000000000002,1.9000000000000001,0.0,0.0,0.0
13.800000000000061,10.750000000000018,13.850000000000062,13.82300767579509,3.351032163829114,1.0,5,2.1,1.9000000000000001,2.3000000000000003,0.0,0.0,0.0
13.800000000000061,10.750000000000018,13.850000000000062,13.82300767579509,3.351032163829114,1.0,6,2.5,2.3,2.7,0.0,0.0,0.0
13.800000000000061,10.800000000000018,13.850000000000062,13.82300767579509,3.351032163829114,1.0,1,0.5,0.3,0.7,0.0,0.0,0.0
13.800000000000061,10.800000000000018,13.850000000000062,13.82300767579509,3.351032163829114,1.0,2,0.9,0.7,1.1,0.0,0.0,0.0
13.800000000000061,10.800000000000018,13.850000000000062,13.82300767579509,3.351032163829114,1.0,3,1.3,1.1,1.5,0.0,0.0,0.0
13.800000000000061,10.800000000000018,13.850000000000062,13.82300767579509,3.351032163829114,1.0,4,1.7000000000000002,1.5000000000000002,1.9000000000000001,0.0,0.0,0.0
13.800000000000061,10.800000000000018,13.850000000000062,13.82300767579509,3.351032163829114,1.0,5,2.1,1.9000000000000001,2.3000000000000003,0.0,0.0,0.0
13.800000000000061,10.800000000000018,13.850000000000062,13.82300767579509,3.351032163829114,1.0,6,2.5,2.3,2.7,0.0,0.0,0.0
13.800000000000061,10.85000000000002,13.850000000000062,13.82300767579509,3.351032163829114,1.0,1,0.5,0.3,0.7,0.0,0.0,0.0
13.800000000000061,10.85000000000002,13.850000000000062,13.82300767579509,3.351032163829114,1.0,2,0.9,0.7,1.1,0.0,0.0,0.0
13.800000000000061,10.85000000000002,13.850000000000062,13.82300767579509,3.351032163829114,1.0,3,1.3,1.1,1.5,0.0,0.0,0.0
13.800000000000061,10.85000000000002,13.850000000000062,13.82300767579509,3.351032163829114,1.0,4,1.7000000000000002,1.5000000000000002,1.9000000000000001,0.0,0.0,0.0
13.800000000000061,10.85000000000002,13.850000000000062,13.82300767579509,3.351032163829114,1.0,5,2.1,1.9000000000000001,2.3000000000000003,0.0,0.0,0.0
13.800000000000061,10.85000000000002,13.850000000000062,13.82300767579509,3.351032163829114,1.0,6,2.5,2.3,2.7,0.0,0.0,0.0
14.200000000000067,10.90000000000002,14.250000000000068,14.241886696273728,3.351032163829112,1.0,1,0.5,0.3,0.7,0.0,0.0,0.0
14.200000000000067,10.90000000000002,14.250000000000068,14.241886696273728,3.351032163829112,1.0,2,0.9,0.7,1.1,0.0,0.0,0.0
14.200000000000067,10.90000000000002,14.250000000000068,14.241886696273728,3.351032163829112,1.0,3,1.3,1.1,1.5,0.0,0.0,0.0
14.200000000000067,10.90000000000002,14.250000000000068,14.241886696273728,3.351032163829112,1.0,4,1.7000000000000002,1.5000000000000002,1.9000000000000001,0.0,0.0,0.0
14.200000000000067,10.90000000000002,14.250000000000068,14.241886696273728,3.351032163829112,1.0,5,2.1,1.9000000000000001,2.3000000000000003,0.0,0.0,0.0
14.200000000000067,10.90000000000002,14.250000000000068,14.241886696273728,3.351032163829112,1.0,6,2.5,2.3,2.7,0.0,0.0,0.0
14.200000000000067,10.95000000000002,14.250000000000068,14.241886696273728,3.351032163829112,1.0,1,0.5,0.3,0.7,0.0,0.0,0.0
14.200000000000067,10.95000000000002,14.250000000000068,14.241886696273728,3.351032163829112,1.0,2,0.9,0.7,1.1,0.0,0.0,0.0
14.200000000000067,10.95000000000002,14.250000000000068,14.241886696273728,3.351032163829112,1.0,3,1.3,1.1,1.5,0.0,0.0,0.0
14.200000000000067,10.95000000000002,14.250000000000068,14.241886696273728,3.351032163829112,1.0,4,1.7000000000000002,1.5000000000000002,1.9000000000000001,0.0,0.0,0.0
14.200000000000067,10.95000000000002,14.250000000000068,14.241886696273728,3.351032163829112,1.0,5,2.1,1.9000000000000001,2.3000000000000003,0.0,0.0,0.0
14.200000000000067,10.95000000000002,14.250000000000068,14.241886696273728,3.351032163829112,1.0,6,2.5,2.3,2.7,0.0,0.0,0.0
14.200000000000067,11.000000000000021,14.250000000000068,14.241886696273728,3.351032163829112,1.0,1,0.5,0.3,0.7,0.0,0.0,0.0
14.200000000000067,11.000000000000021,14.250000000000068,14.241886696273728,3.351032163829112,1.0,2,0.9,0.7,1.1,0.0,0.0,0.0
14.200000000000067,11.000000000000021,14.250000000000068,14.241886696273728,3.351032163829112,1.0,3,1.3,1.1,1.5,0.0,0.0,0.0
14.200000000000067,11.000000000000021,14.250000000000068,14.241886696273728,3.351032163829112,1.0,4,1.7000000000000002,1.5000000000000002,1.9000000000000001,0.0,0.0,0.0
14.200000000000067,11.000000000000021,14.250000000000068,14.241886696273728,3.351032163829112,1.0,5,2.1,1.9000000000000001,2.3000000000000003,0.0,0.0,0.0
14.200000000000067,11.000000000000021,14.250000000000068,14.241886696273728,3.351032163829112,1.0,6,2.5,2.3,2.7,0.0,0.0,0.0
14.200000000000067,11.050000000000022,14.250000000000068,14.241886696273728,3.351032163829112,1.0,1,0.5,0.3,0.7,0.0,0.0,0.0
14.200000000000067,11.050000000000022,14.250000000000068,14.241886696273728,3.351032163829112,1.0,2,0.9,0.7,1.1,0.0,0.0,0.0
14.200000000000067,11.050000000000022,14.250000000000068,14.241886696273728,3.351032163829112,1.0,3,1.3,1.1,1.5,0.0,0.0,0.0
14.200000000000067,11.050000000000022,14.250000000000068,14.241886696273728,3.351032163829112,1.0,4,1.7000000000000002,1.5000000000000002,1.9000000000000001,0.0,0.0,0.0
14.200000000000067,11.050000000000022,14.250000000000068,14.241886696273728,3.351032163829112,1.0,5,2.1,1.9000000000000001,2.3000000000000003,0.0,0.0,0.0
14.200000000000067,11.050000000000022,14.250000000000068,14.241886696273728,3.351032163829112,1.0,6,2.5,2.3,2.7,0.0,0.0,0.0
14.200000000000067,11.100000000000023,14.250000000000068,14.241886696273728,3.351032163829112,1.0,1,0.5,0.3,0.7,0.0,0.0,0.0
14.200000000000067,11.100000000000023,14.250000000000068,14.241886696273728,3.351032163829112,1.0,2,0.9,0.7,1.1,0.0,0.0,0.0
14.200000000000067,11.100000000000023,14.250000000000068,14.241886696273728,3.351032163829112,1.0,3,1.3,1.1,1.5,0.0,0.0,0.0
14.200000000000067,11.100000000000023,14.250000000000068,14.241886696273728,3.351032163829112,1.0,4,1.7000000000000002,1.5000000000000002,1.9000000000000001,0.0,0.0,0.0
14.200000000000067,11.100000000000023,14.250000000000068,14.241886696273728,3.351032163829112,1.0,5,2.1,1.9000000000000001,2.3000000000000003,0.0,0.0,0.0
14.200000000000067,11.100000000000023,14.250000000000068,14.241886696273728,3.351032163829112,1.0,6,2.5,2.3,2.7,0.0,0.0,0.0
14.200000000000067,11.150000000000023,14.250000000000068,14.241886696273728,3.351032163829112,1.0,1,0.5,0.3,0.7,0.0,0.0,0.0
14.200000000000067,11.150000000000023,14.250000000000068,14.241886696273728,3.351032163829112,1.0,2,0.9,0.7,1.1,0.0,0.0,0.0
14.200000000000067,11.150000000000023,14.250000000000068,14.241886696273728,3.351032163829112,1.0,3,1.3,1.1,1.5,0.0,0.0,0.0
14.200000000000067,11.150000000000023,14.250000000000068,14.241886696273728,3.351032163829112,1.0,4,1.7000000000000002,1.5000000000000002,1.9000000000000001,0.0,0.0,0.0
14.200000000000067,11.150000000000023,14.250000000000068,14.241886696273728,3.351032163829112,1.0,5,2.1,1.9000000000000001,2.3000000000000003,0.0,0.0,0.0
14.200000000000067,11.150000000000023,14.250000000000068,14.241886696273728,3.351032163829112,1.0,6,2.5,2.3,2.7,0.0,0.0,0.0
14.200000000000067,11.200000000000024,14.250000000000068,14.241886696273728,3.351032163829112,1.0,1,0.5,0.3,0.7,0.0,0.0,0.0
14.200000000000067,11.200000000000024,14.250000000000068,14.241886696273728,3.351032163829112,1.0,2,0.9,0.7,1.1,0.0,0.0,0.0
14.200000000000067,11.200000000000024,14.250000000000068,14.241886696273728,3.351032163829112,1.0,3,1.3,1.1,1.5,0.0,0.0,0.0
14.200000000000067,11.200000000000024,14.250000000000068,14.241886696273728,3.351032163829112,1.0,4,1.7000000000000002,1.5000000000000002,1.9000000000000001,0.0,0.0,0.0
14.200000000000067,11.200000000000024,14.250000000000068,14.241886696273728,3.351032163829112,1.0,5,2.1,1.9000000000000001,2.3000000000000003,0.0,0.0,0.0
14.200000000000067,11.200000000000024,14.250000000000068,14.241886696273728,3.351032163829112,1.0,6,2.5,2.3,2.7,0.0,0.0,0.0
14.200000000000067,11.250000000000025,14.250000000000068,14.241886696273728,3.351032163829112,1.0,1,0.5,0.3,0.7,0.0,0.0,0.0
14.200000000000067,11.250000000000025,14.250000000000068,14.241886696273728,3.351032163829112,1.0,2,0.9,0.7,1.1,0.0,0.0,0.0
14.200000000000067,11.250000000000025,14.250000000000068,14.241886696273728,3.351032163829112,1.0,3,1.3,1.1,1.5,0.0,0.0,0.0
14.200000000000067,11.250000000000025,14.250000000000068,14.241886696273728,3.351032163829112,1.0,4,1.7000000000000002,1.5000000000000002,1.9000000000000001,0.0,0.0,0.0
14.200000000000067,11.250000000000025,14.250000000000068,14.241886696273728,3.351032163829112,1.0,5,2.1,1.9000000000000001,2.3000000000000003,0.0,0.0,0.0
14.200000000000067,11.250000000000025,14.250000000000068,14.241886696273728,3.351032163829112,1.0,6,2.5,2.3,2.7,0.0,0.0,0.0
14.200000000000067,11.300000000000026,14.250000000000068,14.241886696273728,3.351032163829112,1.0,1,0.5,0.3,0.7,0.0,0.0,0.0
14.200000000000067,11.300000000000026,14.250000000000068,14.241886696273728,3.351032163829112,1.0,2,0.9,0.7,1.1,0.0,0.0,0.0
14.200000000000067,11.300000000000026,14.250000000000068,14.241886696273728,3.351032163829112,1.0,3,1.3,1.1,1.5,0.0,0.0,0.0
14.200000000000067,11.300000000000026,14.250000000000068,14.241886696273728,3.351032163829112,1.0,4,1.7000000000000002,1.5000000000000002,1.9000000000000001,0.0,0.0,0.0
14.200000000000067,11.300000000000026,14.250000000000068,14.241886696273728,3.351032163829112,1.0,5,2.1,1.9000000000000001,2.3000000000000003,0.0,0.0,0.0
14.200000000000067,11.300000000000026,14.250000000000068,14.241886696273728,3.351032163829112,1.0,6,2.5,2.3,2.7,0.0,0.0,0.0
14.650000000000073,11.350000000000026,14.700000000000074,14.660765716752367,3.351032163829112,1.0,1,0.5,0.3,0.7,0.0,0.0,0.0
14.650000000000073,11.350000000000026,14.700000000000074,14.660765716752367,3.351032163829112,1.0,2,0.9,0.7,1.1,0.0,0.0,0.0
14.650000000000073,11.350000000000026,14.700000000000074,14.660765716752367,3.351032163829112,1.0,3,1.3,1.1,1.5,0.0,0.0,0.0
14.650000000000073,11.350000000000026,14.700000000000074,14.660765716752367,3.351032163829112,1.0,4,1.7000000000000002,1.5000000000000002,1.9000000000000001,0.0,0.0,0.0
14.650000000000073,11.350000000000026,14.700000000000074,14.660765716752367,3.351032163829112,1.0,5,2.1,1.9000000000000001,2.3000000000000003,0.0,0.0,0.0
14.650000000000073,11.350000000000026,14.700000000000074,14.660765716752367,3.351032163829112,1.0,6,2.5,2.3,2.7,0.0,0.0,0.0
14.650000000000073,11.400000000000027,14.700000000000074,14.660765716752367,3.351032163829112,1.0,1,0.5,0.3,0.7,0.0,0.0,0.0
14.650000000000073,11.400000000000027,14.700000000000074,14.660765716752367,3.351032163829112,1.0,2,0.9,0.7,1.1,0.0,0.0,0.0
14.650000000000073,11.400000000000027,14.700000000000074,14.660765716752367,3.351032163829112,1.0,3,1.3,1.1,1.5,0.0,0.0,0.0
14.650000000000073,11.400000000000027,14.700000000000074,14.660765716752367,3.351032163829112,1.0,4,1.7000000000000002,1.5000000000000002,1.9000000000000001,0.0,0.0,0.0
14.650000000000073,11.400000000000027,14.700000000000074,14.660765716752367,3.351032163829112,1.0,5,2.1,1.9000000000000001,2.3000000000000003,0.0,0.0,0.0
14.650000000000073,11.400000000000027,14.700000000000074,14.660765716752367,3.351032163829112,1.0,6,2.5,2.3,2.7,0.0,0.0,0.0
14.650000000000073,11.450000000000028,14.700000000000074,14.660765716752367,3.351032163829112,1.0,1,0.5,0.3,0.7,0.0,0.0,0.0
14.650000000000073,11.450000000000028,14.700000000000074,14.660765716752367,3.351032163829112,1.0,2,0.9,0.7,1.1,0.0,0.0,0.0
14.650000000000073,11.450000000000028,14.700000000000074,14.660765716752367,3.351032163829112,1.0,3,1.3,1.1,1.5,0.0,0.0,0.0
14.650000000000073,11.450000000000028,14.700000000000074,14.660765716752367,3.351032163829112,1.0,4,1.7000000000000002,1.5000000000000002,1.9000000000000001,0.0,0.0,0.0
14.650000000000073,11.450000000000028,14.700000000000074,14.660765716752367,3.351032163829112,1.0,5,2.1,1.9000000000000001,2.3000000000000003,0.0,0.0,0.0
14.650000000000073,11.450000000000028,14.700000000000074,14.660765716752367,3.351032163829112,1.0,6,2.5,2.3,2.7,0.0,0.0,0.0
14.650000000000073,11.500000000000028,14.700000000000074,14.660765716752367,3.351032163829112,1.0,1,0.5,0.3,0.7,0.0,0.0,0.0
14.650000000000073,11.500000000000028,14.700000000000074,14.660765716752367,3.351032163829112,1.0,2,0.9,0.7,1.1,0.0,0.0,0.0
14.650000000000073,11.500000000000028,14.700000000000074,14.660765716752367,3.351032163829112,1.0,3,1.3,1.1,1.5,0.0,0.0,0.0
14.650000000000073,11.500000000000028,14.700000000000074,14.660765716752367,3.351032163829112,1.0,4,1.7000000000000002,1.5000000000000002,1.9000000000000001,0.0,0.0,0.0
14.650000000000073,11.500000000000028,14.700000000000074,14.660765716752367,3.351032163829112,1.0,5,2.1,1.9000000000000001,2.3000000000000003,0.0,0.0,0.0
14.650000000000073,11.500000000000028,14.700000000000074,14.660765716752367,3.351032163829112,1.0,6,2.5,2.3,2.7,0.0,0.0,0.0
14.650000000000073,11.55000000000003,14.700000000000074,14.660765716752367,3.351032163829112,1.0,1,0.5,0.3,0.7,0.0,0.0,0.0
14.650000000000073,11.55000000000003,14.700000000000074,14.660765716752367,3.351032163829112,1.0,2,0.9,0.7,1.1,0.0,0.0,0.0
14.650000000000073,11.55000000000003,14.700000000000074,14.660765716752367,3.351032163829112,1.0,3,1.3,1.1,1.5,0.0,0.0,0.0
14.650000000000073,11.55000000000003,14.700000000000074,14.660765716752367,3.351032163829112,1.0,4,1.7000000000000002,1.5000000000000002,1.9000000000000001,0.0,0.0,0.0
14.650000000000073,11.55000000000003,14.700000000000074,14.660765716752367,3.351032163829112,1.0,5,2.1,1.9000000000000001,2.3000000000000003,0.0,0.0,0.0
14.650000000000073,11.55000000000003,14.700000000000074,14.660765716752367,3.351032163829112,1.0,6,2.5,2.3,2.7,0.0,0.0,0.0
14.650000000000073,11.60000000000003,14.700000000000074,14.660765716752367,3.351032163829112,1.0,1,0.5,0.3,0.7,0.0,0.0,0.0
14.650000000000073,11.60000000000003,14.700000000000074,14.660765716752367,3.351032163829112,1.0,2,0.9,0.7,1.1,0.0,0.0,0.0
14.650000000000073,11.60000000000003,14.700000000000074,14.660765716752367,3.351032163829112,1.0,3,1.3,1.1,1.5,0.0,0.0,0.0
14.650000000000073,11.60000000000003,14.700000000000074,14.660765716752367,3.351032163829112,1.0,4,1.7000000000000002,1.5000000000000002,1.9000000000000001,0.0,0.0,0.0
14.650000000000073,11.60000000000003,14.700000000000074,14.660765716752367,3.351032163829112,1.0,5,2.1,1.9000000000000001,2.3000000000000003,0.0,0.0,0.0
14.650000000000073,11.60000000000003,14.700000000000074,14.660765716752367,3.351032163829112,1.0,6,2.5,2.3,2.7,0.0,0.0,0.0
14.650000000000073,11.65000000000003,14.700000000000074,14.660765716752367,3.351032163829112,1.0,1,0.5,0.3,0.7,0.0,0.0,0.0
14.650000000000073,11.65000000000003,14.700000000000074,14.660765716752367,3.351032163829112,1.0,2,0.9,0.7,1.1,0.0,0.0,0.0
14.650000000000073,11.65000000000003,14.700000000000074,14.660765716752367,3.351032163829112,1.0,3,1.3,1.1,1.5,0.0,0.0,0.0
14.650000000000073,11.65000000000003,14.700000000000074,14.660765716752367,3.351032163829112,1.0,4,1.7000000000000002,1.5000000000000002,1.9000000000000001,0.0,0.0,0.0
14.650000000000073,11.65000000000003,14.700000000000074,14.660765716752367,3.351032163829112,1.0,5,2.1,1.9000000000000001,2.3000000000000003,0.0,0.0,0.0
14.650000000000073,11.65000000000003,14.700000000000074,14.660765716752367,3.351032163829112,1.0,6,2.5,2.3,2.7,0.0,0.0,0.0
14.650000000000073,11.700000000000031,14.700000000000074,14.660765716752367,3.351032163829112,1.0,1,0.5,0.3,0.7,0.0,0.0,0.0
14.650000000000073,11.700000000000031,14.700000000000074,14.660765716752367,3.351032163829112,1.0,2,0.9,0.7,1.1,0.0,0.0,0.0
14.650000000000073,11.700000000000031,14.700000000000074,14.660765716752367,3.351032163829112,1.0,3,1.3,1.1,1.5,0.0,0.0,0.0
14.650000000000073,11.700000000000031,14.700000000000074,14.660765716752367,3.351032163829112,1.0,4,1.7000000000000002,1.5000000000000002,1.9000000000000001,0.0,0.0,0.0
14.650000000000073,11.700000000000031,14.700000000000074,14.660765716752367,3.351032163829112,1.0,5,2.1,1.9000000000000001,2.3000000000000003,0.0,0.0,0.0
14.650000000000073,11.700000000000031,14.700000000000074,14.660765716752367,3.351032163829112,1.0,6,2.5,2.3,2.7,0.0,0.0,0.0
15.050000000000079,11.750000000000032,15.10000000000008,15.079644737231007,3.351032163829114,1.0,1,0.5,0.3,0.7,0.0,0.0,0.0
15.050000000000079,11.750000000000032,15.10000000000008,15.079644737231007,3.351032163829114,1.0,2,0.9,0.7,1.1,0.0,0.0,0.0
15.050000000000079,11.750000000000032,15.10000000000008,15.079644737231007,3.351032163829114,1.0,3,1.3,1.1,1.5,0.0,0.0,0.0
15.050000000000079,11.750000000000032,15.10000000000008,15.079644737231007,3.351032163829114,1.0,4,1.7000000000000002,1.5000000000000002,1.9000000000000001,0.0,0.0,0.0
15.050000000000079,11.750000000000032,15.10000000000008,15.079644737231007,3.351032163829114,1.0,5,2.1,1.9000000000000001,2.3000000000000003,0.0,0.0,0.0
15.050000000000079,11.750000000000032,15.10000000000008,15.079644737231007,3.351032163829114,1.0,6,2.5,2.3,2.7,0.0,0.0,0.0
15.050000000000079,11.800000000000033,15.10000000000008,15.079644737231007,3.351032163829114,1.0,1,0.5,0.3,0.7,0.0,0.0,0.0
15.050000000000079,11.800000000000033,15.10000000000008,15.079644737231007,3.351032163829114,1.0,2,0.9,0.7,1.1,0.0,0.0,0.0
15.050000000000079,11.800000000000033,15.10000000000008,15.079644737231007,3.351032163829114,1.0,3,1.3,1.1,1.5,0.0,0.0,0.0
15.050000000000079,11.800000000000033,15.10000000000008,15.079644737231007,3.351032163829114,1.0,4,1.7000000000000002,1.5000000000000002,1.9000000000000001,0.0,0.0,0.0
15.050000000000079,11.800000000000033,15.10000000000008,15.079644737231007,3.351032163829114,1.0,5,2.1,1.9000000000000001,2.3000000000000003,0.0,0.0,0.0
15.050000000000079,11.800000000000033,15.10000000000008,15.079644737231007,3.351032163829114,1.0,6,2.5,2.3,2.7,0.0,0.0,0.0
15.050000000000079,11.850000000000033,15.10000000000008,15.079644737231007,3.351032163829114,1.0,1,0.5,0.3,0.7,0.0,0.0,0.0
15.050000000000079,11.850000000000033,15.10000000000008,15.079644737231007,3.351032163829114,1.0,2,0.9,0.7,1.1,0.0,0.0,0.0
15.050000000000079,11.850000000000033,15.10000000000008,15.079644737231007,3.351032163829114,1.0,3,1.3,1.1,1.5,0.0,0.0,0.0
15.050000000000079,11.850000000000033,15.10000000000008,15.079644737231007,3.351032163829114,1.0,4,1.7000000000000002,1.5000000000000002,1.9000000000000001,0.0,0.0,0.0
15.050000000000079,11.850000000000033,15.10000000000008,15.079644737231007,3.351032163829114,1.0,5,2.1,1.9000000000000001,2.3000000000000003,0.0,0.0,0.0
15.050000000000079,11.850000000000033,15.10000000000008,15.079644737231007,3.351032163829114,1.0,6,2.5,2.3,2.7,0.0,0.0,0.0
15.050000000000079,11.900000000000034,15.10000000000008,15.079644737231007,3.351032163829114,1.0,1,0.5,0.3,0.7,0.0,0.0,0.0
15.050000000000079,11.900000000000034,15.10000000000008,15.079644737231007,3.351032163829114,1.0,2,0.9,0.7,1.1,0.0,0.0,0.0
15.050000000000079,11.900000000000034,15.10000000000008,15.079644737231007,3.351032163829114,1.0,3,1.3,1.1,1.5,0.0,0.0,0.0
15.050000000000079,11.900000000000034,15.10000000000008,15.079644737231007,3.351032163829114,1.0,4,1.7000000000000002,1.5000000000000002,1.9000000000000001,0.0,0.0,0.0
15.050000000000079,11.900000000000034,15.10000000000008,15.079644737231007,3.351032163829114,1.0,5,2.1,1.9000000000000001,2.3000000000000003,0.0,0.0,0.0
15.050000000000079,11.900000000000034,15.10000000000008,15.079644737231007,3.351032163829114,1.0,6,2.5,2.3,2.7,0.0,0.0,0.0
15.050000000000079,11.950000000000035,15.10000000000008,15.079644737231007,3.351032163829114,1.0,1,0.5,0.3,0.7,0.0,0.0,0.0
15.050000000000079,11.950000000000035,15.10000000000008,15.079644737231007,3.351032163829114,1.0,2,0.9,0.7,1.1,0.0,0.0,0.0
15.050000000000079,11.950000000000035,15.10000000000008,15.079644737231007,3.351032163829114,1.0,3,1.3,1.1,1.5,0.0,0.0,0.0
15.050000000000079,11.950000000000035,15.10000000000008,15.079644737231007,3.351032163829114,1.0,4,1.7000000000000002,1.5000000000000002,1.9000000000000001,0.0,0.0,0.0
15.050000000000079,11.950000000000035,15.10000000000008,15.079644737231007,3.351032163829114,1.0,5,2.1,1.9000000000000001,2.3000000000000003,0.0,0.0,0.0
15.050000000000079,11.950000000000035,15.10000000000008,15.079644737231007,3.351032163829114,1.0,6,2.5,2.3,2.7,0.0,0.0,0.0
15.050000000000079,12.000000000000036,15.10000000000008,15.079644737231007,3.351032163829114,1.0,1,0.5,0.3,0.7,0.0,0.0,0.0
15.050000000000079,12.000000000000036,15.10000000000008,15.079644737231007,3.351032163829114,1.0,2,0.9,0.7,1.1,0.0,0.0,0.0
15.050000000000079,12.000000000000036,15.10000000000008,15.079644737231007,3.351032163829114,1.0,3,1.3,1.1,1.5,0.0,0.0,0.0
15.050000000000079,12.000000000000036,15.10000000000008,15.079644737231007,3.351032163829114,1.0,4,1.7000000000000002,1.5000000000000002,1.9000000000000001,0.0,0.0,0.0
15.050000000000079,12.000000000000036,15.10000000000008,15.079644737231007,3.351032163829114,1.0,5,2.1,1.9000000000000001,2.3000000000000003,0.0,0.0,0.0
15.050000000000079,12.000000000000036,15.10000000000008,15.079644737231007,3.351032163829114,1.0,6,2.5,2.3,2.7,0.0,0.0,0.0
15.050000000000079,12.050000000000036,15.10000000000008,15.079644737231007,3.351032163829114,1.0,1,0.5,0.3,0.7,0.0,0.0,0.0
15.050000000000079,12.050000000000036,15.10000000000008,15.079644737231007,3.351032163829114,1.0,2,0.9,0.7,1.1,0.0,0.0,0.0
15.050000000000079,12.050000000000036,15.10000000000008,15.079644737231007,3.351032163829114,1.0,3,1.3,1.1,1.5,0.0,0.0,0.0
15.050000000000079,12.050000000000036,15.10000000000008,15.079644737231007,3.351032163829114,1.0,4,1.7000000000000002,1.5000000000000002,1.9000000000000001,0.0,0.0,0.0
15.050000000000079,12.050000000000036,15.10000000000008,15.079644737231007,3.351032163829114,1.0,5,2.1,1.9000000000000001,2.3000000000000003,0.0,0.0,0.0
15.050000000000079,12.050000000000036,15.10000000000008,15.079644737231007,3.351032163829114,1.0,6,2.5,2.3,2.7,0.0,0.0,0.0
15.050000000000079,12.100000000000037,15.10000000000008,15.079644737231007,3.351032163829114,1.0,1,0.5,0.3,0.7,0.0,0.0,0.0
15.050000000000079,12.100000000000037,15.10000000000008,15.079644737231007,3.351032163829114,1.0,2,0.9,0.7,1.1,0.0,0.0,0.0
15.050000000000079,12.100000000000037,15.10000000000008,15.079644737231007,3.351032163829114,1.0,3,1.3,1.1,1.5,0.0,0.0,0.0
15.050000000000079,12.100000000000037,15.10000000000008,15.079644737231007,3.351032163829114,1.0,4,1.7000000000000002,1.5000000000000002,1.9000000000000001,0.0,0.0,0.0
15.050000000000079,12.100000000000037,15.10000000000008,15.079644737231007,3.351032163829114,1.0,5,2.1,1.9000000000000001,2.3000000000000003,0.0,0.0,0.0
15.050000000000079,12.100000000000037,15.10000000000008,15.079644737231007,3.351032163829114,1.0,6,2.5,2.3,2.7,0.0,0.0,0.0
15.450000000000085,12.150000000000038,15.500000000000085,15.498523757709645,3.351032163829112,1.0,1,0.5,0.3,0.7,0.0,0.0,0.0
15.450000000000085,12.150000000000038,15.500000000000085,15.498523757709645,3.351032163829112,1.0,2,0.9,0.7,1.1,0.0,0.0,0.0
15.450000000000085,12.150000000000038,15.500000000000085,15.498523757709645,3.351032163829112,1.0,3,1.3,1.1,1.5,0.0,0.0,0.0
15.450000000000085,12.150000000000038,15.500000000000085,15.498523757709645,3.351032163829112,1.0,4,1.7000000000000002,1.5000000000000002,1.9000000000000001,0.0,0.0,0.0
15.450000000000085,12.150000000000038,15.500000000000085,15.498523757709645,3.351032163829112,1.0,5,2.1,1.9000000000000001,2.3000000000000003,0.0,0.0,0.0
15.450000000000085,12.150000000000038,15.500000000000085,15.498523757709645,3.351032163829112,1.0,6,2.5,2.3,2.7,0.0,0.0,0.0
15.450000000000085,12.200000000000038,15.500000000000085,15.498523757709645,3.351032163829112,1.0,1,0.5,0.3,0.7,0.0,0.0,0.0
15.450000000000085,12.200000000000038,15.500000000000085,15.498523757709645,3.351032163829112,1.0,2,0.9,0.7,1.1,0.0,0.0,0.0
15.450000000000085,12.200000000000038,15.500000000000085,15.498523757709645,3.351032163829112,1.0,3,1.3,1.1,1.5,0.0,0.0,0.0
15.450000000000085,12.200000000000038,15.500000000000085,15.498523757709645,3.351032163829112,1.0,4,1.7000000000000002,1.5000000000000002,1.9000000000000001,0.0,0.0,0.0
15.450000000000085,12.200000000000038,15.500000000000085,15.498523757709645,3.351032163829112,1.0,5,2.1,1.9000000000000001,2.3000000000000003,0.0,0.0,0.0
15.450000000000085,12.200000000000038,15.500000000000085,15.498523757709645,3.351032163829112,1.0,6,2.5,2.3,2.7,0.0,0.0,0.0
15.450000000000085,12.250000000000039,15.500000000000085,15.498523757709645,3.351032163829112,1.0,1,0.5,0.3,0.7,0.0,0.0,0.0
15.450000000000085,12.250000000000039,15.500000000000085,15.498523757709645,3.351032163829112,1.0,2,0.9,0.7,1.1,0.0,0.0,0.0
15.450000000000085,12.250000000000039,15.500000000000085,15.498523757709645,3.351032163829112,1.0,3,1.3,1.1,1.5,0.0,0.0,0.0
15.450000000000085,12.250000000000039,15.500000000000085,15.498523757709645,3.351032163829112,1.0,4,1.7000000000000002,1.5000000000000002,1.9000000000000001,0.0,0.0,0.0
15.450000000000085,12.250000000000039,15.500000000000085,15.498523757709645,3.351032163829112,1.0,5,2.1,1.9000000000000001,2.3000000000000003,0.0,0.0,0.0
15.450000000000085,12.250000000000039,15.500000000000085,15.498523757709645,3.351032163829112,1.0,6,2.5,2.3,2.7,0.0,0.0,0.0
15.450000000000085,12.30000000000004,15.500000000000085,15.498523757709645,3.351032163829112,1.0,1,0.5,0.3,0.7,0.0,0.0,0.0
15.450000000000085,12.30000000000004,15.500000000000085,15.498523757709645,3.351032163829112,1.0,2,0.9,0.7,1.1,0.0,0.0,0.0
15.450000000000085,12.30000000000004,15.500000000000085,15.498523757709645,3.351032163829112,1.0,3,1.3,1.1,1.5,0.0,0.0,0.0
15.450000000000085,12.30000000000004,15.500000000000085,15.498523757709645,3.351032163829112,1.0,4,1.7000000000000002,1.5000000000000002,1.9000000000000001,0.0,0.0,0.0
15.450000000000085,12.30000000000004,15.500000000000085,15.498523757709645,3.351032163829112,1.0,5,2.1,1.9000000000000001,2.3000000000000003,0.0,0.0,0.0
15.450000000000085,12.30000000000004,15.500000000000085,15.498523757709645,3.351032163829112,1.0,6,2.5,2.3,2.7,0.0,0.0,0.0
15.450000000000085,12.35000000000004,15.500000000000085,15.498523757709645,3.351032163829112,1.0,1,0.5,0.3,0.7,0.0,0.0,0.0
15.450000000000085,12.35000000000004,15.500000000000085,15.498523757709645,3.351032163829112,1.0,2,0.9,0.7,1.1,0.0,0.0,0.0
15.450000000000085,12.35000000000004,15.500000000000085,15.498523757709645,3.351032163829112,1.0,3,1.3,1.1,1.5,0.0,0.0,0.0
15.450000000000085,12.35000000000004,15.500000000000085,15.498523757709645,3.351032163829112,1.0,4,1.7000000000000002,1.5000000000000002,1.9000000000000001,0.0,0.0,0.0
15.450000000000085,12.35000000000004,15.500000000000085,15.498523757709645,3.351032163829112,1.0,5,2.1,1.9000000000000001,2.3000000000000003,0.0,0.0,0.0
15.450000000000085,12.35000000000004,15.500000000000085,15.498523757709645,3.351032163829112,1.0,6,2.5,2.3,2.7,0.0,0.0,0.0
15.450000000000085,12.400000000000041,15.500000000000085,15.498523757709645,3.351032163829112,1.0,1,0.5,0.3,0.7,0.0,0.0,0.0
15.450000000000085,12.400000000000041,15.500000000000085,15.498523757709645,3.351032163829112,1.0,2,0.9,0.7,1.1,0.0,0.0,0.0
15.450000000000085,12.400000000000041,15.500000000000085,15.498523757709645,3.351032163829112,1.0,3,1.3,1.1,1.5,0.0,0.0,0.0
15.450000000000085,12.400000000000041,15.500000000000085,15.498523757709645,3.351032163829112,1.0,4,1.7000000000000002,1.5000000000000002,1.9000000000000001,0.0,0.0,0.0
15.450000000000085,12.400000000000041,15.500000000000085,15.498523757709645,3.351032163829112,1.0,5,2.1,1.9000000000000001,2.3000000000000003,0.0,0.0,0.0
15.450000000000085,12.400000000000041,15.500000000000085,15.498523757709645,3.351032163829112,1.0,6,2.5,2.3,2.7,0.0,0.0,0.0
15.450000000000085,12.450000000000042,15.500000000000085,15.498523757709645,3.351032163829112,1.0,1,0.5,0.3,0.7,0.0,0.0,0.0
15.450000000000085,12.450000000000042,15.500000000000085,15.498523757709645,3.351032163829112,1.0,2,0.9,0.7,1.1,0.0,0.0,0.0
15.450000000000085,12.450000000000042,15.500000000000085,15.498523757709645,3.351032163829112,1.0,3,1.3,1.1,1.5,0.0,0.0,0.0
15.450000000000085,12.450000000000042,15.500000000000085,15.498523757709645,3.351032163829112,1.0,4,1.7000000000000002,1.5000000000000002,1.9000000000000001,0.0,0.0,0.0
15.450000000000085,12.450000000000042,15.500000000000085,15.498523757709645,3.351032163829112,1.0,5,2.1,1.9000000000000001,2.3000000000000003,0.0,0.0,0.0
15.450000000000085,12.450000000000042,15.500000000000085,15.498523757709645,3.351032163829112,1.0,6,2.5,2.3,2.7,0.0,0.0,0.0
15.450000000000085,12.500000000000043,15.500000000000085,15.498523757709645,3.351032163829112,1.0,1,0.5,0.3,0.7,0.0,0.0,0.0
15.450000000000085,12.500000000000043,15.500000000000085,15.498523757709645,3.351032163829112,1.0,2,0.9,0.7,1.1,0.0,0.0,0.0
15.450000000000085,12.500000000000043,15.500000000000085,15.498523757709645,3.351032163829112,1.0,3,1.3,1.1,1.5,0.0,0.0,0.0
15.450000000000085,12.500000000000043,15.500000000000085,15.498523757709645,3.351032163829112,1.0,4,1.7000000000000002,1.5000000000000002,1.9000000000000001,0.0,0.0,0.0
15.450000000000085,12.500000000000043,15.500000000000085,15.498523757709645,3.351032163829112,1.0,5,2.1,1.9000000000000001,2.3000000000000003,0.0,0.0,0.0
15.450000000000085,12.500000000000043,15.500000000000085,15.498523757709645,3.351032163829112,1.0,6,2.5,2.3,2.7,0.0,0.0,0.0
15.450000000000085,12.550000000000043,15.500000000000085,15.498523757709645,3.351032163829112,1.0,1,0.5,0.3,0.7,0.0,0.0,0.0
15.450000000000085,12.550000000000043,15.500000000000085,15.498523757709645,3.351032163829112,1.0,2,0.9,0.7,1.1,0.0,0.0,0.0
15.450000000000085,12.550000000000043,15.500000000000085,15.498523757709645,3.351032163829112,1.0,3,1.3,1.1,1.5,0.0,0.0,0.0
15.450000000000085,12.550000000000043,15.500000000000085,15.498523757709645,3.351032163829112,1.0,4,1.7000000000000002,1.5000000000000002,1.9000000000000001,0.0,0.0,0.0
15.450000000000085,12.550000000000043,15.500000000000085,15.498523757709645,3.351032163829112,1.0,5,2.1,1.9000000000000001,2.3000000000000003,0.0,0.0,0.0
15.450000000000085,12.550000000000043,15.500000000000085,15.498523757709645,3.351032163829112,1.0,6,2.5,2.3,2.7,0.0,0.0,0.0
15.900000000000091,12.600000000000044,15.950000000000092,15.917402778188285,3.351032163829112,1.0,1,0.5,0.3,0.7,0.0,0.0,0.0
15.900000000000091,12.600000000000044,15.950000000000092,15.917402778188285,3.351032163829112,1.0,2,0.9,0.7,1.1,0.0,0.0,0.0
15.900000000000091,12.600000000000044,15.950000000000092,15.917402778188285,3.351032163829112,1.0,3,1.3,1.1,1.5,0.0,0.0,0.0
15.900000000000091,12.600000000000044,15.950000000000092,15.917402778188285,3.351032163829112,1.0,4,1.7000000000000002,1.5000000000000002,1.9000000000000001,0.0,0.0,0.0
15.900000000000091,12.600000000000044,15.950000000000092,15.917402778188285,3.351032163829112,1.0,5,2.1,1.9000000000000001,2.3000000000000003,0.0,0.0,0.0
15.900000000000091,12.600000000000044,15.950000000000092,15.917402778188285,3.351032163829112,1.0,6,2.5,2.3,2.7,0.0,0.0,0.0
15.900000000000091,12.650000000000045,15.950000000000092,15.917402778188285,3.351032163829112,1.0,1,0.5,0.3,0.7,0.0,0.0,0.0
15.900000000000091,12.650000000000045,15.950000000000092,15.917402778188285,3.351032163829112,1.0,2,0.9,0.7,1.1,0.0,0.0,0.0
15.900000000000091,12.650000000000045,15.950000000000092,15.917402778188285,3.351032163829112,1.0,3,1.3,1.1,1.5,0.0,0.0,0.0
15.900000000000091,12.650000000000045,15.950000000000092,15.917402778188285,3.351032163829112,1.0,4,1.7000000000000002,1.5000000000000002,1.9000000000000001,0.0,0.0,0.0
15.900000000000091,12.650000000000045,15.950000000000092,15.917402778188285,3.351032163829112,1.0,5,2.1,1.9000000000000001,2.3000000000000003,0.0,0.0,0.0
15.900000000000091,12.650000000000045,15.950000000000092,15.917402778188285,3.351032163829112,1.0,6,2.5,2.3,2.7,0.0,0.0,0.0
15.900000000000091,12.700000000000045,15.950000000000092,15.917402778188285,3.351032163829112,1.0,1,0.5,0.3,0.7,0.0,0.0,0.0
15.900000000000091,12.700000000000045,15.950000000000092,15.917402778188285,3.351032163829112,1.0,2,0.9,0.7,1.1,0.0,0.0,0.0
15.900000000000091,12.700000000000045,15.950000000000092,15.917402778188285,3.351032163829112,1.0,3,1.3,1.1,1.5,0.0,0.0,0.0
15.900000000000091,12.700000000000045,15.950000000000092,15.917402778188285,3.351032163829112,1.0,4,1.7000000000000002,1.5000000000000002,1.9000000000000001,0.0,0.0,0.0
15.900000000000091,12.700000000000045,15.950000000000092,15.917402778188285,3.351032163829112,1.0,5,2.1,1.9000000000000001,2.3000000000000003,0.0,0.0,0.0
15.900000000000091,12.700000000000045,15.950000000000092,15.917402778188285,3.351032163829112,1.0,6,2.5,2.3,2.7,0.0,0.0,0.0
15.900000000000091,12.750000000000046,15.950000000000092,15.917402778188285,3.351032163829112,1.0,1,0.5,0.3,0.7,0.0,0.0,0.0
15.900000000000091,12.750000000000046,15.950000000000092,15.917402778188285,3.351032163829112,1.0,2,0.9,0.7,1.1,0.0,0.0,0.0
15.900000000000091,12.750000000000046,15.950000000000092,15.917402778188285,3.351032163829112,1.0,3,1.3,1.1,1.5,0.0,0.0,0.0
15.900000000000091,12.750000000000046,15.950000000000092,15.917402778188285,3.351032163829112,1.0,4,1.7000000000000002,1.5000000000000002,1.9000000000000001,0.0,0.0,0.0
15.900000000000091,12.750000000000046,15.950000000000092,15.917402778188285,3.351032163829112,1.0,5,2.1,1.9000000000000001,2.3000000000000003,0.0,0.0,0.0
15.900000000000091,12.750000000000046,15.950000000000092,15.917402778188285,3.351032163829112,1.0,6,2.5,2.3,2.7,0.0,0.0,0.0
15.900000000000091,12.800000000000047,15.950000000000092,15.917402778188285,3.351032163829112,1.0,1,0.5,0.3,0.7,0.0,0.0,0.0
15.900000000000091,12.800000000000047,15.950000000000092,15.917402778188285,3.351032163829112,1.0,2,0.9,0.7,1.1,0.0,0.0,0.0
15.900000000000091,12.800000000000047,15.950000000000092,15.917402778188285,3.351032163829112,1.0,3,1.3,1.1,1.5,0.0,0.0,0.0
15.900000000000091,12.800000000000047,15.950000000000092,15.917402778188285,3.351032163829112,1.0,4,1.7000000000000002,1.5000000000000002,1.9000000000000001,0.0,0.0,0.0
15.900000000000091,12.800000000000047,15.950000000000092,15.917402778188285,3.351032163829112,1.0,5,2.1,1.9000000000000001,2.3000000000000003,0.0,0.0,0.0
15.900000000000091,12.800000000000047,15.950000000000092,15.917402778188285,3.351032163829112,1.0,6,2.5,2.3,2.7,0.0,0.0,0.0
15.900000000000091,12.850000000000048,15.950000000000092,15.917402778188285,3.351032163829112,1.0,1,0.5,0.3,0.7,0.0,0.0,0.0
15.900000000000091,12.850000000000048,15.950000000000092,15.917402778188285,3.351032163829112,1.0,2,0.9,0.7,1.1,0.05555555555555555,0.028333333333333332,15.0
15.900000000000091,12.850000000000048,15.950000000000092,15.917402778188285,3.351032163829112,1.0,3,1.3,1.1,1.5,0.15,0.0765,15.0
15.900000000000091,12.850000000000048,15.950000000000092,15.917402778188285,3.351032163829112,1.0,4,1.7000000000000002,1.5000000000000002,1.9000000000000001,0.13333333333333333,0.068,15.0
15.900000000000091,12.850000000000048,15.950000000000092,15.917402778188285,3.351032163829112,1.0,5,2.1,1.9000000000000001,2.3000000000000003,0.0,0.0,0.0
15.900000000000091,12.850000000000048,15.950000000000092,15.917402778188285,3.351032163829112,1.0,6,2.5,2.3,2.7,0.0,0.0,0.0
15.900000000000091,12.900000000000048,15.950000000000092,15.917402778188285,3.351032163829112,1.0,1,0.5,0.3,0.7,0.0,0.0,0.0
15.900000000000091,12.900000000000048,15.950000000000092,15.917402778188285,3.351032163829112,1.0,2,0.9,0.7,1.1,0.1111111111111111,0.056666666666666664,15.0
15.900000000000091,12.900000000000048,15.950000000000092,15.917402778188285,3.351032163829112,1.0,3,1.3,1.1,1.5,0.25,0.1275,15.9375
15.900000000000091,12.900000000000048,15.950000000000092,15.917402778188285,3.351032163829112,1.0,4,1.7000000000000002,1.5000000000000002,1.9000000000000001,0.28888888888888886,0.14733333333333332,18.41666666666666
15.900000000000091,12.900000000000048,15.950000000000092,15.917402778188285,3.351032163829112,1.0,5,2.1,1.9000000000000001,2.3000000000000003,0.0,0.0,0.0
15.900000000000091,12.900000000000048,15.950000000000092,15.917402778188285,3.351032163829112,1.0,6,2.5,2.3,2.7,0.0,0.0,0.0
15.900000000000091,12.950000000000049,15.950000000000092,15.917402778188285,3.351032163829112,1.0,1,0.5,0.3,0.7,0.0,0.0,0.0
15.900000000000091,12.950000000000049,15.950000000000092,15.917402778188285,3.351032163829112,1.0,2,0.9,0.7,1.1,0.25,0.1275,15.9375
15.900000000000091,12.950000000000049,15.950000000000092,15.917402778188285,3.351032163829112,1.0,3,1.3,1.1,1.5,0.35,0.1785,22.312499999999996
15.900000000000091,12.950000000000049,15.950000000000092,15.917402778188285,3.351032163829112,1.0,4,1.7000000000000002,1.5000000000000002,1.9000000000000001,0.2,0.10200000000000001,15.0
15.900000000000091,12.950000000000049,15.950000000000092,15.917402778188285,3.351032163829112,1.0,5,2.1,1.9000000000000001,2.3000000000000003,0.0,0.0,0.0
15.900000000000091,12.950000000000049,15.950000000000092,15.917402778188285,3.351032163829112,1.0,6,2.5,2.3,2.7,0.0,0.0,0.0
16.300000000000097,13.00000000000005,16.350000000000097,16.336281798666924,3.351032163829114,1.0,1,0.5,0.3,0.7,0.0,0.0,0.0
16.300000000000097,13.00000000000005,16.350000000000097,16.336281798666924,3.351032163829114,1.0,2,0.9,0.7,1.1,0.1111111111111111,0.056666666666666664,15.0
16.300000000000097,13.00000000000005,16.350000000000097,16.336281798666924,3.351032163829114,1.0,3,1.3,1.1,1.5,0.475,0.24225,30.281249999999996
16.300000000000097,13.00000000000005,16.350000000000097,16.336281798666924,3.351032163829114,1.0,4,1.7000000000000002,1.5000000000000002,1.9000000000000001,0.2,0.10200000000000001,15.0
16.300000000000097,13.00000000000005,16.350000000000097,16.336281798666924,3.351032163829114,1.0,5,2.1,1.9000000000000001,2.3000000000000003,0.0,0.0,0.0
16.300000000000097,13.00000000000005,16.350000000000097,16.336281798666924,3.351032163829114,1.0,6,2.5,2.3,2.7,0.0,0.0,0.0
16.300000000000097,13.05000000000005,16.350000000000097,16.336281798666924,3.351032163829114,1.0,1,0.5,0.3,0.7,0.0,0.0,0.0
16.300000000000097,13.05000000000005,16.350000000000097,16.336281798666924,3.351032163829114,1.0,2,0.9,0.7,1.1,0.1388888888888889,0.07083333333333333,15.0
16.300000000000097,13.05000000000005,16.350000000000097,16.336281798666924,3.351032163829114,1.0,3,1.3,1.1,1.5,0.25,0.1275,15.9375
16.300000000000097,13.05000000000005,16.350000000000097,16.336281798666924,3.351032163829114,1.0,4,1.7000000000000002,1.5000000000000002,1.9000000000000001,0.2,0.10200000000000001,15.0
16.300000000000097,13.05000000000005,16.350000000000097,16.336281798666924,3.351032163829114,1.0,5,2.1,1.9000000000000001,2.3000000000000003,0.0,0.0,0.0
16.300000000000097,13.05000000000005,16.350000000000097,16.336281798666924,3.351032163829114,1.0,6,2.5,2.3,2.7,0.0,0.0,0.0
16.300000000000097,13.100000000000051,16.350000000000097,16.336281798666924,3.351032163829114,1.0,1,0.5,0.3,0.7,0.0,0.0,0.0
16.300000000000097,13.100000000000051,16.350000000000097,16.336281798666924,3.351032163829114,1.0,2,0.9,0.7,1.1,0.0,0.0,0.0
16.300000000000097,13.100000000000051,16.350000000000097,16.336281798666924,3.351032163829114,1.0,3,1.3,1.1,1.5,0.1,0.051000000000000004,15.0
16.300000000000097,13.100000000000051,16.350000000000097,16.336281798666924,3.351032163829114,1.0,4,1.7000000000000002,1.5000000000000002,1.9000000000000001,0.17777777777777778,0.09066666666666667,15.0
16.300000000000097,13.100000000000051,16.350000000000097,16.336281798666924,3.351032163829114,1.0,5,2.1,1.9000000000000001,2.3000000000000003,0.0,0.0,0.0
16.300000000000097,13.100000000000051,16.350000000000097,16.336281798666924,3.351032163829114,1.0,6,2.5,2.3,2.7,0.0,0.0,0.0
16.300000000000097,13.150000000000052,16.350000000000097,16.336281798666924,3.351032163829114,1.0,1,0.5,0.3,0.7,0.0,0.0,0.0
16.300000000000097,13.150000000000052,16.350000000000097,16.336281798666924,3.351032163829114,1.0,2,0.9,0.7,1.1,0.05555555555555555,0.028333333333333332,15.0
16.300000000000097,13.150000000000052,16.350000000000097,16.336281798666924,3.351032163829114,1.0,3,1.3,1.1,1.5,0.075,0.03825,15.0
16.300000000000097,13.150000000000052,16.350000000000097,16.336281798666924,3.351032163829114,1.0,4,1.7000000000000002,1.5000000000000002,1.9000000000000001,0.06666666666666667,0.034,15.0
16.300000000000097,13.150000000000052,16.350000000000097,16.336281798666924,3.351032163829114,1.0,5,2.1,1.9000000000000001,2.3000000000000003,0.0,0.0,0.0
16.300000000000097,13.150000000000052,16.350000000000097,16.336281798666924,3.351032163829114,1.0,6,2.5,2.3,2.7,0.0,0.0,0.0
16.300000000000097,13.200000000000053,16.350000000000097,16.336281798666924,3.351032163829114,1.0,1,0.5,0.3,0.7,0.0,0.0,0.0
16.300000000000097,13.200000000000053,16.350000000000097,16.336281798666924,3.351032163829114,1.0,2,0.9,0.7,1.1,0.0,0.0,0.0
16.300000000000097,13.200000000000053,16.350000000000097,16.336281798666924,3.351032163829114,1.0,3,1.3,1.1,1.5,0.0,0.0,0.0
16.300000000000097,13.200000000000053,16.350000000000097,16.336281798666924,3.351032163829114,1.0,4,1.7000000000000002,1.5000000000000002,1.9000000000000001,0.0,0.0,0.0
16.300000000000097,13.200000000000053,16.350000000000097,16.336281798666924,3.351032163829114,1.0,5,2.1,1.9000000000000001,2.3000000000000003,0.0,0.0,0.0
16.300000000000097,13.200000000000053,16.350000000000097,16.336281798666924,3.351032163829114,1.0,6,2.5,2.3,2.7,0.0,0.0,0.0
16.300000000000097,13.250000000000053,16.350000000000097,16.336281798666924,3.351032163829114,1.0,1,0.5,0.3,0.7,0.0,0.0,0.0
16.300000000000097,13.250000000000053,16.350000000000097,16.336281798666924,3.351032163829114,1.0,2,0.9,0.7,1.1,0.0,0.0,0.0
16.300000000000097,13.250000000000053,16.350000000000097,16.336281798666924,3.351032163829114,1.0,3,1.3,1.1,1.5,0.0,0.0,0.0
16.300000000000097,13.250000000000053,16.350000000000097,16.336281798666924,3.351032163829114,1.0,4,1.7000000000000002,1.5000000000000002,1.9000000000000001,0.0,0.0,0.0
16.300000000000097,13.250000000000053,16.350000000000097,16.336281798666924,3.351032163829114,1.0,5,2.1,1.9000000000000001,2.3000000000000003,0.0,0.0,0.0
16.300000000000097,13.250000000000053,16.350000000000097,16.336281798666924,3.351032163829114,1.0,6,2.5,2.3,2.7,0.0,0.0,0.0
16.300000000000097,13.300000000000054,16.350000000000097,16.336281798666924,3.351032163829114,1.0,1,0.5,0.3,0.7,0.0,0.0,0.0
16.300000000000097,13.300000000000054,16.350000000000097,16.336281798666924,3.351032163829114,1.0,2,0.9,0.7,1.1,0.0,0.0,0.0
16.300000000000097,13.300000000000054,16.350000000000097,16.336281798666924,3.351032163829114,1.0,3,1.3,1.1,1.5,0.0,0.0,0.0
16.300000000000097,13.300000000000054,16.350000000000097,16.336281798666924,3.351032163829114,1.0,4,1.7000000000000002,1.5000000000000002,1.9000000000000001,0.0,0.0,0.0
16.300000000000097,13.300000000000054,16.350000000000097,16.336281798666924,3.351032163829114,1.0,5,2.1,1.9000000000000001,2.3000000000000003,0.0,0.0,0.0
16.300000000000097,13.300000000000054,16.350000000000097,16.336281798666924,3.351032163829114,1.0,6,2.5,2.3,2.7,0.0,0.0,0.0
16.300000000000097,13.350000000000055,16.350000000000097,16.336281798666924,3.351032163829114,1.0,1,0.5,0.3,0.7,0.0,0.0,0.0
16.300000000000097,13.350000000000055,16.350000000000097,16.336281798666924,3.351032163829114,1.0,2,0.9,0.7,1.1,0.0,0.0,0.0
16.300000000000097,13.350000000000055,16.350000000000097,16.336281798666924,3.351032163829114,1.0,3,1.3,1.1,1.5,0.0,0.0,0.0
16.300000000000097,13.350000000000055,16.350000000000097,16.336281798666924,3.351032163829114,1.0,4,1.7000000000000002,1.5000000000000002,1.9000000000000001,0.0,0.0,0.0
16.300000000000097,13.350000000000055,16.350000000000097,16.336281798666924,3.351032163829114,1.0,5,2.1,1.9000000000000001,2.3000000000000003,0.0,0.0,0.0
16.300000000000097,13.350000000000055,16.350000000000097,16.336281798666924,3.351032163829114,1.0,6,2.5,2.3,2.7,0.0,0.0,0.0
16.300000000000097,13.400000000000055,16.350000000000097,16.336281798666924,3.351032163829114,1.0,1,0.5,0.3,0.7,0.0,0.0,0.0
16.300000000000097,13.400000000000055,16.350000000000097,16.336281798666924,3.351032163829114,1.0,2,0.9,0.7,1.1,0.0,0.0,0.0
16.300000000000097,13.400000000000055,16.350000000000097,16.336281798666924,3.351032163829114,1.0,3,1.3,1.1,1.5,0.0,0.0,0.0
16.300000000000097,13.400000000000055,16.350000000000097,16.336281798666924,3.351032163829114,1.0,4,1.7000000000000002,1.5000000000000002,1.9000000000000001,0.0,0.0,0.0
16.300000000000097,13.400000000000055,16.350000000000097,16.336281798666924,3.351032163829114,1.0,5,2.1,1.9000000000000001,2.3000000000000003,0.0,0.0,0.0
16.300000000000097,13.400000000000055,16.350000000000097,16.336281798666924,3.351032163829114,1.0,6,2.5,2.3,2.7,0.0,0.0,0.0
16.750000000000103,13.450000000000056,16.800000000000104,16.755160819145562,3.351032163829112,1.0,1,0.5,0.3,0.7,0.0,0.0,0.0
16.750000000000103,13.450000000000056,16.800000000000104,16.755160819145562,3.351032163829112,1.0,2,0.9,0.7,1.1,0.0,0.0,0.0
16.750000000000103,13.450000000000056,16.800000000000104,16.755160819145562,3.351032163829112,1.0,3,1.3,1.1,1.5,0.0,0.0,0.0
16.750000000000103,13.450000000000056,16.800000000000104,16.755160819145562,3.351032163829112,1.0,4,1.7000000000000002,1.5000000000000002,1.9000000000000001,0.0,0.0,0.0
16.750000000000103,13.450000000000056,16.800000000000104,16.755160819145562,3.351032163829112,1.0,5,2.1,1.9000000000000001,2.3000000000000003,0.0,0.0,0.0
16.750000000000103,13.450000000000056,16.800000000000104,16.755160819145562,3.351032163829112,1.0,6,2.5,2.3,2.7,0.0,0.0,0.0
16.750000000000103,13.500000000000057,16.800000000000104,16.755160819145562,3.351032163829112,1.0,1,0.5,0.3,0.7,0.0,0.0,0.0
16.750000000000103,13.500000000000057,16.800000000000104,16.755160819145562,3.351032163829112,1.0,2,0.9,0.7,1.1,0.0,0.0,0.0
16.750000000000103,13.500000000000057,16.800000000000104,16.755160819145562,3.351032163829112,1.0,3,1.3,1.1,1.5,0.0,0.0,0.0
16.750000000000103,13.500000000000057,16.800000000000104,16.755160819145562,3.351032163829112,1.0,4,1.7000000000000002,1.5000000000000002,1.9000000000000001,0.0,0.0,0.0
16.750000000000103,13.500000000000057,16.800000000000104,16.755160819145562,3.351032163829112,1.0,5,2.1,1.9000000000000001,2.3000000000000003,0.0,0.0,0.0
16.750000000000103,13.500000000000057,16.800000000000104,16.755160819145562,3.351032163829112,1.0,6,2.5,2.3,2.7,0.0,0.0,0.0
16.750000000000103,13.550000000000058,16.800000000000104,16.755160819145562,3.351032163829112,1.0,1,0.5,0.3,0.7,0.0,0.0,0.0
16.750000000000103,13.550000000000058,16.800000000000104,16.755160819145562,3.351032163829112,1.0,2,0.9,0.7,1.1,0.0,0.0,0.0
16.750000000000103,13.550000000000058,16.800000000000104,16.755160819145562,3.351032163829112,1.0,3,1.3,1.1,1.5,0.0,0.0,0.0
16.750000000000103,13.550000000000058,16.800000000000104,16.755160819145562,3.351032163829112,1.0,4,1.7000000000000002,1.5000000000000002,1.9000000000000001,0.0,0.0,0.0
16.750000000000103,13.550000000000058,16.800000000000104,16.755160819145562,3.351032163829112,1.0,5,2.1,1.9000000000000001,2.3000000000000003,0.0,0.0,0.0
16.750000000000103,13.550000000000058,16.800000000000104,16.755160819145562,3.351032163829112,1.0,6,2.5,2.3,2.7,0.0,0.0,0.0
16.750000000000103,13.600000000000058,16.800000000000104,16.755160819145562,3.351032163829112,1.0,1,0.5,0.3,0.7,0.0,0.0,0.0
16.750000000000103,13.600000000000058,16.800000000000104,16.755160819145562,3.351032163829112,1.0,2,0.9,0.7,1.1,0.0,0.0,0.0
16.750000000000103,13.600000000000058,16.800000000000104,16.755160819145562,3.351032163829112,1.0,3,1.3,1.1,1.5,0.0,0.0,0.0
16.750000000000103,13.600000000000058,16.800000000000104,16.755160819145562,3.351032163829112,1.0,4,1.7000000000000002,1.5000000000000002,1.9000000000000001,0.0,0.0,0.0
16.750000000000103,13.600000000000058,16.800000000000104,16.755160819145562,3.351032163829112,1.0,5,2.1,1.9000000000000001,2.3000000000000003,0.0,0.0,0.0
16.750000000000103,13.600000000000058,16.800000000000104,16.755160819145562,3.351032163829112,1.0,6,2.5,2.3,2.7,0.0,0.0,0.0
16.750000000000103,13.650000000000059,16.800000000000104,16.755160819145562,3.351032163829112,1.0,1,0.5,0.3,0.7,0.0,0.0,0.0
16.750000000000103,13.650000000000059,16.800000000000104,16.755160819145562,3.351032163829112,1.0,2,0.9,0.7,1.1,0.0,0.0,0.0
16.750000000000103,13.650000000000059,16.800000000000104,16.755160819145562,3.351032163829112,1.0,3,1.3,1.1,1.5,0.0,0.0,0.0
16.750000000000103,13.650000000000059,16.800000000000104,16.755160819145562,3.351032163829112,1.0,4,1.7000000000000002,1.5000000000000002,1.9000000000000001,0.0,0.0,0.0
16.750000000000103,13.650000000000059,16.800000000000104,16.755160819145562,3.351032163829112,1.0,5,2.1,1.9000000000000001,2.3000000000000003,0.0,0.0,0.0
16.750000000000103,13.650000000000059,16.800000000000104,16.755160819145562,3.351032163829112,1.0,6,2.5,2.3,2.7,0.0,0.0,0.0
16.750000000000103,13.70000000000006,16.800000000000104,16.755160819145562,3.351032163829112,1.0,1,0.5,0.3,0.7,0.0,0.0,0.0
16.750000000000103,13.70000000000006,16.800000000000104,16.755160819145562,3.351032163829112,1.0,2,0.9,0.7,1.1,0.0,0.0,0.0
16.750000000000103,13.70000000000006,16.800000000000104,16.755160819145562,3.351032163829112,1.0,3,1.3,1.1,1.5,0.0,0.0,0.0
16.750000000000103,13.70000000000006,16.800000000000104,16.755160819145562,3.351032163829112,1.0,4,1.7000000000000002,1.5000000000000002,1.9000000000000001,0.0,0.0,0.0
16.750000000000103,13.70000000000006,16.800000000000104,16.755160819145562,3.351032163829112,1.0,5,2.1,1.9000000000000001,2.3000000000000003,0.0,0.0,0.0
16.750000000000103,13.70000000000006,16.800000000000104,16.755160819145562,3.351032163829112,1.0,6,2.5,2.3,2.7,0.0,0.0,0.0
16.750000000000103,13.75000000000006,16.800000000000104,16.755160819145562,3.351032163829112,1.0,1,0.5,0.3,0.7,0.0,0.0,0.0
16.750000000000103,13.75000000000006,16.800000000000104,16.755160819145562,3.351032163829112,1.0,2,0.9,0.7,1.1,0.0,0.0,0.0
16.750000000000103,13.75000000000006,16.800000000000104,16.755160819145562,3.351032163829112,1.0,3,1.3,1.1,1.5,0.0,0.0,0.0
16.750000000000103,13.75000000000006,16.800000000000104,16.755160819145562,3.351032163829112,1.0,4,1.7000000000000002,1.5000000000000002,1.9000000000000001,0.0,0.0,0.0
16.750000000000103,13.75000000000006,16.800000000000104,16.755160819145562,3.351032163829112,1.0,5,2.1,1.9000000000000001,2.3000000000000003,0.0,0.0,0.0
16.750000000000103,13.75000000000006,16.800000000000104,16.755160819145562,3.351032163829112,1.0,6,2.5,2.3,2.7,0.0,0.0,0.0
16.750000000000103,13.800000000000061,16.800000000000104,16.755160819145562,3.351032163829112,1.0,1,0.5,0.3,0.7,0.0,0.0,0.0
16.750000000000103,13.800000000000061,16.800000000000104,16.755160819145562,3.351032163829112,1.0,2,0.9,0.7,1.1,0.0,0.0,0.0
16.750000000000103,13.800000000000061,16.800000000000104,16.755160819145562,3.351032163829112,1.0,3,1.3,1.1,1.5,0.0,0.0,0.0
16.750000000000103,13.800000000000061,16.800000000000104,16.755160819145562,3.351032163829112,1.0,4,1.7000000000000002,1.5000000000000002,1.9000000000000001,0.0,0.0,0.0
16.750000000000103,13.800000000000061,16.800000000000104,16.755160819145562,3.351032163829112,1.0,5,2.1,1.9000000000000001,2.3000000000000003,0.0,0.0,0.0
16.750000000000103,13.800000000000061,16.800000000000104,16.755160819145562,3.351032163829112,1.0,6,2.5,2.3,2.7,0.0,0.0,0.0
17.15000000000011,13.850000000000062,17.20000000000011,17.1740398396242,3.3510321638291103,1.0,1,0.5,0.3,0.7,0.0,0.0,0.0
17.15000000000011,13.850000000000062,17.20000000000011,17.1740398396242,3.3510321638291103,1.0,2,0.9,0.7,1.1,0.0,0.0,0.0
17.15000000000011,13.850000000000062,17.20000000000011,17.1740398396242,3.3510321638291103,1.0,3,1.3,1.1,1.5,0.0,0.0,0.0
17.15000000000011,13.850000000000062,17.20000000000011,17.1740398396242,3.3510321638291103,1.0,4,1.7000000000000002,1.5000000000000002,1.9000000000000001,0.0,0.0,0.0
17.15000000000011,13.850000000000062,17.20000000000011,17.1740398396242,3.3510321638291103,1.0,5,2.1,1.9000000000000001,2.3000000000000003,0.0,0.0,0.0
17.15000000000011,13.850000000000062,17.20000000000011,17.1740398396242,3.3510321638291103,1.0,6,2.5,2.3,2.7,0.0,0.0,0.0
17.15000000000011,13.900000000000063,17.20000000000011,17.1740398396242,3.3510321638291103,1.0,1,0.5,0.3,0.7,0.0,0.0,0.0
17.15000000000011,13.900000000000063,17.20000000000011,17.1740398396242,3.3510321638291103,1.0,2,0.9,0.7,1.1,0.0,0.0,0.0
17.15000000000011,13.900000000000063,17.20000000000011,17.1740398396242,3.3510321638291103,1.0,3,1.3,1.1,1.5,0.0,0.0,0.0
17.15000000000011,13.900000000000063,17.20000000000011,17.1740398396242,3.3510321638291103,1.0,4,1.7000000000000002,1.5000000000000002,1.9000000000000001,0.0,0.0,0.0
17.15000000000011,13.900000000000063,17.20000000000011,17.1740398396242,3.3510321638291103,1.0,5,2.1,1.9000000000000001,2.3000000000000003,0.0,0.0,0.0
17.15000000000011,13.900000000000063,17.20000000000011,17.1740398396242,3.3510321638291103,1.0,6,2.5,2.3,2.7,0.0,0.0,0.0
17.15000000000011,13.950000000000063,17.20000000000011,17.1740398396242,3.3510321638291103,1.0,1,0.5,0.3,0.7,0.0,0.0,0.0
17.15000000000011,13.950000000000063,17.20000000000011,17.1740398396242,3.3510321638291103,1.0,2,0.9,0.7,1.1,0.0,0.0,0.0
17.15000000000011,13.950000000000063,17.20000000000011,17.1740398396242,3.3510321638291103,1.0,3,1.3,1.1,1.5,0.0,0.0,0.0
17.15000000000011,13.950000000000063,17.20000000000011,17.1740398396242,3.3510321638291103,1.0,4,1.7000000000000002,1.5000000000000002,1.9000000000000001,0.0,0.0,0.0
17.15000000000011,13.950000000000063,17.20000000000011,17.1740398396242,3.3510321638291103,1.0,5,2.1,1.9000000000000001,2.3000000000000003,0.0,0.0,0.0
17.15000000000011,13.950000000000063,17.20000000000011,17.1740398396242,3.3510321638291103,1.0,6,2.5,2.3,2.7,0.0,0.0,0.0
17.15000000000011,14.000000000000064,17.20000000000011,17.1740398396242,3.3510321638291103,1.0,1,0.5,0.3,0.7,0.0,0.0,0.0
17.15000000000011,14.000000000000064,17.20000000000011,17.1740398396242,3.3510321638291103,1.0,2,0.9,0.7,1.1,0.0,0.0,0.0
17.15000000000011,14.000000000000064,17.20000000000011,17.1740398396242,3.3510321638291103,1.0,3,1.3,1.1,1.5,0.0,0.0,0.0
17.15000000000011,14.000000000000064,17.20000000000011,17.1740398396242,3.3510321638291103,1.0,4,1.7000000000000002,1.5000000000000002,1.9000000000000001,0.0,0.0,0.0
17.15000000000011,14.000000000000064,17.20000000000011,17.1740398396242,3.3510321638291103,1.0,5,2.1,1.9000000000000001,2.3000000000000003,0.0,0.0,0.0
17.15000000000011,14.000000000000064,17.20000000000011,17.1740398396242,3.3510321638291103,1.0,6,2.5,2.3,2.7,0.0,0.0,0.0
17.15000000000011,14.050000000000065,17.20000000000011,17.1740398396242,3.3510321638291103,1.0,1,0.5,0.3,0.7,0.0,0.0,0.0
17.15000000000011,14.050000000000065,17.20000000000011,17.1740398396242,3.3510321638291103,1.0,2,0.9,0.7,1.1,0.0,0.0,0.0
17.15000000000011,14.050000000000065,17.20000000000011,17.1740398396242,3.3510321638291103,1.0,3,1.3,1.1,1.5,0.0,0.0,0.0
17.15000000000011,14.050000000000065,17.20000000000011,17.1740398396242,3.3510321638291103,1.0,4,1.7000000000000002,1.5000000000000002,1.9000000000000001,0.0,0.0,0.0
17.15000000000011,14.050000000000065,17.20000000000011,17.1740398396242,3.3510321638291103,1.0,5,2.1,1.9000000000000001,2.3000000000000003,0.0,0.0,0.0
17.15000000000011,14.050000000000065,17.20000000000011,17.1740398396242,3.3510321638291103,1.0,6,2.5,2.3,2.7,0.0,0.0,0.0
17.15000000000011,14.100000000000065,17.20000000000011,17.1740398396242,3.3510321638291103,1.0,1,0.5,0.3,0.7,0.0,0.0,0.0
17.15000000000011,14.100000000000065,17.20000000000011,17.1740398396242,3.3510321638291103,1.0,2,0.9,0.7,1.1,0.0,0.0,0.0
17.15000000000011,14.100000000000065,17.20000000000011,17.1740398396242,3.3510321638291103,1.0,3,1.3,1.1,1.5,0.0,0.0,0.0
17.15000000000011,14.100000000000065,17.20000000000011,17.1740398396242,3.3510321638291103,1.0,4,1.7000000000000002,1.5000000000000002,1.9000000000000001,0.0,0.0,0.0
17.15000000000011,14.100000000000065,17.20000000000011,17.1740398396242,3.3510321638291103,1.0,5,2.1,1.9000000000000001,2.3000000000000003,0.0,0.0,0.0
17.15000000000011,14.100000000000065,17.20000000000011,17.1740398396242,3.3510321638291103,1.0,6,2.5,2.3,2.7,0.0,0.0,0.0
17.15000000000011,14.150000000000066,17.20000000000011,17.1740398396242,3.3510321638291103,1.0,1,0.5,0.3,0.7,0.0,0.0,0.0
17.15000000000011,14.150000000000066,17.20000000000011,17.1740398396242,3.3510321638291103,1.0,2,0.9,0.7,1.1,0.0,0.0,0.0
17.15000000000011,14.150000000000066,17.20000000000011,17.1740398396242,3.3510321638291103,1.0,3,1.3,1.1,1.5,0.0,0.0,0.0
17.15000000000011,14.150000000000066,17.20000000000011,17.1740398396242,3.3510321638291103,1.0,4,1.7000000000000002,1.5000000000000002,1.9000000000000001,0.0,0.0,0.0
17.15000000000011,14.150000000000066,17.20000000000011,17.1740398396242,3.3510321638291103,1.0,5,2.1,1.9000000000000001,2.3000000000000003,0.0,0.0,0.0
17.15000000000011,14.150000000000066,17.20000000000011,17.1740398396242,3.3510321638291103,1.0,6,2.5,2.3,2.7,0.0,0.0,0.0
17.15000000000011,14.200000000000067,17.20000000000011,17.1740398396242,3.3510321638291103,1.0,1,0.5,0.3,0.7,0.0,0.0,0.0
17.15000000000011,14.200000000000067,17.20000000000011,17.1740398396242,3.3510321638291103,1.0,2,0.9,0.7,1.1,0.0,0.0,0.0
17.15000000000011,14.200000000000067,17.20000000000011,17.1740398396242,3.3510321638291103,1.0,3,1.3,1.1,1.5,0.0,0.0,0.0
17.15000000000011,14.200000000000067,17.20000000000011,17.1740398396242,3.3510321638291103,1.0,4,1.7000000000000002,1.5000000000000002,1.9000000000000001,0.0,0.0,0.0
17.15000000000011,14.200000000000067,17.20000000000011,17.1740398396242,3.3510321638291103,1.0,5,2.1,1.9000000000000001,2.3000000000000003,0.0,0.0,0.0
17.15000000000011,14.200000000000067,17.20000000000011,17.1740398396242,3.3510321638291103,1.0,6,2.5,2.3,2.7,0.0,0.0,0.0
17.550000000000114,14.250000000000068,17.600000000000115,17.59291886010284,3.351032163829114,1.0,1,0.5,0.3,0.7,0.0,0.0,0.0
17.550000000000114,14.250000000000068,17.600000000000115,17.59291886010284,3.351032163829114,1.0,2,0.9,0.7,1.1,0.0,0.0,0.0
17.550000000000114,14.250000000000068,17.600000000000115,17.59291886010284,3.351032163829114,1.0,3,1.3,1.1,1.5,0.0,0.0,0.0
17.550000000000114,14.250000000000068,17.600000000000115,17.59291886010284,3.351032163829114,1.0,4,1.7000000000000002,1.5000000000000002,1.9000000000000001,0.0,0.0,0.0
17.550000000000114,14.250000000000068,17.600000000000115,17.59291886010284,3.351032163829114,1.0,5,2.1,1.9000000000000001,2.3000000000000003,0.0,0.0,0.0
17.550000000000114,14.250000000000068,17.600000000000115,17.59291886010284,3.351032163829114,1.0,6,2.5,2.3,2.7,0.0,0.0,0.0
17.550000000000114,14.300000000000068,17.600000000000115,17.59291886010284,3.351032163829114,1.0,1,0.5,0.3,0.7,0.0,0.0,0.0
17.550000000000114,14.300000000000068,17.600000000000115,17.59291886010284,3.351032163829114,1.0,2,0.9,0.7,1.1,0.0,0.0,0.0
17.550000000000114,14.300000000000068,17.600000000000115,17.59291886010284,3.351032163829114,1.0,3,1.3,1.1,1.5,0.0,0.0,0.0
17.550000000000114,14.300000000000068,17.600000000000115,17.59291886010284,3.351032163829114,1.0,4,1.7000000000000002,1.5000000000000002,1.9000000000000001,0.0,0.0,0.0
17.550000000000114,14.300000000000068,17.600000000000115,17.59291886010284,3.351032163829114,1.0,5,2.1,1.9000000000000001,2.3000000000000003,0.0,0.0,0.0
17.550000000000114,14.300000000000068,17.600000000000115,17.59291886010284,3.351032163829114,1.0,6,2.5,2.3,2.7,0.0,0.0,0.0
17.550000000000114,14.350000000000069,17.600000000000115,17.59291886010284,3.351032163829114,1.0,1,0.5,0.3,0.7,0.0,0.0,0.0
17.550000000000114,14.350000000000069,17.600000000000115,17.59291886010284,3.351032163829114,1.0,2,0.9,0.7,1.1,0.0,0.0,0.0
17.550000000000114,14.350000000000069,17.600000000000115,17.59291886010284,3.351032163829114,1.0,3,1.3,1.1,1.5,0.0,0.0,0.0
17.550000000000114,14.350000000000069,17.600000000000115,17.59291886010284,3.351032163829114,1.0,4,1.7000000000000002,1.5000000000000002,1.9000000000000001,0.0,0.0,0.0
17.550000000000114,14.350000000000069,17.600000000000115,17.59291886010284,3.351032163829114,1.0,5,2.1,1.9000000000000001,2.3000000000000003,0.0,0.0,0.0
17.550000000000114,14.350000000000069,17.600000000000115,17.59291886010284,3.351032163829114,1.0,6,2.5,2.3,2.7,0.0,0.0,0.0
17.550000000000114,14.40000000000007,17.600000000000115,17.59291886010284,3.351032163829114,1.0,1,0.5,0.3,0.7,0.0,0.0,0.0
17.550000000000114,14.40000000000007,17.600000000000115,17.59291886010284,3.351032163829114,1.0,2,0.9,0.7,1.1,0.0,0.0,0.0
17.550000000000114,14.40000000000007,17.600000000000115,17.59291886010284,3.351032163829114,1.0,3,1.3,1.1,1.5,0.0,0.0,0.0
17.550000000000114,14.40000000000007,17.600000000000115,17.59291886010284,3.351032163829114,1.0,4,1.7000000000000002,1.5000000000000002,1.9000000000000001,0.0,0.0,0.0
17.550000000000114,14.40000000000007,17.600000000000115,17.59291886010284,3.351032163829114,1.0,5,2.1,1.9000000000000001,2.3000000000000003,0.0,0.0,0.0
17.550000000000114,14.40000000000007,17.600000000000115,17.59291886010284,3.351032163829114,1.0,6,2.5,2.3,2.7,0.0,0.0,0.0
17.550000000000114,14.45000000000007,17.600000000000115,17.59291886010284,3.351032163829114,1.0,1,0.5,0.3,0.7,0.0,0.0,0.0
17.550000000000114,14.45000000000007,17.600000000000115,17.59291886010284,3.351032163829114,1.0,2,0.9,0.7,1.1,0.0,0.0,0.0
17.550000000000114,14.45000000000007,17.600000000000115,17.59291886010284,3.351032163829114,1.0,3,1.3,1.1,1.5,0.0,0.0,0.0
17.550000000000114,14.45000000000007,17.600000000000115,17.59291886010284,3.351032163829114,1.0,4,1.7000000000000002,1.5000000000000002,1.9000000000000001,0.0,0.0,0.0
17.550000000000114,14.45000000000007,17.600000000000115,17.59291886010284,3.351032163829114,1.0,5,2.1,1.9000000000000001,2.3000000000000003,0.0,0.0,0.0
17.550000000000114,14.45000000000007,17.600000000000115,17.59291886010284,3.351032163829114,1.0,6,2.5,2.3,2.7,0.0,0.0,0.0
17.550000000000114,14.500000000000071,17.600000000000115,17.59291886010284,3.351032163829114,1.0,1,0.5,0.3,0.7,0.0,0.0,0.0
17.550000000000114,14.500000000000071,17.600000000000115,17.59291886010284,3.351032163829114,1.0,2,0.9,0.7,1.1,0.0,0.0,0.0
17.550000000000114,14.500000000000071,17.600000000000115,17.59291886010284,3.351032163829114,1.0,3,1.3,1.1,1.5,0.0,0.0,0.0
17.550000000000114,14.500000000000071,17.600000000000115,17.59291886010284,3.351032163829114,1.0,4,1.7000000000000002,1.5000000000000002,1.9000000000000001,0.0,0.0,0.0
17.550000000000114,14.500000000000071,17.600000000000115,17.59291886010284,3.351032163829114,1.0,5,2.1,1.9000000000000001,2.3000000000000003,0.0,0.0,0.0
17.550000000000114,14.500000000000071,17.600000000000115,17.59291886010284,3.351032163829114,1.0,6,2.5,2.3,2.7,0.0,0.0,0.0
17.550000000000114,14.550000000000072,17.600000000000115,17.59291886010284,3.351032163829114,1.0,1,0.5,0.3,0.7,0.0,0.0,0.0
17.550000000000114,14.550000000000072,17.600000000000115,17.59291886010284,3.351032163829114,1.0,2,0.9,0.7,1.1,0.0,0.0,0.0
17.550000000000114,14.550000000000072,17.600000000000115,17.59291886010284,3.351032163829114,1.0,3,1.3,1.1,1.5,0.0,0.0,0.0
17.550000000000114,14.550000000000072,17.600000000000115,17.59291886010284,3.351032163829114,1.0,4,1.7000000000000002,1.5000000000000002,1.9000000000000001,0.0,0.0,0.0
17.550000000000114,14.550000000000072,17.600000000000115,17.59291886010284,3.351032163829114,1.0,5,2.1,1.9000000000000001,2.3000000000000003,0.0,0.0,0.0
17.550000000000114,14.550000000000072,17.600000000000115,17.59291886010284,3.351032163829114,1.0,6,2.5,2.3,2.7,0.0,0.0,0.0
17.550000000000114,14.600000000000072,17.600000000000115,17.59291886010284,3.351032163829114,1.0,1,0.5,0.3,0.7,0.0,0.0,0.0
17.550000000000114,14.600000000000072,17.600000000000115,17.59291886010284,3.351032163829114,1.0,2,0.9,0.7,1.1,0.0,0.0,0.0
17.550000000000114,14.600000000000072,17.600000000000115,17.59291886010284,3.351032163829114,1.0,3,1.3,1.1,1.5,0.0,0.0,0.0
17.550000000000114,14.600000000000072,17.600000000000115,17.59291886010284,3.351032163829114,1.0,4,1.7000000000000002,1.5000000000000002,1.9000000000000001,0.0,0.0,0.0
17.550000000000114,14.600000000000072,17.600000000000115,17.59291886010284,3.351032163829114,1.0,5,2.1,1.9000000000000001,2.3000000000000003,0.0,0.0,0.0
17.550000000000114,14.600000000000072,17.600000000000115,17.59291886010284,3.351032163829114,1.0,6,2.5,2.3,2.7,0.0,0.0,0.0
17.550000000000114,14.650000000000073,17.600000000000115,17.59291886010284,3.351032163829114,1.0,1,0.5,0.3,0.7,0.0,0.0,0.0
17.550000000000114,14.650000000000073,17.600000000000115,17.59291886010284,3.351032163829114,1.0,2,0.9,0.7,1.1,0.0,0.0,0.0
17.550000000000114,14.650000000000073,17.600000000000115,17.59291886010284,3.351032163829114,1.0,3,1.3,1.1,1.5,0.0,0.0,0.0
17.550000000000114,14.650000000000073,17.600000000000115,17.59291886010284,3.351032163829114,1.0,4,1.7000000000000002,1.5000000000000002,1.9000000000000001,0.0,0.0,0.0
17.550000000000114,14.650000000000073,17.600000000000115,17.59291886010284,3.351032163829114,1.0,5,2.1,1.9000000000000001,2.3000000000000003,0.0,0.0,0.0
17.550000000000114,14.650000000000073,17.600000000000115,17.59291886010284,3.351032163829114,1.0,6,2.5,2.3,2.7,0.0,0.0,0.0
18.00000000000012,14.700000000000074,18.05000000000012,18.01179788058148,3.351032163829112,1.0,1,0.5,0.3,0.7,0.0,0.0,0.0
18.00000000000012,14.700000000000074,18.05000000000012,18.01179788058148,3.351032163829112,1.0,2,0.9,0.7,1.1,0.0,0.0,0.0
18.00000000000012,14.700000000000074,18.05000000000012,18.01179788058148,3.351032163829112,1.0,3,1.3,1.1,1.5,0.0,0.0,0.0
18.00000000000012,14.700000000000074,18.05000000000012,18.01179788058148,3.351032163829112,1.0,4,1.7000000000000002,1.5000000000000002,1.9000000000000001,0.0,0.0,0.0
18.00000000000012,14.700000000000074,18.05000000000012,18.01179788058148,3.351032163829112,1.0,5,2.1,1.9000000000000001,2.3000000000000003,0.0,0.0,0.0
18.00000000000012,14.700000000000074,18.05000000000012,18.01179788058148,3.351032163829112,1.0,6,2.5,2.3,2.7,0.0,0.0,0.0
18.00000000000012,14.750000000000075,18.05000000000012,18.01179788058148,3.351032163829112,1.0,1,0.5,0.3,0.7,0.0,0.0,0.0
18.00000000000012,14.750000000000075,18.05000000000012,18.01179788058148,3.351032163829112,1.0,2,0.9,0.7,1.1,0.0,0.0,0.0
18.00000000000012,14.750000000000075,18.05000000000012,18.01179788058148,3.351032163829112,1.0,3,1.3,1.1,1.5,0.0,0.0,0.0
18.00000000000012,14.750000000000075,18.05000000000012,18.01179788058148,3.351032163829112,1.0,4,1.7000000000000002,1.5000000000000002,1.9000000000000001,0.0,0.0,0.0
18.00000000000012,14.750000000000075,18.05000000000012,18.01179788058148,3.351032163829112,1.0,5,2.1,1.9000000000000001,2.3000000000000003,0.0,0.0,0.0
18.00000000000012,14.750000000000075,18.05000000000012,18.01179788058148,3.351032163829112,1.0,6,2.5,2.3,2.7,0.0,0.0,0.0
18.00000000000012,14.800000000000075,18.05000000000012,18.01179788058148,3.351032163829112,1.0,1,0.5,0.3,0.7,0.0,0.0,0.0
18.00000000000012,14.800000000000075,18.05000000000012,18.01179788058148,3.351032163829112,1.0,2,0.9,0.7,1.1,0.0,0.0,0.0
18.00000000000012,14.800000000000075,18.05000000000012,18.01179788058148,3.351032163829112,1.0,3,1.3,1.1,1.5,0.0,0.0,0.0
18.00000000000012,14.800000000000075,18.05000000000012,18.01179788058148,3.351032163829112,1.0,4,1.7000000000000002,1.5000000000000002,1.9000000000000001,0.0,0.0,0.0
18.00000000000012,14.800000000000075,18.05000000000012,18.01179788058148,3.351032163829112,1.0,5,2.1,1.9000000000000001,2.3000000000000003,0.0,0.0,0.0
18.00000000000012,14.800000000000075,18.05000000000012,18.01179788058148,3.351032163829112,1.0,6,2.5,2.3,2.7,0.0,0.0,0.0
18.00000000000012,14.850000000000076,18.05000000000012,18.01179788058148,3.351032163829112,1.0,1,0.5,0.3,0.7,0.0,0.0,0.0
18.00000000000012,14.850000000000076,18.05000000000012,18.01179788058148,3.351032163829112,1.0,2,0.9,0.7,1.1,0.0,0.0,0.0
18.00000000000012,14.850000000000076,18.05000000000012,18.01179788058148,3.351032163829112,1.0,3,1.3,1.1,1.5,0.0,0.0,0.0
18.00000000000012,14.850000000000076,18.05000000000012,18.01179788058148,3.351032163829112,1.0,4,1.7000000000000002,1.5000000000000002,1.9000000000000001,0.0,0.0,0.0
18.00000000000012,14.850000000000076,18.05000000000012,18.01179788058148,3.351032163829112,1.0,5,2.1,1.9000000000000001,2.3000000000000003,0.0,0.0,0.0
18.00000000000012,14.850000000000076,18.05000000000012,18.01179788058148,3.351032163829112,1.0,6,2.5,2.3,2.7,0.0,0.0,0.0
18.00000000000012,14.900000000000077,18.05000000000012,18.01179788058148,3.351032163829112,1.0,1,0.5,0.3,0.7,0.0,0.0,0.0
18.00000000000012,14.900000000000077,18.05000000000012,18.01179788058148,3.351032163829112,1.0,2,0.9,0.7,1.1,0.0,0.0,0.0
18.00000000000012,14.900000000000077,18.05000000000012,18.01179788058148,3.351032163829112,1.0,3,1.3,1.1,1.5,0.0,0.0,0.0
18.00000000000012,14.900000000000077,18.05000000000012,18.01179788058148,3.351032163829112,1.0,4,1.7000000000000002,1.5000000000000002,1.9000000000000001,0.0,0.0,0.0
18.00000000000012,14.900000000000077,18.05000000000012,18.01179788058148,3.351032163829112,1.0,5,2.1,1.9000000000000001,2.3000000000000003,0.0,0.0,0.0
18.00000000000012,14.900000000000077,18.05000000000012,18.01179788058148,3.351032163829112,1.0,6,2.5,2.3,2.7,0.0,0.0,0.0
18.00000000000012,14.950000000000077,18.05000000000012,18.01179788058148,3.351032163829112,1.0,1,0.5,0.3,0.7,0.0,0.0,0.0
18.00000000000012,14.950000000000077,18.05000000000012,18.01179788058148,3.351032163829112,1.0,2,0.9,0.7,1.1,0.0,0.0,0.0
18.00000000000012,14.950000000000077,18.05000000000012,18.01179788058148,3.351032163829112,1.0,3,1.3,1.1,1.5,0.0,0.0,0.0
18.00000000000012,14.950000000000077,18.05000000000012,18.01179788058148,3.351032163829112,1.0,4,1.7000000000000002,1.5000000000000002,1.9000000000000001,0.0,0.0,0.0
18.00000000000012,14.950000000000077,18.05000000000012,18.01179788058148,3.351032163829112,1.0,5,2.1,1.9000000000000001,2.3000000000000003,0.0,0.0,0.0
18.00000000000012,14.950000000000077,18.05000000000012,18.01179788058148,3.351032163829112,1.0,6,2.5,2.3,2.7,0.0,0.0,0.0
18.00000000000012,15.000000000000078,18.05000000000012,18.01179788058148,3.351032163829112,1.0,1,0.5,0.3,0.7,0.0,0.0,0.0
18.00000000000012,15.000000000000078,18.05000000000012,18.01179788058148,3.351032163829112,1.0,2,0.9,0.7,1.1,0.0,0.0,0.0
18.00000000000012,15.000000000000078,18.05000000000012,18.01179788058148,3.351032163829112,1.0,3,1.3,1.1,1.5,0.0,0.0,0.0
18.00000000000012,15.000000000000078,18.05000000000012,18.01179788058148,3.351032163829112,1.0,4,1.7000000000000002,1.5000000000000002,1.9000000000000001,0.0,0.0,0.0
18.00000000000012,15.000000000000078,18.05000000000012,18.01179788058148,3.351032163829112,1.0,5,2.1,1.9000000000000001,2.3000000000000003,0.0,0.0,0.0
18.00000000000012,15.000000000000078,18.05000000000012,18.01179788058148,3.351032163829112,1.0,6,2.5,2.3,2.7,0.0,0.0,0.0
18.00000000000012,15.050000000000079,18.05000000000012,18.01179788058148,3.351032163829112,1.0,1,0.5,0.3,0.7,0.0,0.0,0.0
18.00000000000012,15.050000000000079,18.05000000000012,18.01179788058148,3.351032163829112,1.0,2,0.9,0.7,1.1,0.0,0.0,0.0
18.00000000000012,15.050000000000079,18.05000000000012,18.01179788058148,3.351032163829112,1.0,3,1.3,1.1,1.5,0.0,0.0,0.0
18.00000000000012,15.050000000000079,18.05000000000012,18.01179788058148,3.351032163829112,1.0,4,1.7000000000000002,1.5000000000000002,1.9000000000000001,0.0,0.0,0.0
18.00000000000012,15.050000000000079,18.05000000000012,18.01179788058148,3.351032163829112,1.0,5,2.1,1.9000000000000001,2.3000000000000003,0.0,0.0,0.0
18.00000000000012,15.050000000000079,18.05000000000012,18.01179788058148,3.351032163829112,1.0,6,2.5,2.3,2.7,0.0,0.0,0.0
18.400000000000126,15.10000000000008,18.450000000000127,18.430676901060117,3.3510321638291103,1.0,1,0.5,0.3,0.7,0.0,0.0,0.0
18.400000000000126,15.10000000000008,18.450000000000127,18.430676901060117,3.3510321638291103,1.0,2,0.9,0.7,1.1,0.0,0.0,0.0
18.400000000000126,15.10000000000008,18.450000000000127,18.430676901060117,3.3510321638291103,1.0,3,1.3,1.1,1.5,0.0,0.0,0.0
18.400000000000126,15.10000000000008,18.450000000000127,18.430676901060117,3.3510321638291103,1.0,4,1.7000000000000002,1.5000000000000002,1.9000000000000001,0.0,0.0,0.0
18.400000000000126,15.10000000000008,18.450000000000127,18.430676901060117,3.3510321638291103,1.0,5,2.1,1.9000000000000001,2.3000000000000003,0.0,0.0,0.0
18.400000000000126,15.10000000000008,18.450000000000127,18.430676901060117,3.3510321638291103,1.0,6,2.5,2.3,2.7,0.0,0.0,0.0
18.400000000000126,15.15000000000008,18.450000000000127,18.430676901060117,3.3510321638291103,1.0,1,0.5,0.3,0.7,0.0,0.0,0.0
18.400000000000126,15.15000000000008,18.450000000000127,18.430676901060117,3.3510321638291103,1.0,2,0.9,0.7,1.1,0.0,0.0,0.0
18.400000000000126,15.15000000000008,18.450000000000127,18.430676901060117,3.3510321638291103,1.0,3,1.3,1.1,1.5,0.0,0.0,0.0
18.400000000000126,15.15000000000008,18.450000000000127,18.430676901060117,3.3510321638291103,1.0,4,1.7000000000000002,1.5000000000000002,1.9000000000000001,0.0,0.0,0.0
18.400000000000126,15.15000000000008,18.450000000000127,18.430676901060117,3.3510321638291103,1.0,5,2.1,1.9000000000000001,2.3000000000000003,0.0,0.0,0.0
18.400000000000126,15.15000000000008,18.450000000000127,18.430676901060117,3.3510321638291103,1.0,6,2.5,2.3,2.7,0.0,0.0,0.0
18.400000000000126,15.200000000000081,18.450000000000127,18.430676901060117,3.3510321638291103,1.0,1,0.5,0.3,0.7,0.0,0.0,0.0
18.400000000000126,15.200000000000081,18.450000000000127,18.430676901060117,3.3510321638291103,1.0,2,0.9,0.7,1.1,0.0,0.0,0.0
18.400000000000126,15.200000000000081,18.450000000000127,18.430676901060117,3.3510321638291103,1.0,3,1.3,1.1,1.5,0.0,0.0,0.0
18.400000000000126,15.200000000000081,18.450000000000127,18.430676901060117,3.3510321638291103,1.0,4,1.7000000000000002,1.5000000000000002,1.9000000000000001,0.0,0.0,0.0
18.400000000000126,15.200000000000081,18.450000000000127,18.430676901060117,3.3510321638291103,1.0,5,2.1,1.9000000000000001,2.3000000000000003,0.0,0.0,0.0
18.400000000000126,15.200000000000081,18.450000000000127,18.430676901060117,3.3510321638291103,1.0,6,2.5,2.3,2.7,0.0,0.0,0.0
18.400000000000126,15.250000000000082,18.450000000000127,18.430676901060117,3.3510321638291103,1.0,1,0.5,0.3,0.7,0.0,0.0,0.0
18.400000000000126,15.250000000000082,18.450000000000127,18.430676901060117,3.3510321638291103,1.0,2,0.9,0.7,1.1,0.0,0.0,0.0
18.400000000000126,15.250000000000082,18.450000000000127,18.430676901060117,3.3510321638291103,1.0,3,1.3,1.1,1.5,0.0,0.0,0.0
18.400000000000126,15.250000000000082,18.450000000000127,18.430676901060117,3.3510321638291103,1.0,4,1.7000000000000002,1.5000000000000002,1.9000000000000001,0.0,0.0,0.0
18.400000000000126,15.250000000000082,18.450000000000127,18.430676901060117,3.3510321638291103,1.0,5,2.1,1.9000000000000001,2.3000000000000003,0.0,0.0,0.0
18.400000000000126,15.250000000000082,18.450000000000127,18.430676901060117,3.3510321638291103,1.0,6,2.5,2.3,2.7,0.0,0.0,0.0
18.400000000000126,15.300000000000082,18.450000000000127,18.430676901060117,3.3510321638291103,1.0,1,0.5,0.3,0.7,0.0,0.0,0.0
18.400000000000126,15.300000000000082,18.450000000000127,18.430676901060117,3.3510321638291103,1.0,2,0.9,0.7,1.1,0.0,0.0,0.0
18.400000000000126,15.300000000000082,18.450000000000127,18.430676901060117,3.3510321638291103,1.0,3,1.3,1.1,1.5,0.0,0.0,0.0
18.400000000000126,15.300000000000082,18.450000000000127,18.430676901060117,3.3510321638291103,1.0,4,1.7000000000000002,1.5000000000000002,1.9000000000000001,0.0,0.0,0.0
18.400000000000126,15.300000000000082,18.450000000000127,18.430676901060117,3.3510321638291103,1.0,5,2.1,1.9000000000000001,2.3000000000000003,0.0,0.0,0.0
18.400000000000126,15.300000000000082,18.450000000000127,18.430676901060117,3.3510321638291103,1.0,6,2.5,2.3,2.7,0.0,0.0,0.0
18.400000000000126,15.350000000000083,18.450000000000127,18.430676901060117,3.3510321638291103,1.0,1,0.5,0.3,0.7,0.0,0.0,0.0
18.400000000000126,15.350000000000083,18.450000000000127,18.430676901060117,3.3510321638291103,1.0,2,0.9,0.7,1.1,0.0,0.0,0.0
18.400000000000126,15.350000000000083,18.450000000000127,18.430676901060117,3.3510321638291103,1.0,3,1.3,1.1,1.5,0.0,0.0,0.0
18.400000000000126,15.350000000000083,18.450000000000127,18.430676901060117,3.3510321638291103,1.0,4,1.7000000000000002,1.5000000000000002,1.9000000000000001,0.0,0.0,0.0
18.400000000000126,15.350000000000083,18.450000000000127,18.430676901060117,3.3510321638291103,1.0,5,2.1,1.9000000000000001,2.3000000000000003,0.0,0.0,0.0
18.400000000000126,15.350000000000083,18.450000000000127,18.430676901060117,3.3510321638291103,1.0,6,2.5,2.3,2.7,0.0,0.0,0.0
18.400000000000126,15.400000000000084,18.450000000000127,18.430676901060117,3.3510321638291103,1.0,1,0.5,0.3,0.7,0.0,0.0,0.0
18.400000000000126,15.400000000000084,18.450000000000127,18.430676901060117,3.3510321638291103,1.0,2,0.9,0.7,1.1,0.0,0.0,0.0
18.400000000000126,15.400000000000084,18.450000000000127,18.430676901060117,3.3510321638291103,1.0,3,1.3,1.1,1.5,0.0,0.0,0.0
18.400000000000126,15.400000000000084,18.450000000000127,18.430676901060117,3.3510321638291103,1.0,4,1.7000000000000002,1.5000000000000002,1.9000000000000001,0.0,0.0,0.0
18.400000000000126,15.400000000000084,18.450000000000127,18.430676901060117,3.3510321638291103,1.0,5,2.1,1.9000000000000001,2.3000000000000003,0.0,0.0,0.0
18.400000000000126,15.400000000000084,18.450000000000127,18.430676901060117,3.3510321638291103,1.0,6,2.5,2.3,2.7,0.0,0.0,0.0
18.400000000000126,15.450000000000085,18.450000000000127,18.430676901060117,3.3510321638291103,1.0,1,0.5,0.3,0.7,0.0,0.0,0.0
18.400000000000126,15.450000000000085,18.450000000000127,18.430676901060117,3.3510321638291103,1.0,2,0.9,0.7,1.1,0.0,0.0,0.0
18.400000000000126,15.450000000000085,18.450000000000127,18.430676901060117,3.3510321638291103,1.0,3,1.3,1.1,1.5,0.0,0.0,0.0
18.400000000000126,15.450000000000085,18.450000000000127,18.430676901060117,3.3510321638291103,1.0,4,1.7000000000000002,1.5000000000000002,1.9000000000000001,0.0,0.0,0.0
18.400000000000126,15.450000000000085,18.450000000000127,18.430676901060117,3.3510321638291103,1.0,5,2.1,1.9000000000000001,2.3000000000000003,0.0,0.0,0.0
18.400000000000126,15.450000000000085,18.450000000000127,18.430676901060117,3.3510321638291103,1.0,6,2.5,2.3,2.7,0.0,0.0,0.0
18.800000000000132,15.500000000000085,18.850000000000133,18.84955592153876,3.351032163829114,1.0,1,0.5,0.3,0.7,0.0,0.0,0.0
18.800000000000132,15.500000000000085,18.850000000000133,18.84955592153876,3.351032163829114,1.0,2,0.9,0.7,1.1,0.0,0.0,0.0
18.800000000000132,15.500000000000085,18.850000000000133,18.84955592153876,3.351032163829114,1.0,3,1.3,1.1,1.5,0.0,0.0,0.0
18.800000000000132,15.500000000000085,18.850000000000133,18.84955592153876,3.351032163829114,1.0,4,1.7000000000000002,1.5000000000000002,1.9000000000000001,0.0,0.0,0.0
18.800000000000132,15.500000000000085,18.850000000000133,18.84955592153876,3.351032163829114,1.0,5,2.1,1.9000000000000001,2.3000000000000003,0.0,0.0,0.0
18.800000000000132,15.500000000000085,18.850000000000133,18.84955592153876,3.351032163829114,1.0,6,2.5,2.3,2.7,0.0,0.0,0.0
18.800000000000132,15.550000000000086,18.850000000000133,18.84955592153876,3.351032163829114,1.0,1,0.5,0.3,0.7,0.0,0.0,0.0
18.800000000000132,15.550000000000086,18.850000000000133,18.84955592153876,3.351032163829114,1.0,2,0.9,0.7,1.1,0.0,0.0,0.0
18.800000000000132,15.550000000000086,18.850000000000133,18.84955592153876,3.351032163829114,1.0,3,1.3,1.1,1.5,0.0,0.0,0.0
18.800000000000132,15.550000000000086,18.850000000000133,18.84955592153876,3.351032163829114,1.0,4,1.7000000000000002,1.5000000000000002,1.9000000000000001,0.0,0.0,0.0
18.800000000000132,15.550000000000086,18.850000000000133,18.84955592153876,3.351032163829114,1.0,5,2.1,1.9000000000000001,2.3000000000000003,0.0,0.0,0.0
18.800000000000132,15.550000000000086,18.850000000000133,18.84955592153876,3.351032163829114,1.0,6,2.5,2.3,2.7,0.0,0.0,0.0
18.800000000000132,15.600000000000087,18.850000000000133,18.84955592153876,3.351032163829114,1.0,1,0.5,0.3,0.7,0.0,0.0,0.0
18.800000000000132,15.600000000000087,18.850000000000133,18.84955592153876,3.351032163829114,1.0,2,0.9,0.7,1.1,0.0,0.0,0.0
18.800000000000132,15.600000000000087,18.850000000000133,18.84955592153876,3.351032163829114,1.0,3,1.3,1.1,1.5,0.0,0.0,0.0
18.800000000000132,15.600000000000087,18.850000000000133,18.84955592153876,3.351032163829114,1.0,4,1.7000000000000002,1.5000000000000002,1.9000000000000001,0.0,0.0,0.0
18.800000000000132,15.600000000000087,18.850000000000133,18.84955592153876,3.351032163829114,1.0,5,2.1,1.9000000000000001,2.3000000000000003,0.0,0.0,0.0
18.800000000000132,15.600000000000087,18.850000000000133,18.84955592153876,3.351032163829114,1.0,6,2.5,2.3,2.7,0.0,0.0,0.0
18.800000000000132,15.650000000000087,18.850000000000133,18.84955592153876,3.351032163829114,1.0,1,0.5,0.3,0.7,0.0,0.0,0.0
18.800000000000132,15.650000000000087,18.850000000000133,18.84955592153876,3.351032163829114,1.0,2,0.9,0.7,1.1,0.0,0.0,0.0
18.800000000000132,15.650000000000087,18.850000000000133,18.84955592153876,3.351032163829114,1.0,3,1.3,1.1,1.5,0.0,0.0,0.0
18.800000000000132,15.650000000000087,18.850000000000133,18.84955592153876,3.351032163829114,1.0,4,1.7000000000000002,1.5000000000000002,1.9000000000000001,0.0,0.0,0.0
18.800000000000132,15.650000000000087,18.850000000000133,18.84955592153876,3.351032163829114,1.0,5,2.1,1.9000000000000001,2.3000000000000003,0.0,0.0,0.0
18.800000000000132,15.650000000000087,18.850000000000133,18.84955592153876,3.351032163829114,1.0,6,2.5,2.3,2.7,0.0,0.0,0.0
18.800000000000132,15.700000000000088,18.850000000000133,18.84955592153876,3.351032163829114,1.0,1,0.5,0.3,0.7,0.0,0.0,0.0
18.800000000000132,15.700000000000088,18.850000000000133,18.84955592153876,3.351032163829114,1.0,2,0.9,0.7,1.1,0.0,0.0,0.0
18.800000000000132,15.700000000000088,18.850000000000133,18.84955592153876,3.351032163829114,1.0,3,1.3,1.1,1.5,0.0,0.0,0.0
18.800000000000132,15.700000000000088,18.850000000000133,18.84955592153876,3.351032163829114,1.0,4,1.7000000000000002,1.5000000000000002,1.9000000000000001,0.0,0.0,0.0
18.800000000000132,15.700000000000088,18.850000000000133,18.84955592153876,3.351032163829114,1.0,5,2.1,1.9000000000000001,2.3000000000000003,0.0,0.0,0.0
18.800000000000132,15.700000000000088,18.850000000000133,18.84955592153876,3.351032163829114,1.0,6,2.5,2.3,2.7,0.0,0.0,0.0
18.800000000000132,15.750000000000089,18.850000000000133,18.84955592153876,3.351032163829114,1.0,1,0.5,0.3,0.7,0.0,0.0,0.0
18.800000000000132,15.750000000000089,18.850000000000133,18.84955592153876,3.351032163829114,1.0,2,0.9,0.7,1.1,0.0,0.0,0.0
18.800000000000132,15.750000000000089,18.850000000000133,18.84955592153876,3.351032163829114,1.0,3,1.3,1.1,1.5,0.0,0.0,0.0
18.800000000000132,15.750000000000089,18.850000000000133,18.84955592153876,3.351032163829114,1.0,4,1.7000000000000002,1.5000000000000002,1.9000000000000001,0.0,0.0,0.0
18.800000000000132,15.750000000000089,18.850000000000133,18.84955592153876,3.351032163829114,1.0,5,2.1,1.9000000000000001,2.3000000000000003,0.0,0.0,0.0
18.800000000000132,15.750000000000089,18.850000000000133,18.84955592153876,3.351032163829114,1.0,6,2.5,2.3,2.7,0.0,0.0,0.0
18.800000000000132,15.80000000000009,18.850000000000133,18.84955592153876,3.351032163829114,1.0,1,0.5,0.3,0.7,0.0,0.0,0.0
18.800000000000132,15.80000000000009,18.850000000000133,18.84955592153876,3.351032163829114,1.0,2,0.9,0.7,1.1,0.0,0.0,0.0
18.800000000000132,15.80000000000009,18.850000000000133,18.84955592153876,3.351032163829114,1.0,3,1.3,1.1,1.5,0.0,0.0,0.0
18.800000000000132,15.80000000000009,18.850000000000133,18.84955592153876,3.351032163829114,1.0,4,1.7000000000000002,1.5000000000000002,1.9000000000000001,0.0,0.0,0.0
18.800000000000132,15.80000000000009,18.850000000000133,18.84955592153876,3.351032163829114,1.0,5,2.1,1.9000000000000001,2.3000000000000003,0.0,0.0,0.0
18.800000000000132,15.80000000000009,18.850000000000133,18.84955592153876,3.351032163829114,1.0,6,2.5,2.3,2.7,0.0,0.0,0.0
18.800000000000132,15.85000000000009,18.850000000000133,18.84955592153876,3.351032163829114,1.0,1,0.5,0.3,0.7,0.0,0.0,0.0
18.800000000000132,15.85000000000009,18.850000000000133,18.84955592153876,3.351032163829114,1.0,2,0.9,0.7,1.1,0.0,0.0,0.0
18.800000000000132,15.85000000000009,18.850000000000133,18.84955592153876,3.351032163829114,1.0,3,1.3,1.1,1.5,0.0,0.0,0.0
18.800000000000132,15.85000000000009,18.850000000000133,18.84955592153876,3.351032163829114,1.0,4,1.7000000000000002,1.5000000000000002,1.9000000000000001,0.0,0.0,0.0
18.800000000000132,15.85000000000009,18.850000000000133,18.84955592153876,3.351032163829114,1.0,5,2.1,1.9000000000000001,2.3000000000000003,0.0,0.0,0.0
18.800000000000132,15.85000000000009,18.850000000000133,18.84955592153876,3.351032163829114,1.0,6,2.5,2.3,2.7,0.0,0.0,0.0
18.800000000000132,15.900000000000091,18.850000000000133,18.84955592153876,3.351032163829114,1.0,1,0.5,0.3,0.7,0.0,0.0,0.0
18.800000000000132,15.900000000000091,18.850000000000133,18.84955592153876,3.351032163829114,1.0,2,0.9,0.7,1.1,0.0,0.0,0.0
18.800000000000132,15.900000000000091,18.850000000000133,18.84955592153876,3.351032163829114,1.0,3,1.3,1.1,1.5,0.0,0.0,0.0
18.800000000000132,15.900000000000091,18.850000000000133,18.84955592153876,3.351032163829114,1.0,4,1.7000000000000002,1.5000000000000002,1.9000000000000001,0.0,0.0,0.0
18.800000000000132,15.900000000000091,18.850000000000133,18.84955592153876,3.351032163829114,1.0,5,2.1,1.9000000000000001,2.3000000000000003,0.0,0.0,0.0
18.800000000000132,15.900000000000091,18.850000000000133,18.84955592153876,3.351032163829114,1.0,6,2.5,2.3,2.7,0.0,0.0,0.0
19.25000000000014,15.950000000000092,19.30000000000014,19.268434942017397,3.351032163829112,1.0,1,0.5,0.3,0.7,0.0,0.0,0.0
19.25000000000014,15.950000000000092,19.30000000000014,19.268434942017397,3.351032163829112,1.0,2,0.9,0.7,1.1,0.0,0.0,0.0
19.25000000000014,15.950000000000092,19.30000000000014,19.268434942017397,3.351032163829112,1.0,3,1.3,1.1,1.5,0.0,0.0,0.0
19.25000000000014,15.950000000000092,19.30000000000014,19.268434942017397,3.351032163829112,1.0,4,1.7000000000000002,1.5000000000000002,1.9000000000000001,0.0,0.0,0.0
19.25000000000014,15.950000000000092,19.30000000000014,19.268434942017397,3.351032163829112,1.0,5,2.1,1.9000000000000001,2.3000000000000003,0.0,0.0,0.0
19.25000000000014,15.950000000000092,19.30000000000014,19.268434942017397,3.351032163829112,1.0,6,2.5,2.3,2.7,0.0,0.0,0.0
19.25000000000014,16.000000000000092,19.30000000000014,19.268434942017397,3.351032163829112,1.0,1,0.5,0.3,0.7,0.0,0.0,0.0
19.25000000000014,16.000000000000092,19.30000000000014,19.268434942017397,3.351032163829112,1.0,2,0.9,0.7,1.1,0.0,0.0,0.0
19.25000000000014,16.000000000000092,19.30000000000014,19.268434942017397,3.351032163829112,1.0,3,1.3,1.1,1.5,0.0,0.0,0.0
19.25000000000014,16.000000000000092,19.30000000000014,19.268434942017397,3.351032163829112,1.0,4,1.7000000000000002,1.5000000000000002,1.9000000000000001,0.0,0.0,0.0
19.25000000000014,16.000000000000092,19.30000000000014,19.268434942017397,3.351032163829112,1.0,5,2.1,1.9000000000000001,2.3000000000000003,0.0,0.0,0.0
19.25000000000014,16.000000000000092,19.30000000000014,19.268434942017397,3.351032163829112,1.0,6,2.5,2.3,2.7,0.0,0.0,0.0
19.25000000000014,16.050000000000093,19.30000000000014,19.268434942017397,3.351032163829112,1.0,1,0.5,0.3,0.7,0.0,0.0,0.0
19.25000000000014,16.050000000000093,19.30000000000014,19.268434942017397,3.351032163829112,1.0,2,0.9,0.7,1.1,0.0,0.0,0.0
19.25000000000014,16.050000000000093,19.30000000000014,19.268434942017397,3.351032163829112,1.0,3,1.3,1.1,1.5,0.0,0.0,0.0
19.25000000000014,16.050000000000093,19.30000000000014,19.268434942017397,3.351032163829112,1.0,4,1.7000000000000002,1.5000000000000002,1.9000000000000001,0.0,0.0,0.0
19.25000000000014,16.050000000000093,19.30000000000014,19.268434942017397,3.351032163829112,1.0,5,2.1,1.9000000000000001,2.3000000000000003,0.0,0.0,0.0
19.25000000000014,16.050000000000093,19.30000000000014,19.268434942017397,3.351032163829112,1.0,6,2.5,2.3,2.7,0.0,0.0,0.0
19.25000000000014,16.100000000000094,19.30000000000014,19.268434942017397,3.351032163829112,1.0,1,0.5,0.3,0.7,0.0,0.0,0.0
19.25000000000014,16.100000000000094,19.30000000000014,19.268434942017397,3.351032163829112,1.0,2,0.9,0.7,1.1,0.0,0.0,0.0
19.25000000000014,16.100000000000094,19.30000000000014,19.268434942017397,3.351032163829112,1.0,3,1.3,1.1,1.5,0.0,0.0,0.0
19.25000000000014,16.100000000000094,19.30000000000014,19.268434942017397,3.351032163829112,1.0,4,1.7000000000000002,1.5000000000000002,1.9000000000000001,0.0,0.0,0.0
19.25000000000014,16.100000000000094,19.30000000000014,19.268434942017397,3.351032163829112,1.0,5,2.1,1.9000000000000001,2.3000000000000003,0.0,0.0,0.0
19.25000000000014,16.100000000000094,19.30000000000014,19.268434942017397,3.351032163829112,1.0,6,2.5,2.3,2.7,0.0,0.0,0.0
19.25000000000014,16.150000000000095,19.30000000000014,19.268434942017397,3.351032163829112,1.0,1,0.5,0.3,0.7,0.0,0.0,0.0
19.25000000000014,16.150000000000095,19.30000000000014,19.268434942017397,3.351032163829112,1.0,2,0.9,0.7,1.1,0.0,0.0,0.0
19.25000000000014,16.150000000000095,19.30000000000014,19.268434942017397,3.351032163829112,1.0,3,1.3,1.1,1.5,0.0,0.0,0.0
19.25000000000014,16.150000000000095,19.30000000000014,19.268434942017397,3.351032163829112,1.0,4,1.7000000000000002,1.5000000000000002,1.9000000000000001,0.0,0.0,0.0
19.25000000000014,16.150000000000095,19.30000000000014,19.268434942017397,3.351032163829112,1.0,5,2.1,1.9000000000000001,2.3000000000000003,0.0,0.0,0.0
19.25000000000014,16.150000000000095,19.30000000000014,19.268434942017397,3.351032163829112,1.0,6,2.5,2.3,2.7,0.0,0.0,0.0
19.25000000000014,16.200000000000095,19.30000000000014,19.268434942017397,3.351032163829112,1.0,1,0.5,0.3,0.7,0.0,0.0,0.0
19.25000000000014,16.200000000000095,19.30000000000014,19.268434942017397,3.351032163829112,1.0,2,0.9,0.7,1.1,0.0,0.0,0.0
19.25000000000014,16.200000000000095,19.30000000000014,19.268434942017397,3.351032163829112,1.0,3,1.3,1.1,1.5,0.0,0.0,0.0
19.25000000000014,16.200000000000095,19.30000000000014,19.268434942017397,3.351032163829112,1.0,4,1.7000000000000002,1.5000000000000002,1.9000000000000001,0.0,0.0,0.0
19.25000000000014,16.200000000000095,19.30000000000014,19.268434942017397,3.351032163829112,1.0,5,2.1,1.9000000000000001,2.3000000000000003,0.0,0.0,0.0
19.25000000000014,16.200000000000095,19.30000000000014,19.268434942017397,3.351032163829112,1.0,6,2.5,2.3,2.7,0.0,0.0,0.0
19.25000000000014,16.250000000000096,19.30000000000014,19.268434942017397,3.351032163829112,1.0,1,0.5,0.3,0.7,0.0,0.0,0.0
19.25000000000014,16.250000000000096,19.30000000000014,19.268434942017397,3.351032163829112,1.0,2,0.9,0.7,1.1,0.0,0.0,0.0
19.25000000000014,16.250000000000096,19.30000000000014,19.268434942017397,3.351032163829112,1.0,3,1.3,1.1,1.5,0.0,0.0,0.0
19.25000000000014,16.250000000000096,19.30000000000014,19.268434942017397,3.351032163829112,1.0,4,1.7000000000000002,1.5000000000000002,1.9000000000000001,0.0,0.0,0.0
19.25000000000014,16.250000000000096,19.30000000000014,19.268434942017397,3.351032163829112,1.0,5,2.1,1.9000000000000001,2.3000000000000003,0.0,0.0,0.0
19.25000000000014,16.250000000000096,19.30000000000014,19.268434942017397,3.351032163829112,1.0,6,2.5,2.3,2.7,0.0,0.0,0.0
19.25000000000014,16.300000000000097,19.30000000000014,19.268434942017397,3.351032163829112,1.0,1,0.5,0.3,0.7,0.0,0.0,0.0
19.25000000000014,16.300000000000097,19.30000000000014,19.268434942017397,3.351032163829112,1.0,2,0.9,0.7,1.1,0.0,0.0,0.0
19.25000000000014,16.300000000000097,19.30000000000014,19.268434942017397,3.351032163829112,1.0,3,1.3,1.1,1.5,0.0,0.0,0.0
19.25000000000014,16.300000000000097,19.30000000000014,19.268434942017397,3.351032163829112,1.0,4,1.7000000000000002,1.5000000000000002,1.9000000000000001,0.0,0.0,0.0
19.25000000000014,16.300000000000097,19.30000000000014,19.268434942017397,3.351032163829112,1.0,5,2.1,1.9000000000000001,2.3000000000000003,0.0,0.0,0.0
19.25000000000014,16.300000000000097,19.30000000000014,19.268434942017397,3.351032163829112,1.0,6,2.5,2.3,2.7,0.0,0.0,0.0
19.650000000000144,16.350000000000097,19.700000000000145,19.687313962496034,3.3510321638291103,1.0,1,0.5,0.3,0.7,0.0,0.0,0.0
19.650000000000144,16.350000000000097,19.700000000000145,19.687313962496034,3.3510321638291103,1.0,2,0.9,0.7,1.1,0.0,0.0,0.0
19.650000000000144,16.350000000000097,19.700000000000145,19.687313962496034,3.3510321638291103,1.0,3,1.3,1.1,1.5,0.0,0.0,0.0
19.650000000000144,16.350000000000097,19.700000000000145,19.687313962496034,3.3510321638291103,1.0,4,1.7000000000000002,1.5000000000000002,1.9000000000000001,0.0,0.0,0.0
19.650000000000144,16.350000000000097,19.700000000000145,19.687313962496034,3.3510321638291103,1.0,5,2.1,1.9000000000000001,2.3000000000000003,0.0,0.0,0.0
19.650000000000144,16.350000000000097,19.700000000000145,19.687313962496034,3.3510321638291103,1.0,6,2.5,2.3,2.7,0.0,0.0,0.0
19.650000000000144,16.400000000000098,19.700000000000145,19.687313962496034,3.3510321638291103,1.0,1,0.5,0.3,0.7,0.0,0.0,0.0
19.650000000000144,16.400000000000098,19.700000000000145,19.687313962496034,3.3510321638291103,1.0,2,0.9,0.7,1.1,0.0,0.0,0.0
19.650000000000144,16.400000000000098,19.700000000000145,19.687313962496034,3.3510321638291103,1.0,3,1.3,1.1,1.5,0.0,0.0,0.0
19.650000000000144,16.400000000000098,19.700000000000145,19.687313962496034,3.3510321638291103,1.0,4,1.7000000000000002,1.5000000000000002,1.9000000000000001,0.0,0.0,0.0
19.650000000000144,16.400000000000098,19.700000000000145,19.687313962496034,3.3510321638291103,1.0,5,2.1,1.9000000000000001,2.3000000000000003,0.0,0.0,0.0
19.650000000000144,16.400000000000098,19.700000000000145,19.687313962496034,3.3510321638291103,1.0,6,2.5,2.3,2.7,0.0,0.0,0.0
19.650000000000144,16.4500000000001,19.700000000000145,19.687313962496034,3.3510321638291103,1.0,1,0.5,0.3,0.7,0.0,0.0,0.0
19.650000000000144,16.4500000000001,19.700000000000145,19.687313962496034,3.3510321638291103,1.0,2,0.9,0.7,1.1,0.0,0.0,0.0
19.650000000000144,16.4500000000001,19.700000000000145,19.687313962496034,3.3510321638291103,1.0,3,1.3,1.1,1.5,0.0,0.0,0.0
19.650000000000144,16.4500000000001,19.700000000000145,19.687313962496034,3.3510321638291103,1.0,4,1.7000000000000002,1.5000000000000002,1.9000000000000001,0.0,0.0,0.0
19.650000000000144,16.4500000000001,19.700000000000145,19.687313962496034,3.3510321638291103,1.0,5,2.1,1.9000000000000001,2.3000000000000003,0.0,0.0,0.0
19.650000000000144,16.4500000000001,19.700000000000145,19.687313962496034,3.3510321638291103,1.0,6,2.5,2.3,2.7,0.0,0.0,0.0
19.650000000000144,16.5000000000001,19.700000000000145,19.687313962496034,3.3510321638291103,1.0,1,0.5,0.3,0.7,0.0,0.0,0.0
19.650000000000144,16.5000000000001,19.700000000000145,19.687313962496034,3.3510321638291103,1.0,2,0.9,0.7,1.1,0.0,0.0,0.0
19.650000000000144,16.5000000000001,19.700000000000145,19.687313962496034,3.3510321638291103,1.0,3,1.3,1.1,1.5,0.0,0.0,0.0
19.650000000000144,16.5000000000001,19.700000000000145,19.687313962496034,3.3510321638291103,1.0,4,1.7000000000000002,1.5000000000000002,1.9000000000000001,0.0,0.0,0.0
19.650000000000144,16.5000000000001,19.700000000000145,19.687313962496034,3.3510321638291103,1.0,5,2.1,1.9000000000000001,2.3000000000000003,0.0,0.0,0.0
19.650000000000144,16.5000000000001,19.700000000000145,19.687313962496034,3.3510321638291103,1.0,6,2.5,2.3,2.7,0.0,0.0,0.0
19.650000000000144,16.5500000000001,19.700000000000145,19.687313962496034,3.3510321638291103,1.0,1,0.5,0.3,0.7,0.0,0.0,0.0
19.650000000000144,16.5500000000001,19.700000000000145,19.687313962496034,3.3510321638291103,1.0,2,0.9,0.7,1.1,0.0,0.0,0.0
19.650000000000144,16.5500000000001,19.700000000000145,19.687313962496034,3.3510321638291103,1.0,3,1.3,1.1,1.5,0.0,0.0,0.0
19.650000000000144,16.5500000000001,19.700000000000145,19.687313962496034,3.3510321638291103,1.0,4,1.7000000000000002,1.5000000000000002,1.9000000000000001,0.0,0.0,0.0
19.650000000000144,16.5500000000001,19.700000000000145,19.687313962496034,3.3510321638291103,1.0,5,2.1,1.9000000000000001,2.3000000000000003,0.0,0.0,0.0
19.650000000000144,16.5500000000001,19.700000000000145,19.687313962496034,3.3510321638291103,1.0,6,2.5,2.3,2.7,0.0,0.0,0.0
19.650000000000144,16.6000000000001,19.700000000000145,19.687313962496034,3.3510321638291103,1.0,1,0.5,0.3,0.7,0.0,0.0,0.0
19.650000000000144,16.6000000000001,19.700000000000145,19.687313962496034,3.3510321638291103,1.0,2,0.9,0.7,1.1,0.0,0.0,0.0
19.650000000000144,16.6000000000001,19.700000000000145,19.687313962496034,3.3510321638291103,1.0,3,1.3,1.1,1.5,0.0,0.0,0.0
19.650000000000144,16.6000000000001,19.700000000000145,19.687313962496034,3.3510321638291103,1.0,4,1.7000000000000002,1.5000000000000002,1.9000000000000001,0.0,0.0,0.0
19.650000000000144,16.6000000000001,19.700000000000145,19.687313962496034,3.3510321638291103,1.0,5,2.1,1.9000000000000001,2.3000000000000003,0.0,0.0,0.0
19.650000000000144,16.6000000000001,19.700000000000145,19.687313962496034,3.3510321638291103,1.0,6,2.5,2.3,2.7,0.0,0.0,0.0
19.650000000000144,16.6500000000001,19.700000000000145,19.687313962496034,3.3510321638291103,1.0,1,0.5,0.3,0.7,0.0,0.0,0.0
19.650000000000144,16.6500000000001,19.700000000000145,19.687313962496034,3.3510321638291103,1.0,2,0.9,0.7,1.1,0.0,0.0,0.0
19.650000000000144,16.6500000000001,19.700000000000145,19.687313962496034,3.3510321638291103,1.0,3,1.3,1.1,1.5,0.0,0.0,0.0
19.650000000000144,16.6500000000001,19.700000000000145,19.687313962496034,3.3510321638291103,1.0,4,1.7000000000000002,1.5000000000000002,1.9000000000000001,0.0,0.0,0.0
19.650000000000144,16.6500000000001,19.700000000000145,19.687313962496034,3.3510321638291103,1.0,5,2.1,1.9000000000000001,2.3000000000000003,0.0,0.0,0.0
19.650000000000144,16.6500000000001,19.700000000000145,19.687313962496034,3.3510321638291103,1.0,6,2.5,2.3,2.7,0.0,0.0,0.0
19.650000000000144,16.700000000000102,19.700000000000145,19.687313962496034,3.3510321638291103,1.0,1,0.5,0.3,0.7,0.0,0.0,0.0
19.650000000000144,16.700000000000102,19.700000000000145,19.687313962496034,3.3510321638291103,1.0,2,0.9,0.7,1.1,0.0,0.0,0.0
19.650000000000144,16.700000000000102,19.700000000000145,19.687313962496034,3.3510321638291103,1.0,3,1.3,1.1,1.5,0.0,0.0,0.0
19.650000000000144,16.700000000000102,19.700000000000145,19.687313962496034,3.3510321638291103,1.0,4,1.7000000000000002,1.5000000000000002,1.9000000000000001,0.0,0.0,0.0
19.650000000000144,16.700000000000102,19.700000000000145,19.687313962496034,3.3510321638291103,1.0,5,2.1,1.9000000000000001,2.3000000000000003,0.0,0.0,0.0
19.650000000000144,16.700000000000102,19.700000000000145,19.687313962496034,3.3510321638291103,1.0,6,2.5,2.3,2.7,0.0,0.0,0.0
19.650000000000144,16.750000000000103,19.700000000000145,19.687313962496034,3.3510321638291103,1.0,1,0.5,0.3,0.7,0.0,0.0,0.0
19.650000000000144,16.750000000000103,19.700000000000145,19.687313962496034,3.3510321638291103,1.0,2,0.9,0.7,1.1,0.0,0.0,0.0
19.650000000000144,16.750000000000103,19.700000000000145,19.687313962496034,3.3510321638291103,1.0,3,1.3,1.1,1.5,0.0,0.0,0.0
19.650000000000144,16.750000000000103,19.700000000000145,19.687313962496034,3.3510321638291103,1.0,4,1.7000000000000002,1.5000000000000002,1.9000000000000001,0.0,0.0,0.0
19.650000000000144,16.750000000000103,19.700000000000145,19.687313962496034,3.3510321638291103,1.0,5,2.1,1.9000000000000001,2.3000000000000003,0.0,0.0,0.0
19.650000000000144,16.750000000000103,19.700000000000145,19.687313962496034,3.3510321638291103,1.0,6,2.5,2.3,2.7,0.0,0.0,0.0
20.200000000000152,16.800000000000104,20.125000000000142,20.106192982974676,3.351032163829114,0.5,1,0.5,0.3,0.7,0.0,0.0,0.0
20.200000000000152,16.800000000000104,20.125000000000142,20.106192982974676,3.351032163829114,0.5,2,0.9,0.7,1.1,0.0,0.0,0.0
20.200000000000152,16.800000000000104,20.125000000000142,20.106192982974676,3.351032163829114,0.5,3,1.3,1.1,1.5,0.0,0.0,0.0
20.200000000000152,16.800000000000104,20.125000000000142,20.106192982974676,3.351032163829114,0.5,4,1.7000000000000002,1.5000000000000002,1.9000000000000001,0.0,0.0,0.0
20.200000000000152,16.800000000000104,20.125000000000142,20.106192982974676,3.351032163829114,0.5,5,2.1,1.9000000000000001,2.3000000000000003,0.0,0.0,0.0
20.200000000000152,16.800000000000104,20.125000000000142,20.106192982974676,3.351032163829114,0.5,6,2.5,2.3,2.7,0.0,0.0,0.0
20.200000000000152,16.850000000000104,20.125000000000142,20.106192982974676,3.351032163829114,0.5,1,0.5,0.3,0.7,0.0,0.0,0.0
20.200000000000152,16.850000000000104,20.125000000000142,20.106192982974676,3.351032163829114,0.5,2,0.9,0.7,1.1,0.05555555555555555,0.014166666666666666,15.0
20.200000000000152,16.850000000000104,20.125000000000142,20.106192982974676,3.351032163829114,0.5,3,1.3,1.1,1.5,0.175,0.044625,15.0
20.200000000000152,16.850000000000104,20.125000000000142,20.106192982974676,3.351032163829114,0.5,4,1.7000000000000002,1.5000000000000002,1.9000000000000001,0.022222222222222223,0.005666666666666667,15.0
20.200000000000152,16.850000000000104,20.125000000000142,20.106192982974676,3.351032163829114,0.5,5,2.1,1.9000000000000001,2.3000000000000003,0.06521739130434782,0.016630434782608696,15.0
20.200000000000152,16.850000000000104,20.125000000000142,20.106192982974676,3.351032163829114,0.5,6,2.5,2.3,2.7,0.11627906976744186,0.029651162790697676,15.0
20.200000000000152,16.900000000000105,20.125000000000142,20.106192982974676,3.351032163829114,0.5,1,0.5,0.3,0.7,0.0,0.0,0.0
20.200000000000152,16.900000000000105,20.125000000000142,20.106192982974676,3.351032163829114,0.5,2,0.9,0.7,1.1,0.1111111111111111,0.028333333333333332,15.0
20.200000000000152,16.900000000000105,20.125000000000142,20.106192982974676,3.351032163829114,0.5,3,1.3,1.1,1.5,0.2,0.051000000000000004,15.0
20.200000000000152,16.900000000000105,20.125000000000142,20.106192982974676,3.351032163829114,0.5,4,1.7000000000000002,1.5000000000000002,1.9000000000000001,0.24444444444444444,0.06233333333333333,15.0
20.200000000000152,16.900000000000105,20.125000000000142,20.106192982974676,3.351032163829114,0.5,5,2.1,1.9000000000000001,2.3000000000000003,0.21739130434782608,0.05543478260869565,15.0
20.200000000000152,16.900000000000105,20.125000000000142,20.106192982974676,3.351032163829114,0.5,6,2.5,2.3,2.7,0.18604651162790697,0.04744186046511628,15.0
20.200000000000152,16.950000000000106,20.125000000000142,20.106192982974676,3.351032163829114,0.5,1,0.5,0.3,0.7,0.0,0.0,0.0
20.200000000000152,16.950000000000106,20.125000000000142,20.106192982974676,3.351032163829114,0.5,2,0.9,0.7,1.1,0.1388888888888889,0.035416666666666666,15.0
20.200000000000152,16.950000000000106,20.125000000000142,20.106192982974676,3.351032163829114,0.5,3,1.3,1.1,1.5,0.3,0.0765,15.0
20.200000000000152,16.950000000000106,20.125000000000142,20.106192982974676,3.351032163829114,0.5,4,1.7000000000000002,1.5000000000000002,1.9000000000000001,0.3111111111111111,0.07933333333333334,15.0
20.200000000000152,16.950000000000106,20.125000000000142,20.106192982974676,3.351032163829114,0.5,5,2.1,1.9000000000000001,2.3000000000000003,0.21739130434782608,0.05543478260869565,15.0
20.200000000000152,16.950000000000106,20.125000000000142,20.106192982974676,3.351032163829114,0.5,6,2.5,2.3,2.7,0.3023255813953488,0.07709302325581395,15.0
20.200000000000152,17.000000000000107,20.125000000000142,20.106192982974676,3.351032163829114,0.5,1,0.5,0.3,0.7,0.0,0.0,0.0
20.200000000000152,17.000000000000107,20.125000000000142,20.106192982974676,3.351032163829114,0.5,2,0.9,0.7,1.1,0.1111111111111111,0.028333333333333332,15.0
20.200000000000152,17.000000000000107,20.125000000000142,20.106192982974676,3.351032163829114,0.5,3,1.3,1.1,1.5,0.425,0.108375,15.0
20.200000000000152,17.000000000000107,20.125000000000142,20.106192982974676,3.351032163829114,0.5,4,1.7000000000000002,1.5000000000000002,1.9000000000000001,0.2,0.051000000000000004,15.0
20.200000000000152,17.000000000000107,20.125000000000142,20.106192982974676,3.351032163829114,0.5,5,2.1,1.9000000000000001,2.3000000000000003,0.2826086956521739,0.07206521739130434,15.0
20.200000000000152,17.000000000000107,20.125000000000142,20.106192982974676,3.351032163829114,0.5,6,2.5,2.3,2.7,0.3023255813953488,0.07709302325581395,15.0
20.200000000000152,17.050000000000107,20.125000000000142,20.106192982974676,3.351032163829114,0.5,1,0.5,0.3,0.7,0.0,0.0,0.0
20.200000000000152,17.050000000000107,20.125000000000142,20.106192982974676,3.351032163829114,0.5,2,0.9,0.7,1.1,0.1111111111111111,0.028333333333333332,15.0
20.200000000000152,17.050000000000107,20.125000000000142,20.106192982974676,3.351032163829114,0.5,3,1.3,1.1,1.5,0.275,0.070125,15.0
20.200000000000152,17.050000000000107,20.125000000000142,20.106192982974676,3.351032163829114,0.5,4,1.7000000000000002,1.5000000000000002,1.9000000000000001,0.35555555555555557,0.09066666666666667,15.0
20.200000000000152,17.050000000000107,20.125000000000142,20.106192982974676,3.351032163829114,0.5,5,2.1,1.9000000000000001,2.3000000000000003,0.2608695652173913,0.06652173913043478,15.0
20.200000000000152,17.050000000000107,20.125000000000142,20.106192982974676,3.351032163829114,0.5,6,2.5,2.3,2.7,0.37209302325581395,0.09488372093023256,15.0
20.200000000000152,17.100000000000108,20.125000000000142,20.106192982974676,3.351032163829114,0.5,1,0.5,0.3,0.7,0.0,0.0,0.0
20.200000000000152,17.100000000000108,20.125000000000142,20.106192982974676,3.351032163829114,0.5,2,0.9,0.7,1.1,0.05555555555555555,0.014166666666666666,15.0
20.200000000000152,17.100000000000108,20.125000000000142,20.106192982974676,3.351032163829114,0.5,3,1.3,1.1,1.5,0.3,0.0765,15.0
20.200000000000152,17.100000000000108,20.125000000000142,20.106192982974676,3.351032163829114,0.5,4,1.7000000000000002,1.5000000000000002,1.9000000000000001,0.2222222222222222,0.056666666666666664,15.0
20.200000000000152,17.100000000000108,20.125000000000142,20.106192982974676,3.351032163829114,0.5,5,2.1,1.9000000000000001,2.3000000000000003,0.21739130434782608,0.05543478260869565,15.0
20.200000000000152,17.100000000000108,20.125000000000142,20.106192982974676,3.351032163829114,0.5,6,2.5,2.3,2.7,0.23255813953488372,0.05930232558139535,15.0
20.200000000000152,17.15000000000011,20.125000000000142,20.106192982974676,3.351032163829114,0.5,1,0.5,0.3,0.7,0.0,0.0,0.0
20.200000000000152,17.15000000000011,20.125000000000142,20.106192982974676,3.351032163829114,0.5,2,0.9,0.7,1.1,0.05555555555555555,0.014166666666666666,15.0
20.200000000000152,17.15000000000011,20.125000000000142,20.106192982974676,3.351032163829114,0.5,3,1.3,1.1,1.5,0.125,0.031875,15.0
20.200000000000152,17.15000000000011,20.125000000000142,20.106192982974676,3.351032163829114,0.5,4,1.7000000000000002,1.5000000000000002,1.9000000000000001,0.08888888888888889,0.02266666666666667,15.0
20.200000000000152,17.15000000000011,20.125000000000142,20.106192982974676,3.351032163829114,0.5,5,2.1,1.9000000000000001,2.3000000000000003,0.08695652173913043,0.02217391304347826,15.0
20.200000000000152,17.15000000000011,20.125000000000142,20.106192982974676,3.351032163829114,0.5,6,2.5,2.3,2.7,0.13953488372093023,0.03558139534883721,15.0
21.050000000000164,17.20000000000011,20.550000000000118,20.525072003453314,3.351032163829114,0.5,1,0.5,0.3,0.7,0.0,0.0,0.0
21.050000000000164,17.20000000000011,20.550000000000118,20.525072003453314,3.351032163829114,0.5,2,0.9,0.7,1.1,0.0,0.0,0.0
21.050000000000164,17.20000000000011,20.550000000000118,20.525072003453314,3.351032163829114,0.5,3,1.3,1.1,1.5,0.0,0.0,0.0
21.050000000000164,17.20000000000011,20.550000000000118,20.525072003453314,3.351032163829114,0.5,4,1.7000000000000002,1.5000000000000002,1.9000000000000001,0.0,0.0,0.0
21.050000000000164,17.20000000000011,20.550000000000118,20.525072003453314,3.351032163829114,0.5,5,2.1,1.9000000000000001,2.3000000000000003,0.0,0.0,0.0
21.050000000000164,17.20000000000011,20.550000000000118,20.525072003453314,3.351032163829114,0.5,6,2.5,2.3,2.7,0.0,0.0,0.0
21.050000000000164,17.25000000000011,20.550000000000118,20.525072003453314,3.351032163829114,0.5,1,0.5,0.3,0.7,0.0,0.0,0.0
21.050000000000164,17.25000000000011,20.550000000000118,20.525072003453314,3.351032163829114,0.5,2,0.9,0.7,1.1,0.0,0.0,0.0
21.050000000000164,17.25000000000011,20.550000000000118,20.525072003453314,3.351032163829114,0.5,3,1.3,1.1,1.5,0.0,0.0,0.0
21.050000000000164,17.25000000000011,20.550000000000118,20.525072003453314,3.351032163829114,0.5,4,1.7000000000000002,1.5000000000000002,1.9000000000000001,0.0,0.0,0.0
21.050000000000164,17.25000000000011,20.550000000000118,20.525072003453314,3.351032163829114,0.5,5,2.1,1.9000000000000001,2.3000000000000003,0.0,0.0,0.0
21.050000000000164,17.25000000000011,20.550000000000118,20.525072003453314,3.351032163829114,0.5,6,2.5,2.3,2.7,0.0,0.0,0.0
21.050000000000164,17.30000000000011,20.550000000000118,20.525072003453314,3.351032163829114,0.5,1,0.5,0.3,0.7,0.0,0.0,0.0
21.050000000000164,17.30000000000011,20.550000000000118,20.525072003453314,3.351032163829114,0.5,2,0.9,0.7,1.1,0.0,0.0,0.0
21.050000000000164,17.30000000000011,20.550000000000118,20.525072003453314,3.351032163829114,0.5,3,1.3,1.1,1.5,0.0,0.0,0.0
21.050000000000164,17.30000000000011,20.550000000000118,20.525072003453314,3.351032163829114,0.5,4,1.7000000000000002,1.5000000000000002,1.9000000000000001,0.0,0.0,0.0
21.050000000000164,17.30000000000011,20.550000000000118,20.525072003453314,3.351032163829114,0.5,5,2.1,1.9000000000000001,2.3000000000000003,0.0,0.0,0.0
21.050000000000164,17.30000000000011,20.550000000000118,20.525072003453314,3.351032163829114,0.5,6,2.5,2.3,2.7,0.0,0.0,0.0
21.050000000000164,17.35000000000011,20.550000000000118,20.525072003453314,3.351032163829114,0.5,1,0.5,0.3,0.7,0.0,0.0,0.0
21.050000000000164,17.35000000000011,20.550000000000118,20.525072003453314,3.351032163829114,0.5,2,0.9,0.7,1.1,0.0,0.0,0.0
21.050000000000164,17.35000000000011,20.550000000000118,20.525072003453314,3.351032163829114,0.5,3,1.3,1.1,1.5,0.0,0.0,0.0
21.050000000000164,17.35000000000011,20.550000000000118,20.525072003453314,3.351032163829114,0.5,4,1.7000000000000002,1.5000000000000002,1.9000000000000001,0.0,0.0,0.0
21.050000000000164,17.35000000000011,20.550000000000118,20.525072003453314,3.351032163829114,0.5,5,2.1,1.9000000000000001,2.3000000000000003,0.0,0.0,0.0
21.050000000000164,17.35000000000011,20.550000000000118,20.525072003453314,3.351032163829114,0.5,6,2.5,2.3,2.7,0.0,0.0,0.0
21.050000000000164,17.400000000000112,20.550000000000118,20.525072003453314,3.351032163829114,0.5,1,0.5,0.3,0.7,0.0,0.0,0.0
21.050000000000164,17.400000000000112,20.550000000000118,20.525072003453314,3.351032163829114,0.5,2,0.9,0.7,1.1,0.0,0.0,0.0
21.050000000000164,17.400000000000112,20.550000000000118,20.525072003453314,3.351032163829114,0.5,3,1.3,1.1,1.5,0.0,0.0,0.0
21.050000000000164,17.400000000000112,20.550000000000118,20.525072003453314,3.351032163829114,0.5,4,1.7000000000000002,1.5000000000000002,1.9000000000000001,0.0,0.0,0.0
21.050000000000164,17.400000000000112,20.550000000000118,20.525072003453314,3.351032163829114,0.5,5,2.1,1.9000000000000001,2.3000000000000003,0.0,0.0,0.0
21.050000000000164,17.400000000000112,20.550000000000118,20.525072003453314,3.351032163829114,0.5,6,2.5,2.3,2.7,0.0,0.0,0.0
21.050000000000164,17.450000000000113,20.550000000000118,20.525072003453314,3.351032163829114,0.5,1,0.5,0.3,0.7,0.0,0.0,0.0
21.050000000000164,17.450000000000113,20.550000000000118,20.525072003453314,3.351032163829114,0.5,2,0.9,0.7,1.1,0.0,0.0,0.0
21.050000000000164,17.450000000000113,20.550000000000118,20.525072003453314,3.351032163829114,0.5,3,1.3,1.1,1.5,0.0,0.0,0.0
21.050000000000164,17.450000000000113,20.550000000000118,20.525072003453314,3.351032163829114,0.5,4,1.7000000000000002,1.5000000000000002,1.9000000000000001,0.0,0.0,0.0
21.050000000000164,17.450000000000113,20.550000000000118,20.525072003453314,3.351032163829114,0.5,5,2.1,1.9000000000000001,2.3000000000000003,0.0,0.0,0.0
21.050000000000164,17.450000000000113,20.550000000000118,20.525072003453314,3.351032163829114,0.5,6,2.5,2.3,2.7,0.0,0.0,0.0
21.050000000000164,17.500000000000114,20.550000000000118,20.525072003453314,3.351032163829114,0.5,1,0.5,0.3,0.7,0.0,0.0,0.0
21.050000000000164,17.500000000000114,20.550000000000118,20.525072003453314,3.351032163829114,0.5,2,0.9,0.7,1.1,0.0,0.0,0.0
21.050000000000164,17.500000000000114,20.550000000000118,20.525072003453314,3.351032163829114,0.5,3,1.3,1.1,1.5,0.0,0.0,0.0
21.050000000000164,17.500000000000114,20.550000000000118,20.525072003453314,3.351032163829114,0.5,4,1.7000000000000002,1.5000000000000002,1.9000000000000001,0.0,0.0,0.0
21.050000000000164,17.500000000000114,20.550000000000118,20.525072003453314,3.351032163829114,0.5,5,2.1,1.9000000000000001,2.3000000000000003,0.0,0.0,0.0
21.050000000000164,17.500000000000114,20.550000000000118,20.525072003453314,3.351032163829114,0.5,6,2.5,2.3,2.7,0.0,0.0,0.0
21.050000000000164,17.550000000000114,20.550000000000118,20.525072003453314,3.351032163829114,0.5,1,0.5,0.3,0.7,0.0,0.0,0.0
21.050000000000164,17.550000000000114,20.550000000000118,20.525072003453314,3.351032163829114,0.5,2,0.9,0.7,1.1,0.0,0.0,0.0
21.050000000000164,17.550000000000114,20.550000000000118,20.525072003453314,3.351032163829114,0.5,3,1.3,1.1,1.5,0.0,0.0,0.0
21.050000000000164,17.550000000000114,20.550000000000118,20.525072003453314,3.351032163829114,0.5,4,1.7000000000000002,1.5000000000000002,1.9000000000000001,0.0,0.0,0.0
21.050000000000164,17.550000000000114,20.550000000000118,20.525072003453314,3.351032163829114,0.5,5,2.1,1.9000000000000001,2.3000000000000003,0.0,0.0,0.0
21.050000000000164,17.550000000000114,20.550000000000118,20.525072003453314,3.351032163829114,0.5,6,2.5,2.3,2.7,0.0,0.0,0.0
21.850000000000176,17.600000000000115,20.950000000000095,20.94395102393195,3.3510321638291103,0.5,1,0.5,0.3,0.7,0.0,0.0,0.0
21.850000000000176,17.600000000000115,20.950000000000095,20.94395102393195,3.3510321638291103,0.5,2,0.9,0.7,1.1,0.0,0.0,0.0
21.850000000000176,17.600000000000115,20.950000000000095,20.94395102393195,3.3510321638291103,0.5,3,1.3,1.1,1.5,0.0,0.0,0.0
21.850000000000176,17.600000000000115,20.950000000000095,20.94395102393195,3.3510321638291103,0.5,4,1.7000000000000002,1.5000000000000002,1.9000000000000001,0.0,0.0,0.0
21.850000000000176,17.600000000000115,20.950000000000095,20.94395102393195,3.3510321638291103,0.5,5,2.1,1.9000000000000001,2.3000000000000003,0.0,0.0,0.0
21.850000000000176,17.600000000000115,20.950000000000095,20.94395102393195,3.3510321638291103,0.5,6,2.5,2.3,2.7,0.0,0.0,0.0
21.850000000000176,17.650000000000116,20.950000000000095,20.94395102393195,3.3510321638291103,0.5,1,0.5,0.3,0.7,0.0,0.0,0.0
21.850000000000176,17.650000000000116,20.950000000000095,20.94395102393195,3.3510321638291103,0.5,2,0.9,0.7,1.1,0.0,0.0,0.0
21.850000000000176,17.650000000000116,20.950000000000095,20.94395102393195,3.3510321638291103,0.5,3,1.3,1.1,1.5,0.0,0.0,0.0
21.850000000000176,17.650000000000116,20.950000000000095,20.94395102393195,3.3510321638291103,0.5,4,1.7000000000000002,1.5000000000000002,1.9000000000000001,0.0,0.0,0.0
21.850000000000176,17.650000000000116,20.950000000000095,20.94395102393195,3.3510321638291103,0.5,5,2.1,1.9000000000000001,2.3000000000000003,0.0,0.0,0.0
21.850000000000176,17.650000000000116,20.950000000000095,20.94395102393195,3.3510321638291103,0.5,6,2.5,2.3,2.7,0.0,0.0,0.0
21.850000000000176,17.700000000000117,20.950000000000095,20.94395102393195,3.3510321638291103,0.5,1,0.5,0.3,0.7,0.0,0.0,0.0
21.850000000000176,17.700000000000117,20.950000000000095,20.94395102393195,3.3510321638291103,0.5,2,0.9,0.7,1.1,0.0,0.0,0.0
21.850000000000176,17.700000000000117,20.950000000000095,20.94395102393195,3.3510321638291103,0.5,3,1.3,1.1,1.5,0.0,0.0,0.0
21.850000000000176,17.700000000000117,20.950000000000095,20.94395102393195,3.3510321638291103,0.5,4,1.7000000000000002,1.5000000000000002,1.9000000000000001,0.0,0.0,0.0
21.850000000000176,17.700000000000117,20.950000000000095,20.94395102393195,3.3510321638291103,0.5,5,2.1,1.9000000000000001,2.3000000000000003,0.0,0.0,0.0
21.850000000000176,17.700000000000117,20.950000000000095,20.94395102393195,3.3510321638291103,0.5,6,2.5,2.3,2.7,0.0,0.0,0.0
21.850000000000176,17.750000000000117,20.950000000000095,20.94395102393195,3.3510321638291103,0.5,1,0.5,0.3,0.7,0.0,0.0,0.0
21.850000000000176,17.750000000000117,20.950000000000095,20.94395102393195,3.3510321638291103,0.5,2,0.9,0.7,1.1,0.0,0.0,0.0
21.850000000000176,17.750000000000117,20.950000000000095,20.94395102393195,3.3510321638291103,0.5,3,1.3,1.1,1.5,0.0,0.0,0.0
21.850000000000176,17.750000000000117,20.950000000000095,20.94395102393195,3.3510321638291103,0.5,4,1.7000000000000002,1.5000000000000002,1.9000000000000001,0.0,0.0,0.0
21.850000000000176,17.750000000000117,20.950000000000095,20.94395102393195,3.3510321638291103,0.5,5,2.1,1.9000000000000001,2.3000000000000003,0.0,0.0,0.0
21.850000000000176,17.750000000000117,20.950000000000095,20.94395102393195,3.3510321638291103,0.5,6,2.5,2.3,2.7,0.0,0.0,0.0
21.850000000000176,17.800000000000118,20.950000000000095,20.94395102393195,3.3510321638291103,0.5,1,0.5,0.3,0.7,0.0,0.0,0.0
21.850000000000176,17.800000000000118,20.950000000000095,20.94395102393195,3.3510321638291103,0.5,2,0.9,0.7,1.1,0.0,0.0,0.0
21.850000000000176,17.800000000000118,20.950000000000095,20.94395102393195,3.3510321638291103,0.5,3,1.3,1.1,1.5,0.0,0.0,0.0
21.850000000000176,17.800000000000118,20.950000000000095,20.94395102393195,3.3510321638291103,0.5,4,1.7000000000000002,1.5000000000000002,1.9000000000000001,0.0,0.0,0.0
21.850000000000176,17.800000000000118,20.950000000000095,20.94395102393195,3.3510321638291103,0.5,5,2.1,1.9000000000000001,2.3000000000000003,0.0,0.0,0.0
21.850000000000176,17.800000000000118,20.950000000000095,20.94395102393195,3.3510321638291103,0.5,6,2.5,2.3,2.7,0.0,0.0,0.0
21.850000000000176,17.85000000000012,20.950000000000095,20.94395102393195,3.3510321638291103,0.5,1,0.5,0.3,0.7,0.0,0.0,0.0
21.850000000000176,17.85000000000012,20.950000000000095,20.94395102393195,3.3510321638291103,0.5,2,0.9,0.7,1.1,0.0,0.0,0.0
21.850000000000176,17.85000000000012,20.950000000000095,20.94395102393195,3.3510321638291103,0.5,3,1.3,1.1,1.5,0.0,0.0,0.0
21.850000000000176,17.85000000000012,20.950000000000095,20.94395102393195,3.3510321638291103,0.5,4,1.7000000000000002,1.5000000000000002,1.9000000000000001,0.0,0.0,0.0
21.850000000000176,17.85000000000012,20.950000000000095,20.94395102393195,3.3510321638291103,0.5,5,2.1,1.9000000000000001,2.3000000000000003,0.0,0.0,0.0
21.850000000000176,17.85000000000012,20.950000000000095,20.94395102393195,3.3510321638291103,0.5,6,2.5,2.3,2.7,0.0,0.0,0.0
21.850000000000176,17.90000000000012,20.950000000000095,20.94395102393195,3.3510321638291103,0.5,1,0.5,0.3,0.7,0.0,0.0,0.0
21.850000000000176,17.90000000000012,20.950000000000095,20.94395102393195,3.3510321638291103,0.5,2,0.9,0.7,1.1,0.0,0.0,0.0
21.850000000000176,17.90000000000012,20.950000000000095,20.94395102393195,3.3510321638291103,0.5,3,1.3,1.1,1.5,0.0,0.0,0.0
21.850000000000176,17.90000000000012,20.950000000000095,20.94395102393195,3.3510321638291103,0.5,4,1.7000000000000002,1.5000000000000002,1.9000000000000001,0.0,0.0,0.0
21.850000000000176,17.90000000000012,20.950000000000095,20.94395102393195,3.3510321638291103,0.5,5,2.1,1.9000000000000001,2.3000000000000003,0.0,0.0,0.0
21.850000000000176,17.90000000000012,20.950000000000095,20.94395102393195,3.3510321638291103,0.5,6,2.5,2.3,2.7,0.0,0.0,0.0
21.850000000000176,17.95000000000012,20.950000000000095,20.94395102393195,3.3510321638291103,0.5,1,0.5,0.3,0.7,0.0,0.0,0.0
21.850000000000176,17.95000000000012,20.950000000000095,20.94395102393195,3.3510321638291103,0.5,2,0.9,0.7,1.1,0.0,0.0,0.0
21.850000000000176,17.95000000000012,20.950000000000095,20.94395102393195,3.3510321638291103,0.5,3,1.3,1.1,1.5,0.0,0.0,0.0
21.850000000000176,17.95000000000012,20.950000000000095,20.94395102393195,3.3510321638291103,0.5,4,1.7000000000000002,1.5000000000000002,1.9000000000000001,0.0,0.0,0.0
21.850000000000176,17.95000000000012,20.950000000000095,20.94395102393195,3.3510321638291103,0.5,5,2.1,1.9000000000000001,2.3000000000000003,0.0,0.0,0.0
21.850000000000176,17.95000000000012,20.950000000000095,20.94395102393195,3.3510321638291103,0.5,6,2.5,2.3,2.7,0.0,0.0,0.0
21.850000000000176,18.00000000000012,20.950000000000095,20.94395102393195,3.3510321638291103,0.5,1,0.5,0.3,0.7,0.0,0.0,0.0
21.850000000000176,18.00000000000012,20.950000000000095,20.94395102393195,3.3510321638291103,0.5,2,0.9,0.7,1.1,0.0,0.0,0.0
21.850000000000176,18.00000000000012,20.950000000000095,20.94395102393195,3.3510321638291103,0.5,3,1.3,1.1,1.5,0.0,0.0,0.0
21.850000000000176,18.00000000000012,20.950000000000095,20.94395102393195,3.3510321638291103,0.5,4,1.7000000000000002,1.5000000000000002,1.9000000000000001,0.0,0.0,0.0
21.850000000000176,18.00000000000012,20.950000000000095,20.94395102393195,3.3510321638291103,0.5,5,2.1,1.9000000000000001,2.3000000000000003,0.0,0.0,0.0
21.850000000000176,18.00000000000012,20.950000000000095,20.94395102393195,3.3510321638291103,0.5,6,2.5,2.3,2.7,0.0,0.0,0.0
22.700000000000188,18.05000000000012,21.37500000000007,21.362830044410593,3.351032163829114,0.5,1,0.5,0.3,0.7,0.0,0.0,0.0
22.700000000000188,18.05000000000012,21.37500000000007,21.362830044410593,3.351032163829114,0.5,2,0.9,0.7,1.1,0.0,0.0,0.0
22.700000000000188,18.05000000000012,21.37500000000007,21.362830044410593,3.351032163829114,0.5,3,1.3,1.1,1.5,0.0,0.0,0.0
22.700000000000188,18.05000000000012,21.37500000000007,21.362830044410593,3.351032163829114,0.5,4,1.7000000000000002,1.5000000000000002,1.9000000000000001,0.0,0.0,0.0
22.700000000000188,18.05000000000012,21.37500000000007,21.362830044410593,3.351032163829114,0.5,5,2.1,1.9000000000000001,2.3000000000000003,0.0,0.0,0.0
22.700000000000188,18.05000000000012,21.37500000000007,21.362830044410593,3.351032163829114,0.5,6,2.5,2.3,2.7,0.0,0.0,0.0
22.700000000000188,18.100000000000122,21.37500000000007,21.362830044410593,3.351032163829114,0.5,1,0.5,0.3,0.7,0.0,0.0,0.0
22.700000000000188,18.100000000000122,21.37500000000007,21.362830044410593,3.351032163829114,0.5,2,0.9,0.7,1.1,0.0,0.0,0.0
22.700000000000188,18.100000000000122,21.37500000000007,21.362830044410593,3.351032163829114,0.5,3,1.3,1.1,1.5,0.0,0.0,0.0
22.700000000000188,18.100000000000122,21.37500000000007,21.362830044410593,3.351032163829114,0.5,4,1.7000000000000002,1.5000000000000002,1.9000000000000001,0.0,0.0,0.0
22.700000000000188,18.100000000000122,21.37500000000007,21.362830044410593,3.351032163829114,0.5,5,2.1,1.9000000000000001,2.3000000000000003,0.0,0.0,0.0
22.700000000000188,18.100000000000122,21.37500000000007,21.362830044410593,3.351032163829114,0.5,6,2.5,2.3,2.7,0.0,0.0,0.0
22.700000000000188,18.150000000000123,21.37500000000007,21.362830044410593,3.351032163829114,0.5,1,0.5,0.3,0.7,0.0,0.0,0.0
22.700000000000188,18.150000000000123,21.37500000000007,21.362830044410593,3.351032163829114,0.5,2,0.9,0.7,1.1,0.0,0.0,0.0
22.700000000000188,18.150000000000123,21.37500000000007,21.362830044410593,3.351032163829114,0.5,3,1.3,1.1,1.5,0.0,0.0,0.0
22.700000000000188,18.150000000000123,21.37500000000007,21.362830044410593,3.351032163829114,0.5,4,1.7000000000000002,1.5000000000000002,1.9000000000000001,0.0,0.0,0.0
22.700000000000188,18.150000000000123,21.37500000000007,21.362830044410593,3.351032163829114,0.5,5,2.1,1.9000000000000001,2.3000000000000003,0.0,0.0,0.0
22.700000000000188,18.150000000000123,21.37500000000007,21.362830044410593,3.351032163829114,0.5,6,2.5,2.3,2.7,0.0,0.0,0.0
22.700000000000188,18.200000000000124,21.37500000000007,21.362830044410593,3.351032163829114,0.5,1,0.5,0.3,0.7,0.0,0.0,0.0
22.700000000000188,18.200000000000124,21.37500000000007,21.362830044410593,3.351032163829114,0.5,2,0.9,0.7,1.1,0.0,0.0,0.0
22.700000000000188,18.200000000000124,21.37500000000007,21.362830044410593,3.351032163829114,0.5,3,1.3,1.1,1.5,0.0,0.0,0.0
22.700000000000188,18.200000000000124,21.37500000000007,21.362830044410593,3.351032163829114,0.5,4,1.7000000000000002,1.5000000000000002,1.9000000000000001,0.0,0.0,0.0
22.700000000000188,18.200000000000124,21.37500000000007,21.362830044410593,3.351032163829114,0.5,5,2.1,1.9000000000000001,2.3000000000000003,0.0,0.0,0.0
22.700000000000188,18.200000000000124,21.37500000000007,21.362830044410593,3.351032163829114,0.5,6,2.5,2.3,2.7,0.0,0.0,0.0
22.700000000000188,18.250000000000124,21.37500000000007,21.362830044410593,3.351032163829114,0.5,1,0.5,0.3,0.7,0.0,0.0,0.0
22.700000000000188,18.250000000000124,21.37500000000007,21.362830044410593,3.351032163829114,0.5,2,0.9,0.7,1.1,0.0,0.0,0.0
22.700000000000188,18.250000000000124,21.37500000000007,21.362830044410593,3.351032163829114,0.5,3,1.3,1.1,1.5,0.0,0.0,0.0
22.700000000000188,18.250000000000124,21.37500000000007,21.362830044410593,3.351032163829114,0.5,4,1.7000000000000002,1.5000000000000002,1.9000000000000001,0.0,0.0,0.0
22.700000000000188,18.250000000000124,21.37500000000007,21.362830044410593,3.351032163829114,0.5,5,2.1,1.9000000000000001,2.3000000000000003,0.0,0.0,0.0
22.700000000000188,18.250000000000124,21.37500000000007,21.362830044410593,3.351032163829114,0.5,6,2.5,2.3,2.7,0.0,0.0,0.0
22.700000000000188,18.300000000000125,21.37500000000007,21.362830044410593,3.351032163829114,0.5,1,0.5,0.3,0.7,0.0,0.0,0.0
22.700000000000188,18.300000000000125,21.37500000000007,21.362830044410593,3.351032163829114,0.5,2,0.9,0.7,1.1,0.0,0.0,0.0
22.700000000000188,18.300000000000125,21.37500000000007,21.362830044410593,3.351032163829114,0.5,3,1.3,1.1,1.5,0.0,0.0,0.0
22.700000000000188,18.300000000000125,21.37500000000007,21.362830044410593,3.351032163829114,0.5,4,1.7000000000000002,1.5000000000000002,1.9000000000000001,0.0,0.0,0.0
22.700000000000188,18.300000000000125,21.37500000000007,21.362830044410593,3.351032163829114,0.5,5,2.1,1.9000000000000001,2.3000000000000003,0.0,0.0,0.0
22.700000000000188,18.300000000000125,21.37500000000007,21.362830044410593,3.351032163829114,0.5,6,2.5,2.3,2.7,0.0,0.0,0.0
22.700000000000188,18.350000000000126,21.37500000000007,21.362830044410593,3.351032163829114,0.5,1,0.5,0.3,0.7,0.0,0.0,0.0
22.700000000000188,18.350000000000126,21.37500000000007,21.362830044410593,3.351032163829114,0.5,2,0.9,0.7,1.1,0.0,0.0,0.0
22.700000000000188,18.350000000000126,21.37500000000007,21.362830044410593,3.351032163829114,0.5,3,1.3,1.1,1.5,0.0,0.0,0.0
22.700000000000188,18.350000000000126,21.37500000000007,21.362830044410593,3.351032163829114,0.5,4,1.7000000000000002,1.5000000000000002,1.9000000000000001,0.0,0.0,0.0
22.700000000000188,18.350000000000126,21.37500000000007,21.362830044410593,3.351032163829114,0.5,5,2.1,1.9000000000000001,2.3000000000000003,0.0,0.0,0.0
22.700000000000188,18.350000000000126,21.37500000000007,21.362830044410593,3.351032163829114,0.5,6,2.5,2.3,2.7,0.0,0.0,0.0
22.700000000000188,18.400000000000126,21.37500000000007,21.362830044410593,3.351032163829114,0.5,1,0.5,0.3,0.7,0.0,0.0,0.0
22.700000000000188,18.400000000000126,21.37500000000007,21.362830044410593,3.351032163829114,0.5,2,0.9,0.7,1.1,0.0,0.0,0.0
22.700000000000188,18.400000000000126,21.37500000000007,21.362830044410593,3.351032163829114,0.5,3,1.3,1.1,1.5,0.0,0.0,0.0
22.700000000000188,18.400000000000126,21.37500000000007,21.362830044410593,3.351032163829114,0.5,4,1.7000000000000002,1.5000000000000002,1.9000000000000001,0.0,0.0,0.0
22.700000000000188,18.400000000000126,21.37500000000007,21.362830044410593,3.351032163829114,0.5,5,2.1,1.9000000000000001,2.3000000000000003,0.0,0.0,0.0
22.700000000000188,18.400000000000126,21.37500000000007,21.362830044410593,3.351032163829114,0.5,6,2.5,2.3,2.7,0.0,0.0,0.0
23.5500000000002,18.450000000000127,21.800000000000047,21.78170906488923,3.351032163829114,0.5,1,0.5,0.3,0.7,0.0,0.0,0.0
23.5500000000002,18.450000000000127,21.800000000000047,21.78170906488923,3.351032163829114,0.5,2,0.9,0.7,1.1,0.0,0.0,0.0
23.5500000000002,18.450000000000127,21.800000000000047,21.78170906488923,3.351032163829114,0.5,3,1.3,1.1,1.5,0.0,0.0,0.0
23.5500000000002,18.450000000000127,21.800000000000047,21.78170906488923,3.351032163829114,0.5,4,1.7000000000000002,1.5000000000000002,1.9000000000000001,0.0,0.0,0.0
23.5500000000002,18.450000000000127,21.800000000000047,21.78170906488923,3.351032163829114,0.5,5,2.1,1.9000000000000001,2.3000000000000003,0.0,0.0,0.0
23.5500000000002,18.450000000000127,21.800000000000047,21.78170906488923,3.351032163829114,0.5,6,2.5,2.3,2.7,0.0,0.0,0.0
23.5500000000002,18.500000000000128,21.800000000000047,21.78170906488923,3.351032163829114,0.5,1,0.5,0.3,0.7,0.0,0.0,0.0
23.5500000000002,18.500000000000128,21.800000000000047,21.78170906488923,3.351032163829114,0.5,2,0.9,0.7,1.1,0.0,0.0,0.0
23.5500000000002,18.500000000000128,21.800000000000047,21.78170906488923,3.351032163829114,0.5,3,1.3,1.1,1.5,0.0,0.0,0.0
23.5500000000002,18.500000000000128,21.800000000000047,21.78170906488923,3.351032163829114,0.5,4,1.7000000000000002,1.5000000000000002,1.9000000000000001,0.0,0.0,0.0
23.5500000000002,18.500000000000128,21.800000000000047,21.78170906488923,3.351032163829114,0.5,5,2.1,1.9000000000000001,2.3000000000000003,0.0,0.0,0.0
23.5500000000002,18.500000000000128,21.800000000000047,21.78170906488923,3.351032163829114,0.5,6,2.5,2.3,2.7,0.0,0.0,0.0
23.5500000000002,18.55000000000013,21.800000000000047,21.78170906488923,3.351032163829114,0.5,1,0.5,0.3,0.7,0.0,0.0,0.0
23.5500000000002,18.55000000000013,21.800000000000047,21.78170906488923,3.351032163829114,0.5,2,0.9,0.7,1.1,0.0,0.0,0.0
23.5500000000002,18.55000000000013,21.800000000000047,21.78170906488923,3.351032163829114,0.5,3,1.3,1.1,1.5,0.0,0.0,0.0
23.5500000000002,18.55000000000013,21.800000000000047,21.78170906488923,3.351032163829114,0.5,4,1.7000000000000002,1.5000000000000002,1.9000000000000001,0.0,0.0,0.0
23.5500000000002,18.55000000000013,21.800000000000047,21.78170906488923,3.351032163829114,0.5,5,2.1,1.9000000000000001,2.3000000000000003,0.0,0.0,0.0
23.5500000000002,18.55000000000013,21.800000000000047,21.78170906488923,3.351032163829114,0.5,6,2.5,2.3,2.7,0.0,0.0,0.0
23.5500000000002,18.60000000000013,21.800000000000047,21.78170906488923,3.351032163829114,0.5,1,0.5,0.3,0.7,0.0,0.0,0.0
23.5500000000002,18.60000000000013,21.800000000000047,21.78170906488923,3.351032163829114,0.5,2,0.9,0.7,1.1,0.0,0.0,0.0
23.5500000000002,18.60000000000013,21.800000000000047,21.78170906488923,3.351032163829114,0.5,3,1.3,1.1,1.5,0.0,0.0,0.0
23.5500000000002,18.60000000000013,21.800000000000047,21.78170906488923,3.351032163829114,0.5,4,1.7000000000000002,1.5000000000000002,1.9000000000000001,0.0,0.0,0.0
23.5500000000002,18.60000000000013,21.800000000000047,21.78170906488923,3.351032163829114,0.5,5,2.1,1.9000000000000001,2.3000000000000003,0.0,0.0,0.0
23.5500000000002,18.60000000000013,21.800000000000047,21.78170906488923,3.351032163829114,0.5,6,2.5,2.3,2.7,0.0,0.0,0.0
23.5500000000002,18.65000000000013,21.800000000000047,21.78170906488923,3.351032163829114,0.5,1,0.5,0.3,0.7,0.0,0.0,0.0
23.5500000000002,18.65000000000013,21.800000000000047,21.78170906488923,3.351032163829114,0.5,2,0.9,0.7,1.1,0.0,0.0,0.0
23.5500000000002,18.65000000000013,21.800000000000047,21.78170906488923,3.351032163829114,0.5,3,1.3,1.1,1.5,0.0,0.0,0.0
23.5500000000002,18.65000000000013,21.800000000000047,21.78170906488923,3.351032163829114,0.5,4,1.7000000000000002,1.5000000000000002,1.9000000000000001,0.0,0.0,0.0
23.5500000000002,18.65000000000013,21.800000000000047,21.78170906488923,3.351032163829114,0.5,5,2.1,1.9000000000000001,2.3000000000000003,0.0,0.0,0.0
23.5500000000002,18.65000000000013,21.800000000000047,21.78170906488923,3.351032163829114,0.5,6,2.5,2.3,2.7,0.0,0.0,0.0
23.5500000000002,18.70000000000013,21.800000000000047,21.78170906488923,3.351032163829114,0.5,1,0.5,0.3,0.7,0.0,0.0,0.0
23.5500000000002,18.70000000000013,21.800000000000047,21.78170906488923,3.351032163829114,0.5,2,0.9,0.7,1.1,0.0,0.0,0.0
23.5500000000002,18.70000000000013,21.800000000000047,21.78170906488923,3.351032163829114,0.5,3,1.3,1.1,1.5,0.0,0.0,0.0
23.5500000000002,18.70000000000013,21.800000000000047,21.78170906488923,3.351032163829114,0.5,4,1.7000000000000002,1.5000000000000002,1.9000000000000001,0.0,0.0,0.0
23.5500000000002,18.70000000000013,21.800000000000047,21.78170906488923,3.351032163829114,0.5,5,2.1,1.9000000000000001,2.3000000000000003,0.0,0.0,0.0
23.5500000000002,18.70000000000013,21.800000000000047,21.78170906488923,3.351032163829114,0.5,6,2.5,2.3,2.7,0.0,0.0,0.0
23.5500000000002,18.75000000000013,21.800000000000047,21.78170906488923,3.351032163829114,0.5,1,0.5,0.3,0.7,0.0,0.0,0.0
23.5500000000002,18.75000000000013,21.800000000000047,21.78170906488923,3.351032163829114,0.5,2,0.9,0.7,1.1,0.0,0.0,0.0
23.5500000000002,18.75000000000013,21.800000000000047,21.78170906488923,3.351032163829114,0.5,3,1.3,1.1,1.5,0.0,0.0,0.0
23.5500000000002,18.75000000000013,21.800000000000047,21.78170906488923,3.351032163829114,0.5,4,1.7000000000000002,1.5000000000000002,1.9000000000000001,0.0,0.0,0.0
23.5500000000002,18.75000000000013,21.800000000000047,21.78170906488923,3.351032163829114,0.5,5,2.1,1.9000000000000001,2.3000000000000003,0.0,0.0,0.0
23.5500000000002,18.75000000000013,21.800000000000047,21.78170906488923,3.351032163829114,0.5,6,2.5,2.3,2.7,0.0,0.0,0.0
23.5500000000002,18.800000000000132,21.800000000000047,21.78170906488923,3.351032163829114,0.5,1,0.5,0.3,0.7,0.0,0.0,0.0
23.5500000000002,18.800000000000132,21.800000000000047,21.78170906488923,3.351032163829114,0.5,2,0.9,0.7,1.1,0.0,0.0,0.0
23.5500000000002,18.800000000000132,21.800000000000047,21.78170906488923,3.351032163829114,0.5,3,1.3,1.1,1.5,0.0,0.0,0.0
23.5500000000002,18.800000000000132,21.800000000000047,21.78170906488923,3.351032163829114,0.5,4,1.7000000000000002,1.5000000000000002,1.9000000000000001,0.0,0.0,0.0
23.5500000000002,18.800000000000132,21.800000000000047,21.78170906488923,3.351032163829114,0.5,5,2.1,1.9000000000000001,2.3000000000000003,0.0,0.0,0.0
23.5500000000002,18.800000000000132,21.800000000000047,21.78170906488923,3.351032163829114,0.5,6,2.5,2.3,2.7,0.0,0.0,0.0
24.40000000000021,18.850000000000133,22.225000000000023,22.20058808536787,3.3510321638291103,0.5,1,0.5,0.3,0.7,0.0,0.0,0.0
24.40000000000021,18.850000000000133,22.225000000000023,22.20058808536787,3.3510321638291103,0.5,2,0.9,0.7,1.1,0.0,0.0,0.0
24.40000000000021,18.850000000000133,22.225000000000023,22.20058808536787,3.3510321638291103,0.5,3,1.3,1.1,1.5,0.0,0.0,0.0
24.40000000000021,18.850000000000133,22.225000000000023,22.20058808536787,3.3510321638291103,0.5,4,1.7000000000000002,1.5000000000000002,1.9000000000000001,0.0,0.0,0.0
24.40000000000021,18.850000000000133,22.225000000000023,22.20058808536787,3.3510321638291103,0.5,5,2.1,1.9000000000000001,2.3000000000000003,0.0,0.0,0.0
24.40000000000021,18.850000000000133,22.225000000000023,22.20058808536787,3.3510321638291103,0.5,6,2.5,2.3,2.7,0.0,0.0,0.0
24.40000000000021,18.900000000000134,22.225000000000023,22.20058808536787,3.3510321638291103,0.5,1,0.5,0.3,0.7,0.0,0.0,0.0
24.40000000000021,18.900000000000134,22.225000000000023,22.20058808536787,3.3510321638291103,0.5,2,0.9,0.7,1.1,0.0,0.0,0.0
24.40000000000021,18.900000000000134,22.225000000000023,22.20058808536787,3.3510321638291103,0.5,3,1.3,1.1,1.5,0.0,0.0,0.0
24.40000000000021,18.900000000000134,22.225000000000023,22.20058808536787,3.3510321638291103,0.5,4,1.7000000000000002,1.5000000000000002,1.9000000000000001,0.0,0.0,0.0
24.40000000000021,18.900000000000134,22.225000000000023,22.20058808536787,3.3510321638291103,0.5,5,2.1,1.9000000000000001,2.3000000000000003,0.0,0.0,0.0
24.40000000000021,18.900000000000134,22.225000000000023,22.20058808536787,3.3510321638291103,0.5,6,2.5,2.3,2.7,0.0,0.0,0.0
24.40000000000021,18.950000000000134,22.225000000000023,22.20058808536787,3.3510321638291103,0.5,1,0.5,0.3,0.7,0.0,0.0,0.0
24.40000000000021,18.950000000000134,22.225000000000023,22.20058808536787,3.3510321638291103,0.5,2,0.9,0.7,1.1,0.0,0.0,0.0
24.40000000000021,18.950000000000134,22.225000000000023,22.20058808536787,3.3510321638291103,0.5,3,1.3,1.1,1.5,0.0,0.0,0.0
24.40000000000021,18.950000000000134,22.225000000000023,22.20058808536787,3.3510321638291103,0.5,4,1.7000000000000002,1.5000000000000002,1.9000000000000001,0.0,0.0,0.0
24.40000000000021,18.950000000000134,22.225000000000023,22.20058808536787,3.3510321638291103,0.5,5,2.1,1.9000000000000001,2.3000000000000003,0.0,0.0,0.0
24.40000000000021,18.950000000000134,22.225000000000023,22.20058808536787,3.3510321638291103,0.5,6,2.5,2.3,2.7,0.0,0.0,0.0
24.40000000000021,19.000000000000135,22.225000000000023,22.20058808536787,3.3510321638291103,0.5,1,0.5,0.3,0.7,0.0,0.0,0.0
24.40000000000021,19.000000000000135,22.225000000000023,22.20058808536787,3.3510321638291103,0.5,2,0.9,0.7,1.1,0.0,0.0,0.0
24.40000000000021,19.000000000000135,22.225000000000023,22.20058808536787,3.3510321638291103,0.5,3,1.3,1.1,1.5,0.0,0.0,0.0
24.40000000000021,19.000000000000135,22.225000000000023,22.20058808536787,3.3510321638291103,0.5,4,1.7000000000000002,1.5000000000000002,1.9000000000000001,0.0,0.0,0.0
24.40000000000021,19.000000000000135,22.225000000000023,22.20058808536787,3.3510321638291103,0.5,5,2.1,1.9000000000000001,2.3000000000000003,0.0,0.0,0.0
24.40000000000021,19.000000000000135,22.225000000000023,22.20058808536787,3.3510321638291103,0.5,6,2.5,2.3,2.7,0.0,0.0,0.0
24.40000000000021,19.050000000000136,22.225000000000023,22.20058808536787,3.3510321638291103,0.5,1,0.5,0.3,0.7,0.0,0.0,0.0
24.40000000000021,19.050000000000136,22.225000000000023,22.20058808536787,3.3510321638291103,0.5,2,0.9,0.7,1.1,0.0,0.0,0.0
24.40000000000021,19.050000000000136,22.225000000000023,22.20058808536787,3.3510321638291103,0.5,3,1.3,1.1,1.5,0.0,0.0,0.0
24.40000000000021,19.050000000000136,22.225000000000023,22.20058808536787,3.3510321638291103,0.5,4,1.7000000000000002,1.5000000000000002,1.9000000000000001,0.0,0.0,0.0
24.40000000000021,19.050000000000136,22.225000000000023,22.20058808536787,3.3510321638291103,0.5,5,2.1,1.9000000000000001,2.3000000000000003,0.0,0.0,0.0
24.40000000000021,19.050000000000136,22.225000000000023,22.20058808536787,3.3510321638291103,0.5,6,2.5,2.3,2.7,0.0,0.0,0.0
24.40000000000021,19.100000000000136,22.225000000000023,22.20058808536787,3.3510321638291103,0.5,1,0.5,0.3,0.7,0.0,0.0,0.0
24.40000000000021,19.100000000000136,22.225000000000023,22.20058808536787,3.3510321638291103,0.5,2,0.9,0.7,1.1,0.0,0.0,0.0
24.40000000000021,19.100000000000136,22.225000000000023,22.20058808536787,3.3510321638291103,0.5,3,1.3,1.1,1.5,0.0,0.0,0.0
24.40000000000021,19.100000000000136,22.225000000000023,22.20058808536787,3.3510321638291103,0.5,4,1.7000000000000002,1.5000000000000002,1.9000000000000001,0.0,0.0,0.0
24.40000000000021,19.100000000000136,22.225000000000023,22.20058808536787,3.3510321638291103,0.5,5,2.1,1.9000000000000001,2.3000000000000003,0.0,0.0,0.0
24.40000000000021,19.100000000000136,22.225000000000023,22.20058808536787,3.3510321638291103,0.5,6,2.5,2.3,2.7,0.0,0.0,0.0
24.40000000000021,19.150000000000137,22.225000000000023,22.20058808536787,3.3510321638291103,0.5,1,0.5,0.3,0.7,0.0,0.0,0.0
24.40000000000021,19.150000000000137,22.225000000000023,22.20058808536787,3.3510321638291103,0.5,2,0.9,0.7,1.1,0.0,0.0,0.0
24.40000000000021,19.150000000000137,22.225000000000023,22.20058808536787,3.3510321638291103,0.5,3,1.3,1.1,1.5,0.0,0.0,0.0
24.40000000000021,19.150000000000137,22.225000000000023,22.20058808536787,3.3510321638291103,0.5,4,1.7000000000000002,1.5000000000000002,1.9000000000000001,0.0,0.0,0.0
24.40000000000021,19.150000000000137,22.225000000000023,22.20058808536787,3.3510321638291103,0.5,5,2.1,1.9000000000000001,2.3000000000000003,0.0,0.0,0.0
24.40000000000021,19.150000000000137,22.225000000000023,22.20058808536787,3.3510321638291103,0.5,6,2.5,2.3,2.7,0.0,0.0,0.0
24.40000000000021,19.200000000000138,22.225000000000023,22.20058808536787,3.3510321638291103,0.5,1,0.5,0.3,0.7,0.0,0.0,0.0
24.40000000000021,19.200000000000138,22.225000000000023,22.20058808536787,3.3510321638291103,0.5,2,0.9,0.7,1.1,0.0,0.0,0.0
24.40000000000021,19.200000000000138,22.225000000000023,22.20058808536787,3.3510321638291103,0.5,3,1.3,1.1,1.5,0.0,0.0,0.0
24.40000000000021,19.200000000000138,22.225000000000023,22.20058808536787,3.3510321638291103,0.5,4,1.7000000000000002,1.5000000000000002,1.9000000000000001,0.0,0.0,0.0
24.40000000000021,19.200000000000138,22.225000000000023,22.20058808536787,3.3510321638291103,0.5,5,2.1,1.9000000000000001,2.3000000000000003,0.0,0.0,0.0
24.40000000000021,19.200000000000138,22.225000000000023,22.20058808536787,3.3510321638291103,0.5,6,2.5,2.3,2.7,0.0,0.0,0.0
24.40000000000021,19.25000000000014,22.225000000000023,22.20058808536787,3.3510321638291103,0.5,1,0.5,0.3,0.7,0.0,0.0,0.0
24.40000000000021,19.25000000000014,22.225000000000023,22.20058808536787,3.3510321638291103,0.5,2,0.9,0.7,1.1,0.0,0.0,0.0
24.40000000000021,19.25000000000014,22.225000000000023,22.20058808536787,3.3510321638291103,0.5,3,1.3,1.1,1.5,0.0,0.0,0.0
24.40000000000021,19.25000000000014,22.225000000000023,22.20058808536787,3.3510321638291103,0.5,4,1.7000000000000002,1.5000000000000002,1.9000000000000001,0.0,0.0,0.0
24.40000000000021,19.25000000000014,22.225000000000023,22.20058808536787,3.3510321638291103,0.5,5,2.1,1.9000000000000001,2.3000000000000003,0.0,0.0,0.0
24.40000000000021,19.25000000000014,22.225000000000023,22.20058808536787,3.3510321638291103,0.5,6,2.5,2.3,2.7,0.0,0.0,0.0
25.200000000000223,19.30000000000014,22.625,22.61946710584651,3.351032163829114,0.5,1,0.5,0.3,0.7,0.0,0.0,0.0
25.200000000000223,19.30000000000014,22.625,22.61946710584651,3.351032163829114,0.5,2,0.9,0.7,1.1,0.0,0.0,0.0
25.200000000000223,19.30000000000014,22.625,22.61946710584651,3.351032163829114,0.5,3,1.3,1.1,1.5,0.0,0.0,0.0
25.200000000000223,19.30000000000014,22.625,22.61946710584651,3.351032163829114,0.5,4,1.7000000000000002,1.5000000000000002,1.9000000000000001,0.0,0.0,0.0
25.200000000000223,19.30000000000014,22.625,22.61946710584651,3.351032163829114,0.5,5,2.1,1.9000000000000001,2.3000000000000003,0.0,0.0,0.0
25.200000000000223,19.30000000000014,22.625,22.61946710584651,3.351032163829114,0.5,6,2.5,2.3,2.7,0.0,0.0,0.0
25.200000000000223,19.35000000000014,22.625,22.61946710584651,3.351032163829114,0.5,1,0.5,0.3,0.7,0.0,0.0,0.0
25.200000000000223,19.35000000000014,22.625,22.61946710584651,3.351032163829114,0.5,2,0.9,0.7,1.1,0.0,0.0,0.0
25.200000000000223,19.35000000000014,22.625,22.61946710584651,3.351032163829114,0.5,3,1.3,1.1,1.5,0.0,0.0,0.0
25.200000000000223,19.35000000000014,22.625,22.61946710584651,3.351032163829114,0.5,4,1.7000000000000002,1.5000000000000002,1.9000000000000001,0.0,0.0,0.0
25.200000000000223,19.35000000000014,22.625,22.61946710584651,3.351032163829114,0.5,5,2.1,1.9000000000000001,2.3000000000000003,0.0,0.0,0.0
25.200000000000223,19.35000000000014,22.625,22.61946710584651,3.351032163829114,0.5,6,2.5,2.3,2.7,0.0,0.0,0.0
25.200000000000223,19.40000000000014,22.625,22.61946710584651,3.351032163829114,0.5,1,0.5,0.3,0.7,0.0,0.0,0.0
25.200000000000223,19.40000000000014,22.625,22.61946710584651,3.351032163829114,0.5,2,0.9,0.7,1.1,0.0,0.0,0.0
25.200000000000223,19.40000000000014,22.625,22.61946710584651,3.351032163829114,0.5,3,1.3,1.1,1.5,0.0,0.0,0.0
25.200000000000223,19.40000000000014,22.625,22.61946710584651,3.351032163829114,0.5,4,1.7000000000000002,1.5000000000000002,1.9000000000000001,0.0,0.0,0.0
25.200000000000223,19.40000000000014,22.625,22.61946710584651,3.351032163829114,0.5,5,2.1,1.9000000000000001,2.3000000000000003,0.0,0.0,0.0
25.200000000000223,19.40000000000014,22.625,22.61946710584651,3.351032163829114,0.5,6,2.5,2.3,2.7,0.0,0.0,0.0
25.200000000000223,19.45000000000014,22.625,22.61946710584651,3.351032163829114,0.5,1,0.5,0.3,0.7,0.0,0.0,0.0
25.200000000000223,19.45000000000014,22.625,22.61946710584651,3.351032163829114,0.5,2,0.9,0.7,1.1,0.0,0.0,0.0
25.200000000000223,19.45000000000014,22.625,22.61946710584651,3.351032163829114,0.5,3,1.3,1.1,1.5,0.0,0.0,0.0
25.200000000000223,19.45000000000014,22.625,22.61946710584651,3.351032163829114,0.5,4,1.7000000000000002,1.5000000000000002,1.9000000000000001,0.0,0.0,0.0
25.200000000000223,19.45000000000014,22.625,22.61946710584651,3.351032163829114,0.5,5,2.1,1.9000000000000001,2.3000000000000003,0.0,0.0,0.0
25.200000000000223,19.45000000000014,22.625,22.61946710584651,3.351032163829114,0.5,6,2.5,2.3,2.7,0.0,0.0,0.0
25.200000000000223,19.500000000000142,22.625,22.61946710584651,3.351032163829114,0.5,1,0.5,0.3,0.7,0.0,0.0,0.0
25.200000000000223,19.500000000000142,22.625,22.61946710584651,3.351032163829114,0.5,2,0.9,0.7,1.1,0.0,0.0,0.0
25.200000000000223,19.500000000000142,22.625,22.61946710584651,3.351032163829114,0.5,3,1.3,1.1,1.5,0.0,0.0,0.0
25.200000000000223,19.500000000000142,22.625,22.61946710584651,3.351032163829114,0.5,4,1.7000000000000002,1.5000000000000002,1.9000000000000001,0.0,0.0,0.0
25.200000000000223,19.500000000000142,22.625,22.61946710584651,3.351032163829114,0.5,5,2.1,1.9000000000000001,2.3000000000000003,0.0,0.0,0.0
25.200000000000223,19.500000000000142,22.625,22.61946710584651,3.351032163829114,0.5,6,2.5,2.3,2.7,0.0,0.0,0.0
25.200000000000223,19.550000000000143,22.625,22.61946710584651,3.351032163829114,0.5,1,0.5,0.3,0.7,0.0,0.0,0.0
25.200000000000223,19.550000000000143,22.625,22.61946710584651,3.351032163829114,0.5,2,0.9,0.7,1.1,0.0,0.0,0.0
25.200000000000223,19.550000000000143,22.625,22.61946710584651,3.351032163829114,0.5,3,1.3,1.1,1.5,0.0,0.0,0.0
25.200000000000223,19.550000000000143,22.625,22.61946710584651,3.351032163829114,0.5,4,1.7000000000000002,1.5000000000000002,1.9000000000000001,0.0,0.0,0.0
25.200000000000223,19.550000000000143,22.625,22.61946710584651,3.351032163829114,0.5,5,2.1,1.9000000000000001,2.3000000000000003,0.0,0.0,0.0
25.200000000000223,19.550000000000143,22.625,22.61946710584651,3.351032163829114,0.5,6,2.5,2.3,2.7,0.0,0.0,0.0
25.200000000000223,19.600000000000144,22.625,22.61946710584651,3.351032163829114,0.5,1,0.5,0.3,0.7,0.0,0.0,0.0
25.200000000000223,19.600000000000144,22.625,22.61946710584651,3.351032163829114,0.5,2,0.9,0.7,1.1,0.0,0.0,0.0
25.200000000000223,19.600000000000144,22.625,22.61946710584651,3.351032163829114,0.5,3,1.3,1.1,1.5,0.0,0.0,0.0
25.200000000000223,19.600000000000144,22.625,22.61946710584651,3.351032163829114,0.5,4,1.7000000000000002,1.5000000000000002,1.9000000000000001,0.0,0.0,0.0
25.200000000000223,19.600000000000144,22.625,22.61946710584651,3.351032163829114,0.5,5,2.1,1.9000000000000001,2.3000000000000003,0.0,0.0,0.0
25.200000000000223,19.600000000000144,22.625,22.61946710584651,3.351032163829114,0.5,6,2.5,2.3,2.7,0.0,0.0,0.0
25.200000000000223,19.650000000000144,22.625,22.61946710584651,3.351032163829114,0.5,1,0.5,0.3,0.7,0.0,0.0,0.0
25.200000000000223,19.650000000000144,22.625,22.61946710584651,3.351032163829114,0.5,2,0.9,0.7,1.1,0.0,0.0,0.0
25.200000000000223,19.650000000000144,22.625,22.61946710584651,3.351032163829114,0.5,3,1.3,1.1,1.5,0.0,0.0,0.0
25.200000000000223,19.650000000000144,22.625,22.61946710584651,3.351032163829114,0.5,4,1.7000000000000002,1.5000000000000002,1.9000000000000001,0.0,0.0,0.0
25.200000000000223,19.650000000000144,22.625,22.61946710584651,3.351032163829114,0.5,5,2.1,1.9000000000000001,2.3000000000000003,0.0,0.0,0.0
25.200000000000223,19.650000000000144,22.625,22.61946710584651,3.351032163829114,0.5,6,2.5,2.3,2.7,0.0,0.0,0.0
26.050000000000235,19.700000000000145,23.049999999999976,23.03834612632515,3.351032163829114,0.5,1,0.5,0.3,0.7,0.0,0.0,0.0
26.050000000000235,19.700000000000145,23.049999999999976,23.03834612632515,3.351032163829114,0.5,2,0.9,0.7,1.1,0.0,0.0,0.0
26.050000000000235,19.700000000000145,23.049999999999976,23.03834612632515,3.351032163829114,0.5,3,1.3,1.1,1.5,0.0,0.0,0.0
26.050000000000235,19.700000000000145,23.049999999999976,23.03834612632515,3.351032163829114,0.5,4,1.7000000000000002,1.5000000000000002,1.9000000000000001,0.0,0.0,0.0
26.050000000000235,19.700000000000145,23.049999999999976,23.03834612632515,3.351032163829114,0.5,5,2.1,1.9000000000000001,2.3000000000000003,0.0,0.0,0.0
26.050000000000235,19.700000000000145,23.049999999999976,23.03834612632515,3.351032163829114,0.5,6,2.5,2.3,2.7,0.0,0.0,0.0
26.050000000000235,19.750000000000146,23.049999999999976,23.03834612632515,3.351032163829114,0.5,1,0.5,0.3,0.7,0.0,0.0,0.0
26.050000000000235,19.750000000000146,23.049999999999976,23.03834612632515,3.351032163829114,0.5,2,0.9,0.7,1.1,0.0,0.0,0.0
26.050000000000235,19.750000000000146,23.049999999999976,23.03834612632515,3.351032163829114,0.5,3,1.3,1.1,1.5,0.0,0.0,0.0
26.050000000000235,19.750000000000146,23.049999999999976,23.03834612632515,3.351032163829114,0.5,4,1.7000000000000002,1.5000000000000002,1.9000000000000001,0.0,0.0,0.0
26.050000000000235,19.750000000000146,23.049999999999976,23.03834612632515,3.351032163829114,0.5,5,2.1,1.9000000000000001,2.3000000000000003,0.0,0.0,0.0
26.050000000000235,19.750000000000146,23.049999999999976,23.03834612632515,3.351032163829114,0.5,6,2.5,2.3,2.7,0.0,0.0,0.0
26.050000000000235,19.800000000000146,23.049999999999976,23.03834612632515,3.351032163829114,0.5,1,0.5,0.3,0.7,0.0,0.0,0.0
26.050000000000235,19.800000000000146,23.049999999999976,23.03834612632515,3.351032163829114,0.5,2,0.9,0.7,1.1,0.0,0.0,0.0
26.050000000000235,19.800000000000146,23.049999999999976,23.03834612632515,3.351032163829114,0.5,3,1.3,1.1,1.5,0.0,0.0,0.0
26.050000000000235,19.800000000000146,23.049999999999976,23.03834612632515,3.351032163829114,0.5,4,1.7000000000000002,1.5000000000000002,1.9000000000000001,0.0,0.0,0.0
26.050000000000235,19.800000000000146,23.049999999999976,23.03834612632515,3.351032163829114,0.5,5,2.1,1.9000000000000001,2.3000000000000003,0.0,0.0,0.0
26.050000000000235,19.800000000000146,23.049999999999976,23.03834612632515,3.351032163829114,0.5,6,2.5,2.3,2.7,0.0,0.0,0.0
26.050000000000235,19.850000000000147,23.049999999999976,23.03834612632515,3.351032163829114,0.5,1,0.5,0.3,0.7,0.0,0.0,0.0
26.050000000000235,19.850000000000147,23.049999999999976,23.03834612632515,3.351032163829114,0.5,2,0.9,0.7,1.1,0.0,0.0,0.0
26.050000000000235,19.850000000000147,23.049999999999976,23.03834612632515,3.351032163829114,0.5,3,1.3,1.1,1.5,0.0,0.0,0.0
26.050000000000235,19.850000000000147,23.049999999999976,23.03834612632515,3.351032163829114,0.5,4,1.7000000000000002,1.5000000000000002,1.9000000000000001,0.0,0.0,0.0
26.050000000000235,19.850000000000147,23.049999999999976,23.03834612632515,3.351032163829114,0.5,5,2.1,1.9000000000000001,2.3000000000000003,0.0,0.0,0.0
26.050000000000235,19.850000000000147,23.049999999999976,23.03834612632515,3.351032163829114,0.5,6,2.5,2.3,2.7,0.0,0.0,0.0
26.050000000000235,19.900000000000148,23.049999999999976,23.03834612632515,3.351032163829114,0.5,1,0.5,0.3,0.7,0.0,0.0,0.0
26.050000000000235,19.900000000000148,23.049999999999976,23.03834612632515,3.351032163829114,0.5,2,0.9,0.7,1.1,0.0,0.0,0.0
26.050000000000235,19.900000000000148,23.049999999999976,23.03834612632515,3.351032163829114,0.5,3,1.3,1.1,1.5,0.0,0.0,0.0
26.050000000000235,19.900000000000148,23.049999999999976,23.03834612632515,3.351032163829114,0.5,4,1.7000000000000002,1.5000000000000002,1.9000000000000001,0.0,0.0,0.0
26.050000000000235,19.900000000000148,23.049999999999976,23.03834612632515,3.351032163829114,0.5,5,2.1,1.9000000000000001,2.3000000000000003,0.0,0.0,0.0
26.050000000000235,19.900000000000148,23.049999999999976,23.03834612632515,3.351032163829114,0.5,6,2.5,2.3,2.7,0.0,0.0,0.0
26.050000000000235,19.95000000000015,23.049999999999976,23.03834612632515,3.351032163829114,0.5,1,0.5,0.3,0.7,0.0,0.0,0.0
26.050000000000235,19.95000000000015,23.049999999999976,23.03834612632515,3.351032163829114,0.5,2,0.9,0.7,1.1,0.0,0.0,0.0
26.050000000000235,19.95000000000015,23.049999999999976,23.03834612632515,3.351032163829114,0.5,3,1.3,1.1,1.5,0.0,0.0,0.0
26.050000000000235,19.95000000000015,23.049999999999976,23.03834612632515,3.351032163829114,0.5,4,1.7000000000000002,1.5000000000000002,1.9000000000000001,0.0,0.0,0.0
26.050000000000235,19.95000000000015,23.049999999999976,23.03834612632515,3.351032163829114,0.5,5,2.1,1.9000000000000001,2.3000000000000003,0.0,0.0,0.0
26.050000000000235,19.95000000000015,23.049999999999976,23.03834612632515,3.351032163829114,0.5,6,2.5,2.3,2.7,0.0,0.0,0.0
26.050000000000235,20.00000000000015,23.049999999999976,23.03834612632515,3.351032163829114,0.5,1,0.5,0.3,0.7,0.0,0.0,0.0
26.050000000000235,20.00000000000015,23.049999999999976,23.03834612632515,3.351032163829114,0.5,2,0.9,0.7,1.1,0.0,0.0,0.0
26.050000000000235,20.00000000000015,23.049999999999976,23.03834612632515,3.351032163829114,0.5,3,1.3,1.1,1.5,0.0,0.0,0.0
26.050000000000235,20.00000000000015,23.049999999999976,23.03834612632515,3.351032163829114,0.5,4,1.7000000000000002,1.5000000000000002,1.9000000000000001,0.0,0.0,0.0
26.050000000000235,20.00000000000015,23.049999999999976,23.03834612632515,3.351032163829114,0.5,5,2.1,1.9000000000000001,2.3000000000000003,0.0,0.0,0.0
26.050000000000235,20.00000000000015,23.049999999999976,23.03834612632515,3.351032163829114,0.5,6,2.5,2.3,2.7,0.0,0.0,0.0
26.050000000000235,20.025000000000148,23.049999999999976,23.03834612632515,3.351032163829114,0.5,1,0.5,0.3,0.7,0.0,0.0,0.0
26.050000000000235,20.025000000000148,23.049999999999976,23.03834612632515,3.351032163829114,0.5,2,0.9,0.7,1.1,0.0,0.0,0.0
26.050000000000235,20.025000000000148,23.049999999999976,23.03834612632515,3.351032163829114,0.5,3,1.3,1.1,1.5,0.0,0.0,0.0
26.050000000000235,20.025000000000148,23.049999999999976,23.03834612632515,3.351032163829114,0.5,4,1.7000000000000002,1.5000000000000002,1.9000000000000001,0.0,0.0,0.0
26.050000000000235,20.025000000000148,23.049999999999976,23.03834612632515,3.351032163829114,0.5,5,2.1,1.9000000000000001,2.3000000000000003,0.0,0.0,0.0
26.050000000000235,20.025000000000148,23.049999999999976,23.03834612632515,3.351032163829114,0.5,6,2.5,2.3,2.7,0.0,0.0,0.0
26.050000000000235,20.050000000000146,23.049999999999976,23.03834612632515,3.351032163829114,0.5,1,0.5,0.3,0.7,0.0,0.0,0.0
26.050000000000235,20.050000000000146,23.049999999999976,23.03834612632515,3.351032163829114,0.5,2,0.9,0.7,1.1,0.0,0.0,0.0
26.050000000000235,20.050000000000146,23.049999999999976,23.03834612632515,3.351032163829114,0.5,3,1.3,1.1,1.5,0.0,0.0,0.0
26.050000000000235,20.050000000000146,23.049999999999976,23.03834612632515,3.351032163829114,0.5,4,1.7000000000000002,1.5000000000000002,1.9000000000000001,0.0,0.0,0.0
26.050000000000235,20.050000000000146,23.049999999999976,23.03834612632515,3.351032163829114,0.5,5,2.1,1.9000000000000001,2.3000000000000003,0.0,0.0,0.0
26.050000000000235,20.050000000000146,23.049999999999976,23.03834612632515,3.351032163829114,0.5,6,2.5,2.3,2.7,0.0,0.0,0.0
26.050000000000235,20.075000000000145,23.049999999999976,23.03834612632515,3.351032163829114,0.5,1,0.5,0.3,0.7,0.0,0.0,0.0
26.050000000000235,20.075000000000145,23.049999999999976,23.03834612632515,3.351032163829114,0.5,2,0.9,0.7,1.1,0.0,0.0,0.0
26.050000000000235,20.075000000000145,23.049999999999976,23.03834612632515,3.351032163829114,0.5,3,1.3,1.1,1.5,0.0,0.0,0.0
26.050000000000235,20.075000000000145,23.049999999999976,23.03834612632515,3.351032163829114,0.5,4,1.7000000000000002,1.5000000000000002,1.9000000000000001,0.0,0.0,0.0
26.050000000000235,20.075000000000145,23.049999999999976,23.03834612632515,3.351032163829114,0.5,5,2.1,1.9000000000000001,2.3000000000000003,0.0,0.0,0.0
26.050000000000235,20.075000000000145,23.049999999999976,23.03834612632515,3.351032163829114,0.5,6,2.5,2.3,2.7,0.0,0.0,0.0
26.050000000000235,20.100000000000144,23.049999999999976,23.03834612632515,3.351032163829114,0.5,1,0.5,0.3,0.7,0.0,0.0,0.0
26.050000000000235,20.100000000000144,23.049999999999976,23.03834612632515,3.351032163829114,0.5,2,0.9,0.7,1.1,0.0,0.0,0.0
26.050000000000235,20.100000000000144,23.049999999999976,23.03834612632515,3.351032163829114,0.5,3,1.3,1.1,1.5,0.0,0.0,0.0
26.050000000000235,20.100000000000144,23.049999999999976,23.03834612632515,3.351032163829114,0.5,4,1.7000000000000002,1.5000000000000002,1.9000000000000001,0.0,0.0,0.0
26.050000000000235,20.100000000000144,23.049999999999976,23.03834612632515,3.351032163829114,0.5,5,2.1,1.9000000000000001,2.3000000000000003,0.0,0.0,0.0
26.050000000000235,20.100000000000144,23.049999999999976,23.03834612632515,3.351032163829114,0.5,6,2.5,2.3,2.7,0.0,0.0,0.0
26.900000000000247,20.125000000000142,23.47499999999995,23.457225146803786,3.3510321638291103,0.5,1,0.5,0.3,0.7,0.0,0.0,0.0
26.900000000000247,20.125000000000142,23.47499999999995,23.457225146803786,3.3510321638291103,0.5,2,0.9,0.7,1.1,0.0,0.0,0.0
26.900000000000247,20.125000000000142,23.47499999999995,23.457225146803786,3.3510321638291103,0.5,3,1.3,1.1,1.5,0.0,0.0,0.0
26.900000000000247,20.125000000000142,23.47499999999995,23.457225146803786,3.3510321638291103,0.5,4,1.7000000000000002,1.5000000000000002,1.9000000000000001,0.0,0.0,0.0
26.900000000000247,20.125000000000142,23.47499999999995,23.457225146803786,3.3510321638291103,0.5,5,2.1,1.9000000000000001,2.3000000000000003,0.0,0.0,0.0
26.900000000000247,20.125000000000142,23.47499999999995,23.457225146803786,3.3510321638291103,0.5,6,2.5,2.3,2.7,0.0,0.0,0.0
26.900000000000247,20.15000000000014,23.47499999999995,23.457225146803786,3.3510321638291103,0.5,1,0.5,0.3,0.7,0.0,0.0,0.0
26.900000000000247,20.15000000000014,23.47499999999995,23.457225146803786,3.3510321638291103,0.5,2,0.9,0.7,1.1,0.0,0.0,0.0
26.900000000000247,20.15000000000014,23.47499999999995,23.457225146803786,3.3510321638291103,0.5,3,1.3,1.1,1.5,0.0,0.0,0.0
26.900000000000247,20.15000000000014,23.47499999999995,23.457225146803786,3.3510321638291103,0.5,4,1.7000000000000002,1.5000000000000002,1.9000000000000001,0.0,0.0,0.0
26.900000000000247,20.15000000000014,23.47499999999995,23.457225146803786,3.3510321638291103,0.5,5,2.1,1.9000000000000001,2.3000000000000003,0.0,0.0,0.0
26.900000000000247,20.15000000000014,23.47499999999995,23.457225146803786,3.3510321638291103,0.5,6,2.5,2.3,2.7,0.0,0.0,0.0
26.900000000000247,20.17500000000014,23.47499999999995,23.457225146803786,3.3510321638291103,0.5,1,0.5,0.3,0.7,0.0,0.0,0.0
26.900000000000247,20.17500000000014,23.47499999999995,23.457225146803786,3.3510321638291103,0.5,2,0.9,0.7,1.1,0.0,0.0,0.0
26.900000000000247,20.17500000000014,23.47499999999995,23.457225146803786,3.3510321638291103,0.5,3,1.3,1.1,1.5,0.0,0.0,0.0
26.900000000000247,20.17500000000014,23.47499999999995,23.457225146803786,3.3510321638291103,0.5,4,1.7000000000000002,1.5000000000000002,1.9000000000000001,0.0,0.0,0.0
26.900000000000247,20.17500000000014,23.47499999999995,23.457225146803786,3.3510321638291103,0.5,5,2.1,1.9000000000000001,2.3000000000000003,0.0,0.0,0.0
26.900000000000247,20.17500000000014,23.47499999999995,23.457225146803786,3.3510321638291103,0.5,6,2.5,2.3,2.7,0.0,0.0,0.0
26.900000000000247,20.200000000000138,23.47499999999995,23.457225146803786,3.3510321638291103,0.5,1,0.5,0.3,0.7,0.0,0.0,0.0
26.900000000000247,20.200000000000138,23.47499999999995,23.457225146803786,3.3510321638291103,0.5,2,0.9,0.7,1.1,0.0,0.0,0.0
26.900000000000247,20.200000000000138,23.47499999999995,23.457225146803786,3.3510321638291103,0.5,3,1.3,1.1,1.5,0.0,0.0,0.0
26.900000000000247,20.200000000000138,23.47499999999995,23.457225146803786,3.3510321638291103,0.5,4,1.7000000000000002,1.5000000000000002,1.9000000000000001,0.0,0.0,0.0
26.900000000000247,20.200000000000138,23.47499999999995,23.457225146803786,3.3510321638291103,0.5,5,2.1,1.9000000000000001,2.3000000000000003,0.0,0.0,0.0
26.900000000000247,20.200000000000138,23.47499999999995,23.457225146803786,3.3510321638291103,0.5,6,2.5,2.3,2.7,0.0,0.0,0.0
26.900000000000247,20.225000000000136,23.47499999999995,23.457225146803786,3.3510321638291103,0.5,1,0.5,0.3,0.7,0.0,0.0,0.0
26.900000000000247,20.225000000000136,23.47499999999995,23.457225146803786,3.3510321638291103,0.5,2,0.9,0.7,1.1,0.0,0.0,0.0
26.900000000000247,20.225000000000136,23.47499999999995,23.457225146803786,3.3510321638291103,0.5,3,1.3,1.1,1.5,0.0,0.0,0.0
26.900000000000247,20.225000000000136,23.47499999999995,23.457225146803786,3.3510321638291103,0.5,4,1.7000000000000002,1.5000000000000002,1.9000000000000001,0.0,0.0,0.0
26.900000000000247,20.225000000000136,23.47499999999995,23.457225146803786,3.3510321638291103,0.5,5,2.1,1.9000000000000001,2.3000000000000003,0.0,0.0,0.0
26.900000000000247,20.225000000000136,23.47499999999995,23.457225146803786,3.3510321638291103,0.5,6,2.5,2.3,2.7,0.0,0.0,0.0
26.900000000000247,20.250000000000135,23.47499999999995,23.457225146803786,3.3510321638291103,0.5,1,0.5,0.3,0.7,0.0,0.0,0.0
26.900000000000247,20.250000000000135,23.47499999999995,23.457225146803786,3.3510321638291103,0.5,2,0.9,0.7,1.1,0.0,0.0,0.0
26.900000000000247,20.250000000000135,23.47499999999995,23.457225146803786,3.3510321638291103,0.5,3,1.3,1.1,1.5,0.0,0.0,0.0
26.900000000000247,20.250000000000135,23.47499999999995,23.457225146803786,3.3510321638291103,0.5,4,1.7000000000000002,1.5000000000000002,1.9000000000000001,0.0,0.0,0.0
26.900000000000247,20.250000000000135,23.47499999999995,23.457225146803786,3.3510321638291103,0.5,5,2.1,1.9000000000000001,2.3000000000000003,0.0,0.0,0.0
26.900000000000247,20.250000000000135,23.47499999999995,23.457225146803786,3.3510321638291103,0.5,6,2.5,2.3,2.7,0.0,0.0,0.0
26.900000000000247,20.275000000000134,23.47499999999995,23.457225146803786,3.3510321638291103,0.5,1,0.5,0.3,0.7,0.0,0.0,0.0
26.900000000000247,20.275000000000134,23.47499999999995,23.457225146803786,3.3510321638291103,0.5,2,0.9,0.7,1.1,0.0,0.0,0.0
26.900000000000247,20.275000000000134,23.47499999999995,23.457225146803786,3.3510321638291103,0.5,3,1.3,1.1,1.5,0.0,0.0,0.0
26.900000000000247,20.275000000000134,23.47499999999995,23.457225146803786,3.3510321638291103,0.5,4,1.7000000000000002,1.5000000000000002,1.9000000000000001,0.0,0.0,0.0
26.900000000000247,20.275000000000134,23.47499999999995,23.457225146803786,3.3510321638291103,0.5,5,2.1,1.9000000000000001,2.3000000000000003,0.0,0.0,0.0
26.900000000000247,20.275000000000134,23.47499999999995,23.457225146803786,3.3510321638291103,0.5,6,2.5,2.3,2.7,0.0,0.0,0.0
26.900000000000247,20.300000000000132,23.47499999999995,23.457225146803786,3.3510321638291103,0.5,1,0.5,0.3,0.7,0.0,0.0,0.0
26.900000000000247,20.300000000000132,23.47499999999995,23.457225146803786,3.3510321638291103,0.5,2,0.9,0.7,1.1,0.0,0.0,0.0
26.900000000000247,20.300000000000132,23.47499999999995,23.457225146803786,3.3510321638291103,0.5,3,1.3,1.1,1.5,0.0,0.0,0.0
26.900000000000247,20.300000000000132,23.47499999999995,23.457225146803786,3.3510321638291103,0.5,4,1.7000000000000002,1.5000000000000002,1.9000000000000001,0.0,0.0,0.0
26.900000000000247,20.300000000000132,23.47499999999995,23.457225146803786,3.3510321638291103,0.5,5,2.1,1.9000000000000001,2.3000000000000003,0.0,0.0,0.0
26.900000000000247,20.300000000000132,23.47499999999995,23.457225146803786,3.3510321638291103,0.5,6,2.5,2.3,2.7,0.0,0.0,0.0
26.900000000000247,20.32500000000013,23.47499999999995,23.457225146803786,3.3510321638291103,0.5,1,0.5,0.3,0.7,0.0,0.0,0.0
26.900000000000247,20.32500000000013,23.47499999999995,23.457225146803786,3.3510321638291103,0.5,2,0.9,0.7,1.1,0.0,0.0,0.0
26.900000000000247,20.32500000000013,23.47499999999995,23.457225146803786,3.3510321638291103,0.5,3,1.3,1.1,1.5,0.0,0.0,0.0
26.900000000000247,20.32500000000013,23.47499999999995,23.457225146803786,3.3510321638291103,0.5,4,1.7000000000000002,1.5000000000000002,1.9000000000000001,0.0,0.0,0.0
26.900000000000247,20.32500000000013,23.47499999999995,23.457225146803786,3.3510321638291103,0.5,5,2.1,1.9000000000000001,2.3000000000000003,0.0,0.0,0.0
26.900000000000247,20.32500000000013,23.47499999999995,23.457225146803786,3.3510321638291103,0.5,6,2.5,2.3,2.7,0.0,0.0,0.0
26.900000000000247,20.35000000000013,23.47499999999995,23.457225146803786,3.3510321638291103,0.5,1,0.5,0.3,0.7,0.0,0.0,0.0
26.900000000000247,20.35000000000013,23.47499999999995,23.457225146803786,3.3510321638291103,0.5,2,0.9,0.7,1.1,0.0,0.0,0.0
26.900000000000247,20.35000000000013,23.47499999999995,23.457225146803786,3.3510321638291103,0.5,3,1.3,1.1,1.5,0.0,0.0,0.0
26.900000000000247,20.35000000000013,23.47499999999995,23.457225146803786,3.3510321638291103,0.5,4,1.7000000000000002,1.5000000000000002,1.9000000000000001,0.0,0.0,0.0
26.900000000000247,20.35000000000013,23.47499999999995,23.457225146803786,3.3510321638291103,0.5,5,2.1,1.9000000000000001,2.3000000000000003,0.0,0.0,0.0
26.900000000000247,20.35000000000013,23.47499999999995,23.457225146803786,3.3510321638291103,0.5,6,2.5,2.3,2.7,0.0,0.0,0.0
26.900000000000247,20.375000000000128,23.47499999999995,23.457225146803786,3.3510321638291103,0.5,1,0.5,0.3,0.7,0.0,0.0,0.0
26.900000000000247,20.375000000000128,23.47499999999995,23.457225146803786,3.3510321638291103,0.5,2,0.9,0.7,1.1,0.0,0.0,0.0
26.900000000000247,20.375000000000128,23.47499999999995,23.457225146803786,3.3510321638291103,0.5,3,1.3,1.1,1.5,0.0,0.0,0.0
26.900000000000247,20.375000000000128,23.47499999999995,23.457225146803786,3.3510321638291103,0.5,4,1.7000000000000002,1.5000000000000002,1.9000000000000001,0.0,0.0,0.0
26.900000000000247,20.375000000000128,23.47499999999995,23.457225146803786,3.3510321638291103,0.5,5,2.1,1.9000000000000001,2.3000000000000003,0.0,0.0,0.0
26.900000000000247,20.375000000000128,23.47499999999995,23.457225146803786,3.3510321638291103,0.5,6,2.5,2.3,2.7,0.0,0.0,0.0
26.900000000000247,20.400000000000126,23.47499999999995,23.457225146803786,3.3510321638291103,0.5,1,0.5,0.3,0.7,0.0,0.0,0.0
26.900000000000247,20.400000000000126,23.47499999999995,23.457225146803786,3.3510321638291103,0.5,2,0.9,0.7,1.1,0.0,0.0,0.0
26.900000000000247,20.400000000000126,23.47499999999995,23.457225146803786,3.3510321638291103,0.5,3,1.3,1.1,1.5,0.0,0.0,0.0
26.900000000000247,20.400000000000126,23.47499999999995,23.457225146803786,3.3510321638291103,0.5,4,1.7000000000000002,1.5000000000000002,1.9000000000000001,0.0,0.0,0.0
26.900000000000247,20.400000000000126,23.47499999999995,23.457225146803786,3.3510321638291103,0.5,5,2.1,1.9000000000000001,2.3000000000000003,0.0,0.0,0.0
26.900000000000247,20.400000000000126,23.47499999999995,23.457225146803786,3.3510321638291103,0.5,6,2.5,2.3,2.7,0.0,0.0,0.0
26.900000000000247,20.425000000000125,23.47499999999995,23.457225146803786,3.3510321638291103,0.5,1,0.5,0.3,0.7,0.0,0.0,0.0
26.900000000000247,20.425000000000125,23.47499999999995,23.457225146803786,3.3510321638291103,0.5,2,0.9,0.7,1.1,0.0,0.0,0.0
26.900000000000247,20.425000000000125,23.47499999999995,23.457225146803786,3.3510321638291103,0.5,3,1.3,1.1,1.5,0.0,0.0,0.0
26.900000000000247,20.425000000000125,23.47499999999995,23.457225146803786,3.3510321638291103,0.5,4,1.7000000000000002,1.5000000000000002,1.9000000000000001,0.0,0.0,0.0
26.900000000000247,20.425000000000125,23.47499999999995,23.457225146803786,3.3510321638291103,0.5,5,2.1,1.9000000000000001,2.3000000000000003,0.0,0.0,0.0
26.900000000000247,20.425000000000125,23.47499999999995,23.457225146803786,3.3510321638291103,0.5,6,2.5,2.3,2.7,0.0,0.0,0.0
26.900000000000247,20.450000000000124,23.47499999999995,23.457225146803786,3.3510321638291103,0.5,1,0.5,0.3,0.7,0.0,0.0,0.0
26.900000000000247,20.450000000000124,23.47499999999995,23.457225146803786,3.3510321638291103,0.5,2,0.9,0.7,1.1,0.0,0.0,0.0
26.900000000000247,20.450000000000124,23.47499999999995,23.457225146803786,3.3510321638291103,0.5,3,1.3,1.1,1.5,0.0,0.0,0.0
26.900000000000247,20.450000000000124,23.47499999999995,23.457225146803786,3.3510321638291103,0.5,4,1.7000000000000002,1.5000000000000002,1.9000000000000001,0.0,0.0,0.0
26.900000000000247,20.450000000000124,23.47499999999995,23.457225146803786,3.3510321638291103,0.5,5,2.1,1.9000000000000001,2.3000000000000003,0.0,0.0,0.0
26.900000000000247,20.450000000000124,23.47499999999995,23.457225146803786,3.3510321638291103,0.5,6,2.5,2.3,2.7,0.0,0.0,0.0
26.900000000000247,20.475000000000122,23.47499999999995,23.457225146803786,3.3510321638291103,0.5,1,0.5,0.3,0.7,0.0,0.0,0.0
26.900000000000247,20.475000000000122,23.47499999999995,23.457225146803786,3.3510321638291103,0.5,2,0.9,0.7,1.1,0.0,0.0,0.0
26.900000000000247,20.475000000000122,23.47499999999995,23.457225146803786,3.3510321638291103,0.5,3,1.3,1.1,1.5,0.0,0.0,0.0
26.900000000000247,20.475000000000122,23.47499999999995,23.457225146803786,3.3510321638291103,0.5,4,1.7000000000000002,1.5000000000000002,1.9000000000000001,0.0,0.0,0.0
26.900000000000247,20.475000000000122,23.47499999999995,23.457225146803786,3.3510321638291103,0.5,5,2.1,1.9000000000000001,2.3000000000000003,0.0,0.0,0.0
26.900000000000247,20.475000000000122,23.47499999999995,23.457225146803786,3.3510321638291103,0.5,6,2.5,2.3,2.7,0.0,0.0,0.0
26.900000000000247,20.50000000000012,23.47499999999995,23.457225146803786,3.3510321638291103,0.5,1,0.5,0.3,0.7,0.0,0.0,0.0
26.900000000000247,20.50000000000012,23.47499999999995,23.457225146803786,3.3510321638291103,0.5,2,0.9,0.7,1.1,0.0,0.0,0.0
26.900000000000247,20.50000000000012,23.47499999999995,23.457225146803786,3.3510321638291103,0.5,3,1.3,1.1,1.5,0.0,0.0,0.0
26.900000000000247,20.50000000000012,23.47499999999995,23.457225146803786,3.3510321638291103,0.5,4,1.7000000000000002,1.5000000000000002,1.9000000000000001,0.0,0.0,0.0
26.900000000000247,20.50000000000012,23.47499999999995,23.457225146803786,3.3510321638291103,0.5,5,2.1,1.9000000000000001,2.3000000000000003,0.0,0.0,0.0
26.900000000000247,20.50000000000012,23.47499999999995,23.457225146803786,3.3510321638291103,0.5,6,2.5,2.3,2.7,0.0,0.0,0.0
26.900000000000247,20.52500000000012,23.47499999999995,23.457225146803786,3.3510321638291103,0.5,1,0.5,0.3,0.7,0.0,0.0,0.0
26.900000000000247,20.52500000000012,23.47499999999995,23.457225146803786,3.3510321638291103,0.5,2,0.9,0.7,1.1,0.0,0.0,0.0
26.900000000000247,20.52500000000012,23.47499999999995,23.457225146803786,3.3510321638291103,0.5,3,1.3,1.1,1.5,0.0,0.0,0.0
26.900000000000247,20.52500000000012,23.47499999999995,23.457225146803786,3.3510321638291103,0.5,4,1.7000000000000002,1.5000000000000002,1.9000000000000001,0.0,0.0,0.0
26.900000000000247,20.52500000000012,23.47499999999995,23.457225146803786,3.3510321638291103,0.5,5,2.1,1.9000000000000001,2.3000000000000003,0.0,0.0,0.0
26.900000000000247,20.52500000000012,23.47499999999995,23.457225146803786,3.3510321638291103,0.5,6,2.5,2.3,2.7,0.0,0.0,0.0
27.75000000000026,20.550000000000118,23.899999999999928,23.876104167282428,3.351032163829114,0.5,1,0.5,0.3,0.7,0.0,0.0,0.0
27.75000000000026,20.550000000000118,23.899999999999928,23.876104167282428,3.351032163829114,0.5,2,0.9,0.7,1.1,0.0,0.0,0.0
27.75000000000026,20.550000000000118,23.899999999999928,23.876104167282428,3.351032163829114,0.5,3,1.3,1.1,1.5,0.0,0.0,0.0
27.75000000000026,20.550000000000118,23.899999999999928,23.876104167282428,3.351032163829114,0.5,4,1.7000000000000002,1.5000000000000002,1.9000000000000001,0.0,0.0,0.0
27.75000000000026,20.550000000000118,23.899999999999928,23.876104167282428,3.351032163829114,0.5,5,2.1,1.9000000000000001,2.3000000000000003,0.0,0.0,0.0
27.75000000000026,20.550000000000118,23.899999999999928,23.876104167282428,3.351032163829114,0.5,6,2.5,2.3,2.7,0.0,0.0,0.0
27.75000000000026,20.575000000000117,23.899999999999928,23.876104167282428,3.351032163829114,0.5,1,0.5,0.3,0.7,0.0,0.0,0.0
27.75000000000026,20.575000000000117,23.899999999999928,23.876104167282428,3.351032163829114,0.5,2,0.9,0.7,1.1,0.0,0.0,0.0
27.75000000000026,20.575000000000117,23.899999999999928,23.876104167282428,3.351032163829114,0.5,3,1.3,1.1,1.5,0.0,0.0,0.0
27.75000000000026,20.575000000000117,23.899999999999928,23.876104167282428,3.351032163829114,0.5,4,1.7000000000000002,1.5000000000000002,1.9000000000000001,0.0,0.0,0.0
27.75000000000026,20.575000000000117,23.899999999999928,23.876104167282428,3.351032163829114,0.5,5,2.1,1.9000000000000001,2.3000000000000003,0.0,0.0,0.0
27.75000000000026,20.575000000000117,23.899999999999928,23.876104167282428,3.351032163829114,0.5,6,2.5,2.3,2.7,0.0,0.0,0.0
27.75000000000026,20.600000000000115,23.899999999999928,23.876104167282428,3.351032163829114,0.5,1,0.5,0.3,0.7,0.0,0.0,0.0
27.75000000000026,20.600000000000115,23.899999999999928,23.876104167282428,3.351032163829114,0.5,2,0.9,0.7,1.1,0.0,0.0,0.0
27.75000000000026,20.600000000000115,23.899999999999928,23.876104167282428,3.351032163829114,0.5,3,1.3,1.1,1.5,0.0,0.0,0.0
27.75000000000026,20.600000000000115,23.899999999999928,23.876104167282428,3.351032163829114,0.5,4,1.7000000000000002,1.5000000000000002,1.9000000000000001,0.0,0.0,0.0
27.75000000000026,20.600000000000115,23.899999999999928,23.876104167282428,3.351032163829114,0.5,5,2.1,1.9000000000000001,2.3000000000000003,0.0,0.0,0.0
27.75000000000026,20.600000000000115,23.899999999999928,23.876104167282428,3.351032163829114,0.5,6,2.5,2.3,2.7,0.0,0.0,0.0
27.75000000000026,20.625000000000114,23.899999999999928,23.876104167282428,3.351032163829114,0.5,1,0.5,0.3,0.7,0.0,0.0,0.0
27.75000000000026,20.625000000000114,23.899999999999928,23.876104167282428,3.351032163829114,0.5,2,0.9,0.7,1.1,0.0,0.0,0.0
27.75000000000026,20.625000000000114,23.899999999999928,23.876104167282428,3.351032163829114,0.5,3,1.3,1.1,1.5,0.0,0.0,0.0
27.75000000000026,20.625000000000114,23.899999999999928,23.876104167282428,3.351032163829114,0.5,4,1.7000000000000002,1.5000000000000002,1.9000000000000001,0.0,0.0,0.0
27.75000000000026,20.625000000000114,23.899999999999928,23.876104167282428,3.351032163829114,0.5,5,2.1,1.9000000000000001,2.3000000000000003,0.0,0.0,0.0
27.75000000000026,20.625000000000114,23.899999999999928,23.876104167282428,3.351032163829114,0.5,6,2.5,2.3,2.7,0.0,0.0,0.0
27.75000000000026,20.650000000000112,23.899999999999928,23.876104167282428,3.351032163829114,0.5,1,0.5,0.3,0.7,0.0,0.0,0.0
27.75000000000026,20.650000000000112,23.899999999999928,23.876104167282428,3.351032163829114,0.5,2,0.9,0.7,1.1,0.0,0.0,0.0
27.75000000000026,20.650000000000112,23.899999999999928,23.876104167282428,3.351032163829114,0.5,3,1.3,1.1,1.5,0.0,0.0,0.0
27.75000000000026,20.650000000000112,23.899999999999928,23.876104167282428,3.351032163829114,0.5,4,1.7000000000000002,1.5000000000000002,1.9000000000000001,0.0,0.0,0.0
27.75000000000026,20.650000000000112,23.899999999999928,23.876104167282428,3.351032163829114,0.5,5,2.1,1.9000000000000001,2.3000000000000003,0.0,0.0,0.0
27.75000000000026,20.650000000000112,23.899999999999928,23.876104167282428,3.351032163829114,0.5,6,2.5,2.3,2.7,0.0,0.0,0.0
27.75000000000026,20.67500000000011,23.899999999999928,23.876104167282428,3.351032163829114,0.5,1,0.5,0.3,0.7,0.0,0.0,0.0
27.75000000000026,20.67500000000011,23.899999999999928,23.876104167282428,3.351032163829114,0.5,2,0.9,0.7,1.1,0.0,0.0,0.0
27.75000000000026,20.67500000000011,23.899999999999928,23.876104167282428,3.351032163829114,0.5,3,1.3,1.1,1.5,0.0,0.0,0.0
27.75000000000026,20.67500000000011,23.899999999999928,23.876104167282428,3.351032163829114,0.5,4,1.7000000000000002,1.5000000000000002,1.9000000000000001,0.0,0.0,0.0
27.75000000000026,20.67500000000011,23.899999999999928,23.876104167282428,3.351032163829114,0.5,5,2.1,1.9000000000000001,2.3000000000000003,0.0,0.0,0.0
27.75000000000026,20.67500000000011,23.899999999999928,23.876104167282428,3.351032163829114,0.5,6,2.5,2.3,2.7,0.0,0.0,0.0
27.75000000000026,20.70000000000011,23.899999999999928,23.876104167282428,3.351032163829114,0.5,1,0.5,0.3,0.7,0.0,0.0,0.0
27.75000000000026,20.70000000000011,23.899999999999928,23.876104167282428,3.351032163829114,0.5,2,0.9,0.7,1.1,0.0,0.0,0.0
27.75000000000026,20.70000000000011,23.899999999999928,23.876104167282428,3.351032163829114,0.5,3,1.3,1.1,1.5,0.0,0.0,0.0
27.75000000000026,20.70000000000011,23.899999999999928,23.876104167282428,3.351032163829114,0.5,4,1.7000000000000002,1.5000000000000002,1.9000000000000001,0.0,0.0,0.0
27.75000000000026,20.70000000000011,23.899999999999928,23.876104167282428,3.351032163829114,0.5,5,2.1,1.9000000000000001,2.3000000000000003,0.0,0.0,0.0
27.75000000000026,20.70000000000011,23.899999999999928,23.876104167282428,3.351032163829114,0.5,6,2.5,2.3,2.7,0.0,0.0,0.0
27.75000000000026,20.725000000000108,23.899999999999928,23.876104167282428,3.351032163829114,0.5,1,0.5,0.3,0.7,0.0,0.0,0.0
27.75000000000026,20.725000000000108,23.899999999999928,23.876104167282428,3.351032163829114,0.5,2,0.9,0.7,1.1,0.0,0.0,0.0
27.75000000000026,20.725000000000108,23.899999999999928,23.876104167282428,3.351032163829114,0.5,3,1.3,1.1,1.5,0.0,0.0,0.0
27.75000000000026,20.725000000000108,23.899999999999928,23.876104167282428,3.351032163829114,0.5,4,1.7000000000000002,1.5000000000000002,1.9000000000000001,0.0,0.0,0.0
27.75000000000026,20.725000000000108,23.899999999999928,23.876104167282428,3.351032163829114,0.5,5,2.1,1.9000000000000001,2.3000000000000003,0.0,0.0,0.0
27.75000000000026,20.725000000000108,23.899999999999928,23.876104167282428,3.351032163829114,0.5,6,2.5,2.3,2.7,0.0,0.0,0.0
27.75000000000026,20.750000000000107,23.899999999999928,23.876104167282428,3.351032163829114,0.5,1,0.5,0.3,0.7,0.0,0.0,0.0
27.75000000000026,20.750000000000107,23.899999999999928,23.876104167282428,3.351032163829114,0.5,2,0.9,0.7,1.1,0.0,0.0,0.0
27.75000000000026,20.750000000000107,23.899999999999928,23.876104167282428,3.351032163829114,0.5,3,1.3,1.1,1.5,0.0,0.0,0.0
27.75000000000026,20.750000000000107,23.899999999999928,23.876104167282428,3.351032163829114,0.5,4,1.7000000000000002,1.5000000000000002,1.9000000000000001,0.0,0.0,0.0
27.75000000000026,20.750000000000107,23.899999999999928,23.876104167282428,3.351032163829114,0.5,5,2.1,1.9000000000000001,2.3000000000000003,0.0,0.0,0.0
27.75000000000026,20.750000000000107,23.899999999999928,23.876104167282428,3.351032163829114,0.5,6,2.5,2.3,2.7,0.0,0.0,0.0
27.75000000000026,20.775000000000105,23.899999999999928,23.876104167282428,3.351032163829114,0.5,1,0.5,0.3,0.7,0.0,0.0,0.0
27.75000000000026,20.775000000000105,23.899999999999928,23.876104167282428,3.351032163829114,0.5,2,0.9,0.7,1.1,0.0,0.0,0.0
27.75000000000026,20.775000000000105,23.899999999999928,23.876104167282428,3.351032163829114,0.5,3,1.3,1.1,1.5,0.0,0.0,0.0
27.75000000000026,20.775000000000105,23.899999999999928,23.876104167282428,3.351032163829114,0.5,4,1.7000000000000002,1.5000000000000002,1.9000000000000001,0.0,0.0,0.0
27.75000000000026,20.775000000000105,23.899999999999928,23.876104167282428,3.351032163829114,0.5,5,2.1,1.9000000000000001,2.3000000000000003,0.0,0.0,0.0
27.75000000000026,20.775000000000105,23.899999999999928,23.876104167282428,3.351032163829114,0.5,6,2.5,2.3,2.7,0.0,0.0,0.0
27.75000000000026,20.800000000000104,23.899999999999928,23.876104167282428,3.351032163829114,0.5,1,0.5,0.3,0.7,0.0,0.0,0.0
27.75000000000026,20.800000000000104,23.899999999999928,23.876104167282428,3.351032163829114,0.5,2,0.9,0.7,1.1,0.0,0.0,0.0
27.75000000000026,20.800000000000104,23.899999999999928,23.876104167282428,3.351032163829114,0.5,3,1.3,1.1,1.5,0.0,0.0,0.0
27.75000000000026,20.800000000000104,23.899999999999928,23.876104167282428,3.351032163829114,0.5,4,1.7000000000000002,1.5000000000000002,1.9000000000000001,0.0,0.0,0.0
27.75000000000026,20.800000000000104,23.899999999999928,23.876104167282428,3.351032163829114,0.5,5,2.1,1.9000000000000001,2.3000000000000003,0.0,0.0,0.0
27.75000000000026,20.800000000000104,23.899999999999928,23.876104167282428,3.351032163829114,0.5,6,2.5,2.3,2.7,0.0,0.0,0.0
27.75000000000026,20.825000000000102,23.899999999999928,23.876104167282428,3.351032163829114,0.5,1,0.5,0.3,0.7,0.0,0.0,0.0
27.75000000000026,20.825000000000102,23.899999999999928,23.876104167282428,3.351032163829114,0.5,2,0.9,0.7,1.1,0.05555555555555555,0.014166666666666666,15.0
27.75000000000026,20.825000000000102,23.899999999999928,23.876104167282428,3.351032163829114,0.5,3,1.3,1.1,1.5,0.1,0.025500000000000002,15.0
27.75000000000026,20.825000000000102,23.899999999999928,23.876104167282428,3.351032163829114,0.5,4,1.7000000000000002,1.5000000000000002,1.9000000000000001,0.044444444444444446,0.011333333333333334,15.0
27.75000000000026,20.825000000000102,23.899999999999928,23.876104167282428,3.351032163829114,0.5,5,2.1,1.9000000000000001,2.3000000000000003,0.021739130434782608,0.005543478260869565,15.0
27.75000000000026,20.825000000000102,23.899999999999928,23.876104167282428,3.351032163829114,0.5,6,2.5,2.3,2.7,0.0,0.0,0.0
27.75000000000026,20.8500000000001,23.899999999999928,23.876104167282428,3.351032163829114,0.5,1,0.5,0.3,0.7,0.0,0.0,0.0
27.75000000000026,20.8500000000001,23.899999999999928,23.876104167282428,3.351032163829114,0.5,2,0.9,0.7,1.1,0.05555555555555555,0.014166666666666666,15.0
27.75000000000026,20.8500000000001,23.899999999999928,23.876104167282428,3.351032163829114,0.5,3,1.3,1.1,1.5,0.15,0.03825,15.0
27.75000000000026,20.8500000000001,23.899999999999928,23.876104167282428,3.351032163829114,0.5,4,1.7000000000000002,1.5000000000000002,1.9000000000000001,0.06666666666666667,0.017,15.0
27.75000000000026,20.8500000000001,23.899999999999928,23.876104167282428,3.351032163829114,0.5,5,2.1,1.9000000000000001,2.3000000000000003,0.021739130434782608,0.005543478260869565,15.0
27.75000000000026,20.8500000000001,23.899999999999928,23.876104167282428,3.351032163829114,0.5,6,2.5,2.3,2.7,0.06976744186046512,0.017790697674418605,15.0
27.75000000000026,20.8750000000001,23.899999999999928,23.876104167282428,3.351032163829114,0.5,1,0.5,0.3,0.7,0.0,0.0,0.0
27.75000000000026,20.8750000000001,23.899999999999928,23.876104167282428,3.351032163829114,0.5,2,0.9,0.7,1.1,0.05555555555555555,0.014166666666666666,15.0
27.75000000000026,20.8750000000001,23.899999999999928,23.876104167282428,3.351032163829114,0.5,3,1.3,1.1,1.5,0.2,0.051000000000000004,15.0
27.75000000000026,20.8750000000001,23.899999999999928,23.876104167282428,3.351032163829114,0.5,4,1.7000000000000002,1.5000000000000002,1.9000000000000001,0.06666666666666667,0.017,15.0
27.75000000000026,20.8750000000001,23.899999999999928,23.876104167282428,3.351032163829114,0.5,5,2.1,1.9000000000000001,2.3000000000000003,0.043478260869565216,0.01108695652173913,15.0
27.75000000000026,20.8750000000001,23.899999999999928,23.876104167282428,3.351032163829114,0.5,6,2.5,2.3,2.7,0.11627906976744186,0.029651162790697676,15.0
27.75000000000026,20.900000000000098,23.899999999999928,23.876104167282428,3.351032163829114,0.5,1,0.5,0.3,0.7,0.0,0.0,0.0
27.75000000000026,20.900000000000098,23.899999999999928,23.876104167282428,3.351032163829114,0.5,2,0.9,0.7,1.1,0.1388888888888889,0.035416666666666666,15.0
27.75000000000026,20.900000000000098,23.899999999999928,23.876104167282428,3.351032163829114,0.5,3,1.3,1.1,1.5,0.2,0.051000000000000004,15.0
27.75000000000026,20.900000000000098,23.899999999999928,23.876104167282428,3.351032163829114,0.5,4,1.7000000000000002,1.5000000000000002,1.9000000000000001,0.17777777777777778,0.04533333333333334,15.0
27.75000000000026,20.900000000000098,23.899999999999928,23.876104167282428,3.351032163829114,0.5,5,2.1,1.9000000000000001,2.3000000000000003,0.10869565217391304,0.027717391304347826,15.0
27.75000000000026,20.900000000000098,23.899999999999928,23.876104167282428,3.351032163829114,0.5,6,2.5,2.3,2.7,0.18604651162790697,0.04744186046511628,15.0
27.75000000000026,20.925000000000097,23.899999999999928,23.876104167282428,3.351032163829114,0.5,1,0.5,0.3,0.7,0.0,0.0,0.0
27.75000000000026,20.925000000000097,23.899999999999928,23.876104167282428,3.351032163829114,0.5,2,0.9,0.7,1.1,0.1388888888888889,0.035416666666666666,15.0
27.75000000000026,20.925000000000097,23.899999999999928,23.876104167282428,3.351032163829114,0.5,3,1.3,1.1,1.5,0.25,0.06375,15.0
27.75000000000026,20.925000000000097,23.899999999999928,23.876104167282428,3.351032163829114,0.5,4,1.7000000000000002,1.5000000000000002,1.9000000000000001,0.24444444444444444,0.06233333333333333,15.0
27.75000000000026,20.925000000000097,23.899999999999928,23.876104167282428,3.351032163829114,0.5,5,2.1,1.9000000000000001,2.3000000000000003,0.15217391304347827,0.03880434782608696,15.0
27.75000000000026,20.925000000000097,23.899999999999928,23.876104167282428,3.351032163829114,0.5,6,2.5,2.3,2.7,0.27906976744186046,0.07116279069767442,15.0
28.55000000000027,20.950000000000095,24.299999999999905,24.294983187761066,3.351032163829114,0.5,1,0.5,0.3,0.7,0.0,0.0,0.0
28.55000000000027,20.950000000000095,24.299999999999905,24.294983187761066,3.351032163829114,0.5,2,0.9,0.7,1.1,0.16666666666666666,0.042499999999999996,15.0
28.55000000000027,20.950000000000095,24.299999999999905,24.294983187761066,3.351032163829114,0.5,3,1.3,1.1,1.5,0.325,0.082875,15.0
28.55000000000027,20.950000000000095,24.299999999999905,24.294983187761066,3.351032163829114,0.5,4,1.7000000000000002,1.5000000000000002,1.9000000000000001,0.3111111111111111,0.07933333333333334,15.0
28.55000000000027,20.950000000000095,24.299999999999905,24.294983187761066,3.351032163829114,0.5,5,2.1,1.9000000000000001,2.3000000000000003,0.17391304347826086,0.04434782608695652,15.0
28.55000000000027,20.950000000000095,24.299999999999905,24.294983187761066,3.351032163829114,0.5,6,2.5,2.3,2.7,0.3488372093023256,0.08895348837209302,15.0
28.55000000000027,20.975000000000094,24.299999999999905,24.294983187761066,3.351032163829114,0.5,1,0.5,0.3,0.7,0.0,0.0,0.0
28.55000000000027,20.975000000000094,24.299999999999905,24.294983187761066,3.351032163829114,0.5,2,0.9,0.7,1.1,0.2222222222222222,0.056666666666666664,15.0
28.55000000000027,20.975000000000094,24.299999999999905,24.294983187761066,3.351032163829114,0.5,3,1.3,1.1,1.5,0.35,0.08925,15.0
28.55000000000027,20.975000000000094,24.299999999999905,24.294983187761066,3.351032163829114,0.5,4,1.7000000000000002,1.5000000000000002,1.9000000000000001,0.35555555555555557,0.09066666666666667,15.0
28.55000000000027,20.975000000000094,24.299999999999905,24.294983187761066,3.351032163829114,0.5,5,2.1,1.9000000000000001,2.3000000000000003,0.15217391304347827,0.03880434782608696,15.0
28.55000000000027,20.975000000000094,24.299999999999905,24.294983187761066,3.351032163829114,0.5,6,2.5,2.3,2.7,0.3488372093023256,0.08895348837209302,15.0
28.55000000000027,21.000000000000092,24.299999999999905,24.294983187761066,3.351032163829114,0.5,1,0.5,0.3,0.7,0.0,0.0,0.0
28.55000000000027,21.000000000000092,24.299999999999905,24.294983187761066,3.351032163829114,0.5,2,0.9,0.7,1.1,0.2222222222222222,0.056666666666666664,15.0
28.55000000000027,21.000000000000092,24.299999999999905,24.294983187761066,3.351032163829114,0.5,3,1.3,1.1,1.5,0.375,0.095625,15.0
28.55000000000027,21.000000000000092,24.299999999999905,24.294983187761066,3.351032163829114,0.5,4,1.7000000000000002,1.5000000000000002,1.9000000000000001,0.35555555555555557,0.09066666666666667,15.0
28.55000000000027,21.000000000000092,24.299999999999905,24.294983187761066,3.351032163829114,0.5,5,2.1,1.9000000000000001,2.3000000000000003,0.15217391304347827,0.03880434782608696,15.0
28.55000000000027,21.000000000000092,24.299999999999905,24.294983187761066,3.351032163829114,0.5,6,2.5,2.3,2.7,0.27906976744186046,0.07116279069767442,15.0
28.55000000000027,21.02500000000009,24.299999999999905,24.294983187761066,3.351032163829114,0.5,1,0.5,0.3,0.7,0.0,0.0,0.0
28.55000000000027,21.02500000000009,24.299999999999905,24.294983187761066,3.351032163829114,0.5,2,0.9,0.7,1.1,0.19444444444444445,0.04958333333333333,15.0
28.55000000000027,21.02500000000009,24.299999999999905,24.294983187761066,3.351032163829114,0.5,3,1.3,1.1,1.5,0.35,0.08925,15.0
28.55000000000027,21.02500000000009,24.299999999999905,24.294983187761066,3.351032163829114,0.5,4,1.7000000000000002,1.5000000000000002,1.9000000000000001,0.35555555555555557,0.09066666666666667,15.0
28.55000000000027,21.02500000000009,24.299999999999905,24.294983187761066,3.351032163829114,0.5,5,2.1,1.9000000000000001,2.3000000000000003,0.15217391304347827,0.03880434782608696,15.0
28.55000000000027,21.02500000000009,24.299999999999905,24.294983187761066,3.351032163829114,0.5,6,2.5,2.3,2.7,0.37209302325581395,0.09488372093023256,15.0
28.55000000000027,21.05000000000009,24.299999999999905,24.294983187761066,3.351032163829114,0.5,1,0.5,0.3,0.7,0.0,0.0,0.0
28.55000000000027,21.05000000000009,24.299999999999905,24.294983187761066,3.351032163829114,0.5,2,0.9,0.7,1.1,0.2222222222222222,0.056666666666666664,15.0
28.55000000000027,21.05000000000009,24.299999999999905,24.294983187761066,3.351032163829114,0.5,3,1.3,1.1,1.5,0.375,0.095625,15.0
28.55000000000027,21.05000000000009,24.299999999999905,24.294983187761066,3.351032163829114,0.5,4,1.7000000000000002,1.5000000000000002,1.9000000000000001,0.3333333333333333,0.08499999999999999,15.0
28.55000000000027,21.05000000000009,24.299999999999905,24.294983187761066,3.351032163829114,0.5,5,2.1,1.9000000000000001,2.3000000000000003,0.17391304347826086,0.04434782608695652,15.0
28.55000000000027,21.05000000000009,24.299999999999905,24.294983187761066,3.351032163829114,0.5,6,2.5,2.3,2.7,0.32558139534883723,0.08302325581395349,15.0
28.55000000000027,21.075000000000088,24.299999999999905,24.294983187761066,3.351032163829114,0.5,1,0.5,0.3,0.7,0.0,0.0,0.0
28.55000000000027,21.075000000000088,24.299999999999905,24.294983187761066,3.351032163829114,0.5,2,0.9,0.7,1.1,0.16666666666666666,0.042499999999999996,15.0
28.55000000000027,21.075000000000088,24.299999999999905,24.294983187761066,3.351032163829114,0.5,3,1.3,1.1,1.5,0.275,0.070125,15.0
28.55000000000027,21.075000000000088,24.299999999999905,24.294983187761066,3.351032163829114,0.5,4,1.7000000000000002,1.5000000000000002,1.9000000000000001,0.26666666666666666,0.068,15.0
28.55000000000027,21.075000000000088,24.299999999999905,24.294983187761066,3.351032163829114,0.5,5,2.1,1.9000000000000001,2.3000000000000003,0.13043478260869565,0.03326086956521739,15.0
28.55000000000027,21.075000000000088,24.299999999999905,24.294983187761066,3.351032163829114,0.5,6,2.5,2.3,2.7,0.3488372093023256,0.08895348837209302,15.0
28.55000000000027,21.100000000000087,24.299999999999905,24.294983187761066,3.351032163829114,0.5,1,0.5,0.3,0.7,0.0,0.0,0.0
28.55000000000027,21.100000000000087,24.299999999999905,24.294983187761066,3.351032163829114,0.5,2,0.9,0.7,1.1,0.16666666666666666,0.042499999999999996,15.0
28.55000000000027,21.100000000000087,24.299999999999905,24.294983187761066,3.351032163829114,0.5,3,1.3,1.1,1.5,0.225,0.057375,15.0
28.55000000000027,21.100000000000087,24.299999999999905,24.294983187761066,3.351032163829114,0.5,4,1.7000000000000002,1.5000000000000002,1.9000000000000001,0.26666666666666666,0.068,15.0
28.55000000000027,21.100000000000087,24.299999999999905,24.294983187761066,3.351032163829114,0.5,5,2.1,1.9000000000000001,2.3000000000000003,0.13043478260869565,0.03326086956521739,15.0
28.55000000000027,21.100000000000087,24.299999999999905,24.294983187761066,3.351032163829114,0.5,6,2.5,2.3,2.7,0.20930232558139536,0.053372093023255816,15.0
28.55000000000027,21.125000000000085,24.299999999999905,24.294983187761066,3.351032163829114,0.5,1,0.5,0.3,0.7,0.0,0.0,0.0
28.55000000000027,21.125000000000085,24.299999999999905,24.294983187761066,3.351032163829114,0.5,2,0.9,0.7,1.1,0.1111111111111111,0.028333333333333332,15.0
28.55000000000027,21.125000000000085,24.299999999999905,24.294983187761066,3.351032163829114,0.5,3,1.3,1.1,1.5,0.15,0.03825,15.0
28.55000000000027,21.125000000000085,24.299999999999905,24.294983187761066,3.351032163829114,0.5,4,1.7000000000000002,1.5000000000000002,1.9000000000000001,0.2222222222222222,0.056666666666666664,15.0
28.55000000000027,21.125000000000085,24.299999999999905,24.294983187761066,3.351032163829114,0.5,5,2.1,1.9000000000000001,2.3000000000000003,0.10869565217391304,0.027717391304347826,15.0
28.55000000000027,21.125000000000085,24.299999999999905,24.294983187761066,3.351032163829114,0.5,6,2.5,2.3,2.7,0.20930232558139536,0.053372093023255816,15.0
28.55000000000027,21.150000000000084,24.299999999999905,24.294983187761066,3.351032163829114,0.5,1,0.5,0.3,0.7,0.0,0.0,0.0
28.55000000000027,21.150000000000084,24.299999999999905,24.294983187761066,3.351032163829114,0.5,2,0.9,0.7,1.1,0.08333333333333333,0.021249999999999998,15.0
28.55000000000027,21.150000000000084,24.299999999999905,24.294983187761066,3.351032163829114,0.5,3,1.3,1.1,1.5,0.15,0.03825,15.0
28.55000000000027,21.150000000000084,24.299999999999905,24.294983187761066,3.351032163829114,0.5,4,1.7000000000000002,1.5000000000000002,1.9000000000000001,0.17777777777777778,0.04533333333333334,15.0
28.55000000000027,21.150000000000084,24.299999999999905,24.294983187761066,3.351032163829114,0.5,5,2.1,1.9000000000000001,2.3000000000000003,0.043478260869565216,0.01108695652173913,15.0
28.55000000000027,21.150000000000084,24.299999999999905,24.294983187761066,3.351032163829114,0.5,6,2.5,2.3,2.7,0.06976744186046512,0.017790697674418605,15.0
28.55000000000027,21.175000000000082,24.299999999999905,24.294983187761066,3.351032163829114,0.5,1,0.5,0.3,0.7,0.0,0.0,0.0
28.55000000000027,21.175000000000082,24.299999999999905,24.294983187761066,3.351032163829114,0.5,2,0.9,0.7,1.1,0.05555555555555555,0.014166666666666666,15.0
28.55000000000027,21.175000000000082,24.299999999999905,24.294983187761066,3.351032163829114,0.5,3,1.3,1.1,1.5,0.075,0.019125,15.0
28.55000000000027,21.175000000000082,24.299999999999905,24.294983187761066,3.351032163829114,0.5,4,1.7000000000000002,1.5000000000000002,1.9000000000000001,0.06666666666666667,0.017,15.0
28.55000000000027,21.175000000000082,24.299999999999905,24.294983187761066,3.351032163829114,0.5,5,2.1,1.9000000000000001,2.3000000000000003,0.021739130434782608,0.005543478260869565,15.0
28.55000000000027,21.175000000000082,24.299999999999905,24.294983187761066,3.351032163829114,0.5,6,2.5,2.3,2.7,0.046511627906976744,0.01186046511627907,15.0
28.55000000000027,21.20000000000008,24.299999999999905,24.294983187761066,3.351032163829114,0.5,1,0.5,0.3,0.7,0.0,0.0,0.0
28.55000000000027,21.20000000000008,24.299999999999905,24.294983187761066,3.351032163829114,0.5,2,0.9,0.7,1.1,0.0,0.0,0.0
28.55000000000027,21.20000000000008,24.299999999999905,24.294983187761066,3.351032163829114,0.5,3,1.3,1.1,1.5,0.0,0.0,0.0
28.55000000000027,21.20000000000008,24.299999999999905,24.294983187761066,3.351032163829114,0.5,4,1.7000000000000002,1.5000000000000002,1.9000000000000001,0.0,0.0,0.0
28.55000000000027,21.20000000000008,24.299999999999905,24.294983187761066,3.351032163829114,0.5,5,2.1,1.9000000000000001,2.3000000000000003,0.0,0.0,0.0
28.55000000000027,21.20000000000008,24.299999999999905,24.294983187761066,3.351032163829114,0.5,6,2.5,2.3,2.7,0.0,0.0,0.0
28.55000000000027,21.22500000000008,24.299999999999905,24.294983187761066,3.351032163829114,0.5,1,0.5,0.3,0.7,0.0,0.0,0.0
28.55000000000027,21.22500000000008,24.299999999999905,24.294983187761066,3.351032163829114,0.5,2,0.9,0.7,1.1,0.0,0.0,0.0
28.55000000000027,21.22500000000008,24.299999999999905,24.294983187761066,3.351032163829114,0.5,3,1.3,1.1,1.5,0.0,0.0,0.0
28.55000000000027,21.22500000000008,24.299999999999905,24.294983187761066,3.351032163829114,0.5,4,1.7000000000000002,1.5000000000000002,1.9000000000000001,0.0,0.0,0.0
28.55000000000027,21.22500000000008,24.299999999999905,24.294983187761066,3.351032163829114,0.5,5,2.1,1.9000000000000001,2.3000000000000003,0.0,0.0,0.0
28.55000000000027,21.22500000000008,24.299999999999905,24.294983187761066,3.351032163829114,0.5,6,2.5,2.3,2.7,0.0,0.0,0.0
28.55000000000027,21.250000000000078,24.299999999999905,24.294983187761066,3.351032163829114,0.5,1,0.5,0.3,0.7,0.0,0.0,0.0
28.55000000000027,21.250000000000078,24.299999999999905,24.294983187761066,3.351032163829114,0.5,2,0.9,0.7,1.1,0.0,0.0,0.0
28.55000000000027,21.250000000000078,24.299999999999905,24.294983187761066,3.351032163829114,0.5,3,1.3,1.1,1.5,0.0,0.0,0.0
28.55000000000027,21.250000000000078,24.299999999999905,24.294983187761066,3.351032163829114,0.5,4,1.7000000000000002,1.5000000000000002,1.9000000000000001,0.0,0.0,0.0
28.55000000000027,21.250000000000078,24.299999999999905,24.294983187761066,3.351032163829114,0.5,5,2.1,1.9000000000000001,2.3000000000000003,0.0,0.0,0.0
28.55000000000027,21.250000000000078,24.299999999999905,24.294983187761066,3.351032163829114,0.5,6,2.5,2.3,2.7,0.0,0.0,0.0
28.55000000000027,21.275000000000077,24.299999999999905,24.294983187761066,3.351032163829114,0.5,1,0.5,0.3,0.7,0.0,0.0,0.0
28.55000000000027,21.275000000000077,24.299999999999905,24.294983187761066,3.351032163829114,0.5,2,0.9,0.7,1.1,0.0,0.0,0.0
28.55000000000027,21.275000000000077,24.299999999999905,24.294983187761066,3.351032163829114,0.5,3,1.3,1.1,1.5,0.0,0.0,0.0
28.55000000000027,21.275000000000077,24.299999999999905,24.294983187761066,3.351032163829114,0.5,4,1.7000000000000002,1.5000000000000002,1.9000000000000001,0.0,0.0,0.0
28.55000000000027,21.275000000000077,24.299999999999905,24.294983187761066,3.351032163829114,0.5,5,2.1,1.9000000000000001,2.3000000000000003,0.0,0.0,0.0
28.55000000000027,21.275000000000077,24.299999999999905,24.294983187761066,3.351032163829114,0.5,6,2.5,2.3,2.7,0.0,0.0,0.0
28.55000000000027,21.300000000000075,24.299999999999905,24.294983187761066,3.351032163829114,0.5,1,0.5,0.3,0.7,0.0,0.0,0.0
28.55000000000027,21.300000000000075,24.299999999999905,24.294983187761066,3.351032163829114,0.5,2,0.9,0.7,1.1,0.0,0.0,0.0
28.55000000000027,21.300000000000075,24.299999999999905,24.294983187761066,3.351032163829114,0.5,3,1.3,1.1,1.5,0.0,0.0,0.0
28.55000000000027,21.300000000000075,24.299999999999905,24.294983187761066,3.351032163829114,0.5,4,1.7000000000000002,1.5000000000000002,1.9000000000000001,0.0,0.0,0.0
28.55000000000027,21.300000000000075,24.299999999999905,24.294983187761066,3.351032163829114,0.5,5,2.1,1.9000000000000001,2.3000000000000003,0.0,0.0,0.0
28.55000000000027,21.300000000000075,24.299999999999905,24.294983187761066,3.351032163829114,0.5,6,2.5,2.3,2.7,0.0,0.0,0.0
28.55000000000027,21.325000000000074,24.299999999999905,24.294983187761066,3.351032163829114,0.5,1,0.5,0.3,0.7,0.0,0.0,0.0
28.55000000000027,21.325000000000074,24.299999999999905,24.294983187761066,3.351032163829114,0.5,2,0.9,0.7,1.1,0.0,0.0,0.0
28.55000000000027,21.325000000000074,24.299999999999905,24.294983187761066,3.351032163829114,0.5,3,1.3,1.1,1.5,0.0,0.0,0.0
28.55000000000027,21.325000000000074,24.299999999999905,24.294983187761066,3.351032163829114,0.5,4,1.7000000000000002,1.5000000000000002,1.9000000000000001,0.0,0.0,0.0
28.55000000000027,21.325000000000074,24.299999999999905,24.294983187761066,3.351032163829114,0.5,5,2.1,1.9000000000000001,2.3000000000000003,0.0,0.0,0.0
28.55000000000027,21.325000000000074,24.299999999999905,24.294983187761066,3.351032163829114,0.5,6,2.5,2.3,2.7,0.0,0.0,0.0
28.55000000000027,21.350000000000072,24.299999999999905,24.294983187761066,3.351032163829114,0.5,1,0.5,0.3,0.7,0.0,0.0,0.0
28.55000000000027,21.350000000000072,24.299999999999905,24.294983187761066,3.351032163829114,0.5,2,0.9,0.7,1.1,0.0,0.0,0.0
28.55000000000027,21.350000000000072,24.299999999999905,24.294983187761066,3.351032163829114,0.5,3,1.3,1.1,1.5,0.0,0.0,0.0
28.55000000000027,21.350000000000072,24.299999999999905,24.294983187761066,3.351032163829114,0.5,4,1.7000000000000002,1.5000000000000002,1.9000000000000001,0.0,0.0,0.0
28.55000000000027,21.350000000000072,24.299999999999905,24.294983187761066,3.351032163829114,0.5,5,2.1,1.9000000000000001,2.3000000000000003,0.0,0.0,0.0
28.55000000000027,21.350000000000072,24.299999999999905,24.294983187761066,3.351032163829114,0.5,6,2.5,2.3,2.7,0.0,0.0,0.0
29.400000000000283,21.37500000000007,24.72499999999988,24.713862208239703,3.3510321638291103,0.5,1,0.5,0.3,0.7,0.0,0.0,0.0
29.400000000000283,21.37500000000007,24.72499999999988,24.713862208239703,3.3510321638291103,0.5,2,0.9,0.7,1.1,0.0,0.0,0.0
29.400000000000283,21.37500000000007,24.72499999999988,24.713862208239703,3.3510321638291103,0.5,3,1.3,1.1,1.5,0.0,0.0,0.0
29.400000000000283,21.37500000000007,24.72499999999988,24.713862208239703,3.3510321638291103,0.5,4,1.7000000000000002,1.5000000000000002,1.9000000000000001,0.0,0.0,0.0
29.400000000000283,21.37500000000007,24.72499999999988,24.713862208239703,3.3510321638291103,0.5,5,2.1,1.9000000000000001,2.3000000000000003,0.0,0.0,0.0
29.400000000000283,21.37500000000007,24.72499999999988,24.713862208239703,3.3510321638291103,0.5,6,2.5,2.3,2.7,0.0,0.0,0.0
29.400000000000283,21.40000000000007,24.72499999999988,24.713862208239703,3.3510321638291103,0.5,1,0.5,0.3,0.7,0.0,0.0,0.0
29.400000000000283,21.40000000000007,24.72499999999988,24.713862208239703,3.3510321638291103,0.5,2,0.9,0.7,1.1,0.0,0.0,0.0
29.400000000000283,21.40000000000007,24.72499999999988,24.713862208239703,3.3510321638291103,0.5,3,1.3,1.1,1.5,0.0,0.0,0.0
29.400000000000283,21.40000000000007,24.72499999999988,24.713862208239703,3.3510321638291103,0.5,4,1.7000000000000002,1.5000000000000002,1.9000000000000001,0.0,0.0,0.0
29.400000000000283,21.40000000000007,24.72499999999988,24.713862208239703,3.3510321638291103,0.5,5,2.1,1.9000000000000001,2.3000000000000003,0.0,0.0,0.0
29.400000000000283,21.40000000000007,24.72499999999988,24.713862208239703,3.3510321638291103,0.5,6,2.5,2.3,2.7,0.0,0.0,0.0
29.400000000000283,21.425000000000068,24.72499999999988,24.713862208239703,3.3510321638291103,0.5,1,0.5,0.3,0.7,0.0,0.0,0.0
29.400000000000283,21.425000000000068,24.72499999999988,24.713862208239703,3.3510321638291103,0.5,2,0.9,0.7,1.1,0.0,0.0,0.0
29.400000000000283,21.425000000000068,24.72499999999988,24.713862208239703,3.3510321638291103,0.5,3,1.3,1.1,1.5,0.0,0.0,0.0
29.400000000000283,21.425000000000068,24.72499999999988,24.713862208239703,3.3510321638291103,0.5,4,1.7000000000000002,1.5000000000000002,1.9000000000000001,0.0,0.0,0.0
29.400000000000283,21.425000000000068,24.72499999999988,24.713862208239703,3.3510321638291103,0.5,5,2.1,1.9000000000000001,2.3000000000000003,0.0,0.0,0.0
29.400000000000283,21.425000000000068,24.72499999999988,24.713862208239703,3.3510321638291103,0.5,6,2.5,2.3,2.7,0.0,0.0,0.0
29.400000000000283,21.450000000000067,24.72499999999988,24.713862208239703,3.3510321638291103,0.5,1,0.5,0.3,0.7,0.0,0.0,0.0
29.400000000000283,21.450000000000067,24.72499999999988,24.713862208239703,3.3510321638291103,0.5,2,0.9,0.7,1.1,0.0,0.0,0.0
29.400000000000283,21.450000000000067,24.72499999999988,24.713862208239703,3.3510321638291103,0.5,3,1.3,1.1,1.5,0.0,0.0,0.0
29.400000000000283,21.450000000000067,24.72499999999988,24.713862208239703,3.3510321638291103,0.5,4,1.7000000000000002,1.5000000000000002,1.9000000000000001,0.0,0.0,0.0
29.400000000000283,21.450000000000067,24.72499999999988,24.713862208239703,3.3510321638291103,0.5,5,2.1,1.9000000000000001,2.3000000000000003,0.0,0.0,0.0
29.400000000000283,21.450000000000067,24.72499999999988,24.713862208239703,3.3510321638291103,0.5,6,2.5,2.3,2.7,0.0,0.0,0.0
29.400000000000283,21.475000000000065,24.72499999999988,24.713862208239703,3.3510321638291103,0.5,1,0.5,0.3,0.7,0.0,0.0,0.0
29.400000000000283,21.475000000000065,24.72499999999988,24.713862208239703,3.3510321638291103,0.5,2,0.9,0.7,1.1,0.0,0.0,0.0
29.400000000000283,21.475000000000065,24.72499999999988,24.713862208239703,3.3510321638291103,0.5,3,1.3,1.1,1.5,0.0,0.0,0.0
29.400000000000283,21.475000000000065,24.72499999999988,24.713862208239703,3.3510321638291103,0.5,4,1.7000000000000002,1.5000000000000002,1.9000000000000001,0.0,0.0,0.0
29.400000000000283,21.475000000000065,24.72499999999988,24.713862208239703,3.3510321638291103,0.5,5,2.1,1.9000000000000001,2.3000000000000003,0.0,0.0,0.0
29.400000000000283,21.475000000000065,24.72499999999988,24.713862208239703,3.3510321638291103,0.5,6,2.5,2.3,2.7,0.0,0.0,0.0
29.400000000000283,21.500000000000064,24.72499999999988,24.713862208239703,3.3510321638291103,0.5,1,0.5,0.3,0.7,0.0,0.0,0.0
29.400000000000283,21.500000000000064,24.72499999999988,24.713862208239703,3.3510321638291103,0.5,2,0.9,0.7,1.1,0.0,0.0,0.0
29.400000000000283,21.500000000000064,24.72499999999988,24.713862208239703,3.3510321638291103,0.5,3,1.3,1.1,1.5,0.0,0.0,0.0
29.400000000000283,21.500000000000064,24.72499999999988,24.713862208239703,3.3510321638291103,0.5,4,1.7000000000000002,1.5000000000000002,1.9000000000000001,0.0,0.0,0.0
29.400000000000283,21.500000000000064,24.72499999999988,24.713862208239703,3.3510321638291103,0.5,5,2.1,1.9000000000000001,2.3000000000000003,0.0,0.0,0.0
29.400000000000283,21.500000000000064,24.72499999999988,24.713862208239703,3.3510321638291103,0.5,6,2.5,2.3,2.7,0.0,0.0,0.0
29.400000000000283,21.525000000000063,24.72499999999988,24.713862208239703,3.3510321638291103,0.5,1,0.5,0.3,0.7,0.0,0.0,0.0
29.400000000000283,21.525000000000063,24.72499999999988,24.713862208239703,3.3510321638291103,0.5,2,0.9,0.7,1.1,0.0,0.0,0.0
29.400000000000283,21.525000000000063,24.72499999999988,24.713862208239703,3.3510321638291103,0.5,3,1.3,1.1,1.5,0.0,0.0,0.0
29.400000000000283,21.525000000000063,24.72499999999988,24.713862208239703,3.3510321638291103,0.5,4,1.7000000000000002,1.5000000000000002,1.9000000000000001,0.0,0.0,0.0
29.400000000000283,21.525000000000063,24.72499999999988,24.713862208239703,3.3510321638291103,0.5,5,2.1,1.9000000000000001,2.3000000000000003,0.0,0.0,0.0
29.400000000000283,21.525000000000063,24.72499999999988,24.713862208239703,3.3510321638291103,0.5,6,2.5,2.3,2.7,0.0,0.0,0.0
29.400000000000283,21.55000000000006,24.72499999999988,24.713862208239703,3.3510321638291103,0.5,1,0.5,0.3,0.7,0.0,0.0,0.0
29.400000000000283,21.55000000000006,24.72499999999988,24.713862208239703,3.3510321638291103,0.5,2,0.9,0.7,1.1,0.0,0.0,0.0
29.400000000000283,21.55000000000006,24.72499999999988,24.713862208239703,3.3510321638291103,0.5,3,1.3,1.1,1.5,0.0,0.0,0.0
29.400000000000283,21.55000000000006,24.72499999999988,24.713862208239703,3.3510321638291103,0.5,4,1.7000000000000002,1.5000000000000002,1.9000000000000001,0.0,0.0,0.0
29.400000000000283,21.55000000000006,24.72499999999988,24.713862208239703,3.3510321638291103,0.5,5,2.1,1.9000000000000001,2.3000000000000003,0.0,0.0,0.0
29.400000000000283,21.55000000000006,24.72499999999988,24.713862208239703,3.3510321638291103,0.5,6,2.5,2.3,2.7,0.0,0.0,0.0
29.400000000000283,21.57500000000006,24.72499999999988,24.713862208239703,3.3510321638291103,0.5,1,0.5,0.3,0.7,0.0,0.0,0.0
29.400000000000283,21.57500000000006,24.72499999999988,24.713862208239703,3.3510321638291103,0.5,2,0.9,0.7,1.1,0.0,0.0,0.0
29.400000000000283,21.57500000000006,24.72499999999988,24.713862208239703,3.3510321638291103,0.5,3,1.3,1.1,1.5,0.0,0.0,0.0
29.400000000000283,21.57500000000006,24.72499999999988,24.713862208239703,3.3510321638291103,0.5,4,1.7000000000000002,1.5000000000000002,1.9000000000000001,0.0,0.0,0.0
29.400000000000283,21.57500000000006,24.72499999999988,24.713862208239703,3.3510321638291103,0.5,5,2.1,1.9000000000000001,2.3000000000000003,0.0,0.0,0.0
29.400000000000283,21.57500000000006,24.72499999999988,24.713862208239703,3.3510321638291103,0.5,6,2.5,2.3,2.7,0.0,0.0,0.0
29.400000000000283,21.60000000000006,24.72499999999988,24.713862208239703,3.3510321638291103,0.5,1,0.5,0.3,0.7,0.0,0.0,0.0
29.400000000000283,21.60000000000006,24.72499999999988,24.713862208239703,3.3510321638291103,0.5,2,0.9,0.7,1.1,0.0,0.0,0.0
29.400000000000283,21.60000000000006,24.72499999999988,24.713862208239703,3.3510321638291103,0.5,3,1.3,1.1,1.5,0.0,0.0,0.0
29.400000000000283,21.60000000000006,24.72499999999988,24.713862208239703,3.3510321638291103,0.5,4,1.7000000000000002,1.5000000000000002,1.9000000000000001,0.0,0.0,0.0
29.400000000000283,21.60000000000006,24.72499999999988,24.713862208239703,3.3510321638291103,0.5,5,2.1,1.9000000000000001,2.3000000000000003,0.0,0.0,0.0
29.400000000000283,21.60000000000006,24.72499999999988,24.713862208239703,3.3510321638291103,0.5,6,2.5,2.3,2.7,0.0,0.0,0.0
29.400000000000283,21.625000000000057,24.72499999999988,24.713862208239703,3.3510321638291103,0.5,1,0.5,0.3,0.7,0.0,0.0,0.0
29.400000000000283,21.625000000000057,24.72499999999988,24.713862208239703,3.3510321638291103,0.5,2,0.9,0.7,1.1,0.0,0.0,0.0
29.400000000000283,21.625000000000057,24.72499999999988,24.713862208239703,3.3510321638291103,0.5,3,1.3,1.1,1.5,0.0,0.0,0.0
29.400000000000283,21.625000000000057,24.72499999999988,24.713862208239703,3.3510321638291103,0.5,4,1.7000000000000002,1.5000000000000002,1.9000000000000001,0.0,0.0,0.0
29.400000000000283,21.625000000000057,24.72499999999988,24.713862208239703,3.3510321638291103,0.5,5,2.1,1.9000000000000001,2.3000000000000003,0.0,0.0,0.0
29.400000000000283,21.625000000000057,24.72499999999988,24.713862208239703,3.3510321638291103,0.5,6,2.5,2.3,2.7,0.0,0.0,0.0
29.400000000000283,21.650000000000055,24.72499999999988,24.713862208239703,3.3510321638291103,0.5,1,0.5,0.3,0.7,0.0,0.0,0.0
29.400000000000283,21.650000000000055,24.72499999999988,24.713862208239703,3.3510321638291103,0.5,2,0.9,0.7,1.1,0.0,0.0,0.0
29.400000000000283,21.650000000000055,24.72499999999988,24.713862208239703,3.3510321638291103,0.5,3,1.3,1.1,1.5,0.0,0.0,0.0
29.400000000000283,21.650000000000055,24.72499999999988,24.713862208239703,3.3510321638291103,0.5,4,1.7000000000000002,1.5000000000000002,1.9000000000000001,0.0,0.0,0.0
29.400000000000283,21.650000000000055,24.72499999999988,24.713862208239703,3.3510321638291103,0.5,5,2.1,1.9000000000000001,2.3000000000000003,0.0,0.0,0.0
29.400000000000283,21.650000000000055,24.72499999999988,24.713862208239703,3.3510321638291103,0.5,6,2.5,2.3,2.7,0.0,0.0,0.0
29.400000000000283,21.675000000000054,24.72499999999988,24.713862208239703,3.3510321638291103,0.5,1,0.5,0.3,0.7,0.0,0.0,0.0
29.400000000000283,21.675000000000054,24.72499999999988,24.713862208239703,3.3510321638291103,0.5,2,0.9,0.7,1.1,0.0,0.0,0.0
29.400000000000283,21.675000000000054,24.72499999999988,24.713862208239703,3.3510321638291103,0.5,3,1.3,1.1,1.5,0.0,0.0,0.0
29.400000000000283,21.675000000000054,24.72499999999988,24.713862208239703,3.3510321638291103,0.5,4,1.7000000000000002,1.5000000000000002,1.9000000000000001,0.0,0.0,0.0
29.400000000000283,21.675000000000054,24.72499999999988,24.713862208239703,3.3510321638291103,0.5,5,2.1,1.9000000000000001,2.3000000000000003,0.0,0.0,0.0
29.400000000000283,21.675000000000054,24.72499999999988,24.713862208239703,3.3510321638291103,0.5,6,2.5,2.3,2.7,0.0,0.0,0.0
29.400000000000283,21.700000000000053,24.72499999999988,24.713862208239703,3.3510321638291103,0.5,1,0.5,0.3,0.7,0.0,0.0,0.0
29.400000000000283,21.700000000000053,24.72499999999988,24.713862208239703,3.3510321638291103,0.5,2,0.9,0.7,1.1,0.0,0.0,0.0
29.400000000000283,21.700000000000053,24.72499999999988,24.713862208239703,3.3510321638291103,0.5,3,1.3,1.1,1.5,0.0,0.0,0.0
29.400000000000283,21.700000000000053,24.72499999999988,24.713862208239703,3.3510321638291103,0.5,4,1.7000000000000002,1.5000000000000002,1.9000000000000001,0.0,0.0,0.0
29.400000000000283,21.700000000000053,24.72499999999988,24.713862208239703,3.3510321638291103,0.5,5,2.1,1.9000000000000001,2.3000000000000003,0.0,0.0,0.0
29.400000000000283,21.700000000000053,24.72499999999988,24.713862208239703,3.3510321638291103,0.5,6,2.5,2.3,2.7,0.0,0.0,0.0
29.400000000000283,21.72500000000005,24.72499999999988,24.713862208239703,3.3510321638291103,0.5,1,0.5,0.3,0.7,0.0,0.0,0.0
29.400000000000283,21.72500000000005,24.72499999999988,24.713862208239703,3.3510321638291103,0.5,2,0.9,0.7,1.1,0.0,0.0,0.0
29.400000000000283,21.72500000000005,24.72499999999988,24.713862208239703,3.3510321638291103,0.5,3,1.3,1.1,1.5,0.0,0.0,0.0
29.400000000000283,21.72500000000005,24.72499999999988,24.713862208239703,3.3510321638291103,0.5,4,1.7000000000000002,1.5000000000000002,1.9000000000000001,0.0,0.0,0.0
29.400000000000283,21.72500000000005,24.72499999999988,24.713862208239703,3.3510321638291103,0.5,5,2.1,1.9000000000000001,2.3000000000000003,0.0,0.0,0.0
29.400000000000283,21.72500000000005,24.72499999999988,24.713862208239703,3.3510321638291103,0.5,6,2.5,2.3,2.7,0.0,0.0,0.0
29.400000000000283,21.75000000000005,24.72499999999988,24.713862208239703,3.3510321638291103,0.5,1,0.5,0.3,0.7,0.0,0.0,0.0
29.400000000000283,21.75000000000005,24.72499999999988,24.713862208239703,3.3510321638291103,0.5,2,0.9,0.7,1.1,0.0,0.0,0.0
29.400000000000283,21.75000000000005,24.72499999999988,24.713862208239703,3.3510321638291103,0.5,3,1.3,1.1,1.5,0.0,0.0,0.0
29.400000000000283,21.75000000000005,24.72499999999988,24.713862208239703,3.3510321638291103,0.5,4,1.7000000000000002,1.5000000000000002,1.9000000000000001,0.0,0.0,0.0
29.400000000000283,21.75000000000005,24.72499999999988,24.713862208239703,3.3510321638291103,0.5,5,2.1,1.9000000000000001,2.3000000000000003,0.0,0.0,0.0
29.400000000000283,21.75000000000005,24.72499999999988,24.713862208239703,3.3510321638291103,0.5,6,2.5,2.3,2.7,0.0,0.0,0.0
29.400000000000283,21.77500000000005,24.72499999999988,24.713862208239703,3.3510321638291103,0.5,1,0.5,0.3,0.7,0.0,0.0,0.0
29.400000000000283,21.77500000000005,24.72499999999988,24.713862208239703,3.3510321638291103,0.5,2,0.9,0.7,1.1,0.0,0.0,0.0
29.400000000000283,21.77500000000005,24.72499999999988,24.713862208239703,3.3510321638291103,0.5,3,1.3,1.1,1.5,0.0,0.0,0.0
29.400000000000283,21.77500000000005,24.72499999999988,24.713862208239703,3.3510321638291103,0.5,4,1.7000000000000002,1.5000000000000002,1.9000000000000001,0.0,0.0,0.0
29.400000000000283,21.77500000000005,24.72499999999988,24.713862208239703,3.3510321638291103,0.5,5,2.1,1.9000000000000001,2.3000000000000003,0.0,0.0,0.0
29.400000000000283,21.77500000000005,24.72499999999988,24.713862208239703,3.3510321638291103,0.5,6,2.5,2.3,2.7,0.0,0.0,0.0
30.250000000000295,21.800000000000047,25.149999999999856,25.132741228718345,3.351032163829114,0.5,1,0.5,0.3,0.7,0.0,0.0,0.0
30.250000000000295,21.800000000000047,25.149999999999856,25.132741228718345,3.351032163829114,0.5,2,0.9,0.7,1.1,0.0,0.0,0.0
30.250000000000295,21.800000000000047,25.149999999999856,25.132741228718345,3.351032163829114,0.5,3,1.3,1.1,1.5,0.0,0.0,0.0
30.250000000000295,21.800000000000047,25.149999999999856,25.132741228718345,3.351032163829114,0.5,4,1.7000000000000002,1.5000000000000002,1.9000000000000001,0.0,0.0,0.0
30.250000000000295,21.800000000000047,25.149999999999856,25.132741228718345,3.351032163829114,0.5,5,2.1,1.9000000000000001,2.3000000000000003,0.0,0.0,0.0
30.250000000000295,21.800000000000047,25.149999999999856,25.132741228718345,3.351032163829114,0.5,6,2.5,2.3,2.7,0.0,0.0,0.0
30.250000000000295,21.825000000000045,25.149999999999856,25.132741228718345,3.351032163829114,0.5,1,0.5,0.3,0.7,0.0,0.0,0.0
30.250000000000295,21.825000000000045,25.149999999999856,25.132741228718345,3.351032163829114,0.5,2,0.9,0.7,1.1,0.0,0.0,0.0
30.250000000000295,21.825000000000045,25.149999999999856,25.132741228718345,3.351032163829114,0.5,3,1.3,1.1,1.5,0.0,0.0,0.0
30.250000000000295,21.825000000000045,25.149999999999856,25.132741228718345,3.351032163829114,0.5,4,1.7000000000000002,1.5000000000000002,1.9000000000000001,0.0,0.0,0.0
30.250000000000295,21.825000000000045,25.149999999999856,25.132741228718345,3.351032163829114,0.5,5,2.1,1.9000000000000001,2.3000000000000003,0.0,0.0,0.0
30.250000000000295,21.825000000000045,25.149999999999856,25.132741228718345,3.351032163829114,0.5,6,2.5,2.3,2.7,0.0,0.0,0.0
30.250000000000295,21.850000000000044,25.149999999999856,25.132741228718345,3.351032163829114,0.5,1,0.5,0.3,0.7,0.0,0.0,0.0
30.250000000000295,21.850000000000044,25.149999999999856,25.132741228718345,3.351032163829114,0.5,2,0.9,0.7,1.1,0.0,0.0,0.0
30.250000000000295,21.850000000000044,25.149999999999856,25.132741228718345,3.351032163829114,0.5,3,1.3,1.1,1.5,0.0,0.0,0.0
30.250000000000295,21.850000000000044,25.149999999999856,25.132741228718345,3.351032163829114,0.5,4,1.7000000000000002,1.5000000000000002,1.9000000000000001,0.0,0.0,0.0
30.250000000000295,21.850000000000044,25.149999999999856,25.132741228718345,3.351032163829114,0.5,5,2.1,1.9000000000000001,2.3000000000000003,0.0,0.0,0.0
30.250000000000295,21.850000000000044,25.149999999999856,25.132741228718345,3.351032163829114,0.5,6,2.5,2.3,2.7,0.0,0.0,0.0
30.250000000000295,21.875000000000043,25.149999999999856,25.132741228718345,3.351032163829114,0.5,1,0.5,0.3,0.7,0.0,0.0,0.0
30.250000000000295,21.875000000000043,25.149999999999856,25.132741228718345,3.351032163829114,0.5,2,0.9,0.7,1.1,0.0,0.0,0.0
30.250000000000295,21.875000000000043,25.149999999999856,25.132741228718345,3.351032163829114,0.5,3,1.3,1.1,1.5,0.0,0.0,0.0
30.250000000000295,21.875000000000043,25.149999999999856,25.132741228718345,3.351032163829114,0.5,4,1.7000000000000002,1.5000000000000002,1.9000000000000001,0.0,0.0,0.0
30.250000000000295,21.875000000000043,25.149999999999856,25.132741228718345,3.351032163829114,0.5,5,2.1,1.9000000000000001,2.3000000000000003,0.0,0.0,0.0
30.250000000000295,21.875000000000043,25.149999999999856,25.132741228718345,3.351032163829114,0.5,6,2.5,2.3,2.7,0.0,0.0,0.0
30.250000000000295,21.90000000000004,25.149999999999856,25.132741228718345,3.351032163829114,0.5,1,0.5,0.3,0.7,0.0,0.0,0.0
30.250000000000295,21.90000000000004,25.149999999999856,25.132741228718345,3.351032163829114,0.5,2,0.9,0.7,1.1,0.0,0.0,0.0
30.250000000000295,21.90000000000004,25.149999999999856,25.132741228718345,3.351032163829114,0.5,3,1.3,1.1,1.5,0.0,0.0,0.0
30.250000000000295,21.90000000000004,25.149999999999856,25.132741228718345,3.351032163829114,0.5,4,1.7000000000000002,1.5000000000000002,1.9000000000000001,0.0,0.0,0.0
30.250000000000295,21.90000000000004,25.149999999999856,25.132741228718345,3.351032163829114,0.5,5,2.1,1.9000000000000001,2.3000000000000003,0.0,0.0,0.0
30.250000000000295,21.90000000000004,25.149999999999856,25.132741228718345,3.351032163829114,0.5,6,2.5,2.3,2.7,0.0,0.0,0.0
30.250000000000295,21.92500000000004,25.149999999999856,25.132741228718345,3.351032163829114,0.5,1,0.5,0.3,0.7,0.0,0.0,0.0
30.250000000000295,21.92500000000004,25.149999999999856,25.132741228718345,3.351032163829114,0.5,2,0.9,0.7,1.1,0.0,0.0,0.0
30.250000000000295,21.92500000000004,25.149999999999856,25.132741228718345,3.351032163829114,0.5,3,1.3,1.1,1.5,0.0,0.0,0.0
30.250000000000295,21.92500000000004,25.149999999999856,25.132741228718345,3.351032163829114,0.5,4,1.7000000000000002,1.5000000000000002,1.9000000000000001,0.0,0.0,0.0
30.250000000000295,21.92500000000004,25.149999999999856,25.132741228718345,3.351032163829114,0.5,5,2.1,1.9000000000000001,2.3000000000000003,0.0,0.0,0.0
30.250000000000295,21.92500000000004,25.149999999999856,25.132741228718345,3.351032163829114,0.5,6,2.5,2.3,2.7,0.0,0.0,0.0
30.250000000000295,21.95000000000004,25.149999999999856,25.132741228718345,3.351032163829114,0.5,1,0.5,0.3,0.7,0.0,0.0,0.0
30.250000000000295,21.95000000000004,25.149999999999856,25.132741228718345,3.351032163829114,0.5,2,0.9,0.7,1.1,0.0,0.0,0.0
30.250000000000295,21.95000000000004,25.149999999999856,25.132741228718345,3.351032163829114,0.5,3,1.3,1.1,1.5,0.0,0.0,0.0
30.250000000000295,21.95000000000004,25.149999999999856,25.132741228718345,3.351032163829114,0.5,4,1.7000000000000002,1.5000000000000002,1.9000000000000001,0.0,0.0,0.0
30.250000000000295,21.95000000000004,25.149999999999856,25.132741228718345,3.351032163829114,0.5,5,2.1,1.9000000000000001,2.3000000000000003,0.0,0.0,0.0
30.250000000000295,21.95000000000004,25.149999999999856,25.132741228718345,3.351032163829114,0.5,6,2.5,2.3,2.7,0.0,0.0,0.0
30.250000000000295,21.975000000000037,25.149999999999856,25.132741228718345,3.351032163829114,0.5,1,0.5,0.3,0.7,0.0,0.0,0.0
30.250000000000295,21.975000000000037,25.149999999999856,25.132741228718345,3.351032163829114,0.5,2,0.9,0.7,1.1,0.0,0.0,0.0
30.250000000000295,21.975000000000037,25.149999999999856,25.132741228718345,3.351032163829114,0.5,3,1.3,1.1,1.5,0.0,0.0,0.0
30.250000000000295,21.975000000000037,25.149999999999856,25.132741228718345,3.351032163829114,0.5,4,1.7000000000000002,1.5000000000000002,1.9000000000000001,0.0,0.0,0.0
30.250000000000295,21.975000000000037,25.149999999999856,25.132741228718345,3.351032163829114,0.5,5,2.1,1.9000000000000001,2.3000000000000003,0.0,0.0,0.0
30.250000000000295,21.975000000000037,25.149999999999856,25.132741228718345,3.351032163829114,0.5,6,2.5,2.3,2.7,0.0,0.0,0.0
30.250000000000295,22.000000000000036,25.149999999999856,25.132741228718345,3.351032163829114,0.5,1,0.5,0.3,0.7,0.0,0.0,0.0
30.250000000000295,22.000000000000036,25.149999999999856,25.132741228718345,3.351032163829114,0.5,2,0.9,0.7,1.1,0.0,0.0,0.0
30.250000000000295,22.000000000000036,25.149999999999856,25.132741228718345,3.351032163829114,0.5,3,1.3,1.1,1.5,0.0,0.0,0.0
30.250000000000295,22.000000000000036,25.149999999999856,25.132741228718345,3.351032163829114,0.5,4,1.7000000000000002,1.5000000000000002,1.9000000000000001,0.0,0.0,0.0
30.250000000000295,22.000000000000036,25.149999999999856,25.132741228718345,3.351032163829114,0.5,5,2.1,1.9000000000000001,2.3000000000000003,0.0,0.0,0.0
30.250000000000295,22.000000000000036,25.149999999999856,25.132741228718345,3.351032163829114,0.5,6,2.5,2.3,2.7,0.0,0.0,0.0
30.250000000000295,22.025000000000034,25.149999999999856,25.132741228718345,3.351032163829114,0.5,1,0.5,0.3,0.7,0.0,0.0,0.0
30.250000000000295,22.025000000000034,25.149999999999856,25.132741228718345,3.351032163829114,0.5,2,0.9,0.7,1.1,0.0,0.0,0.0
30.250000000000295,22.025000000000034,25.149999999999856,25.132741228718345,3.351032163829114,0.5,3,1.3,1.1,1.5,0.0,0.0,0.0
30.250000000000295,22.025000000000034,25.149999999999856,25.132741228718345,3.351032163829114,0.5,4,1.7000000000000002,1.5000000000000002,1.9000000000000001,0.0,0.0,0.0
30.250000000000295,22.025000000000034,25.149999999999856,25.132741228718345,3.351032163829114,0.5,5,2.1,1.9000000000000001,2.3000000000000003,0.0,0.0,0.0
30.250000000000295,22.025000000000034,25.149999999999856,25.132741228718345,3.351032163829114,0.5,6,2.5,2.3,2.7,0.0,0.0,0.0
30.250000000000295,22.050000000000033,25.149999999999856,25.132741228718345,3.351032163829114,0.5,1,0.5,0.3,0.7,0.0,0.0,0.0
30.250000000000295,22.050000000000033,25.149999999999856,25.132741228718345,3.351032163829114,0.5,2,0.9,0.7,1.1,0.0,0.0,0.0
30.250000000000295,22.050000000000033,25.149999999999856,25.132741228718345,3.351032163829114,0.5,3,1.3,1.1,1.5,0.0,0.0,0.0
30.250000000000295,22.050000000000033,25.149999999999856,25.132741228718345,3.351032163829114,0.5,4,1.7000000000000002,1.5000000000000002,1.9000000000000001,0.0,0.0,0.0
30.250000000000295,22.050000000000033,25.149999999999856,25.132741228718345,3.351032163829114,0.5,5,2.1,1.9000000000000001,2.3000000000000003,0.0,0.0,0.0
30.250000000000295,22.050000000000033,25.149999999999856,25.132741228718345,3.351032163829114,0.5,6,2.5,2.3,2.7,0.0,0.0,0.0
30.250000000000295,22.07500000000003,25.149999999999856,25.132741228718345,3.351032163829114,0.5,1,0.5,0.3,0.7,0.0,0.0,0.0
30.250000000000295,22.07500000000003,25.149999999999856,25.132741228718345,3.351032163829114,0.5,2,0.9,0.7,1.1,0.0,0.0,0.0
30.250000000000295,22.07500000000003,25.149999999999856,25.132741228718345,3.351032163829114,0.5,3,1.3,1.1,1.5,0.0,0.0,0.0
30.250000000000295,22.07500000000003,25.149999999999856,25.132741228718345,3.351032163829114,0.5,4,1.7000000000000002,1.5000000000000002,1.9000000000000001,0.0,0.0,0.0
30.250000000000295,22.07500000000003,25.149999999999856,25.132741228718345,3.351032163829114,0.5,5,2.1,1.9000000000000001,2.3000000000000003,0.0,0.0,0.0
30.250000000000295,22.07500000000003,25.149999999999856,25.132741228718345,3.351032163829114,0.5,6,2.5,2.3,2.7,0.0,0.0,0.0
30.250000000000295,22.10000000000003,25.149999999999856,25.132741228718345,3.351032163829114,0.5,1,0.5,0.3,0.7,0.0,0.0,0.0
30.250000000000295,22.10000000000003,25.149999999999856,25.132741228718345,3.351032163829114,0.5,2,0.9,0.7,1.1,0.0,0.0,0.0
30.250000000000295,22.10000000000003,25.149999999999856,25.132741228718345,3.351032163829114,0.5,3,1.3,1.1,1.5,0.0,0.0,0.0
30.250000000000295,22.10000000000003,25.149999999999856,25.132741228718345,3.351032163829114,0.5,4,1.7000000000000002,1.5000000000000002,1.9000000000000001,0.0,0.0,0.0
30.250000000000295,22.10000000000003,25.149999999999856,25.132741228718345,3.351032163829114,0.5,5,2.1,1.9000000000000001,2.3000000000000003,0.0,0.0,0.0
30.250000000000295,22.10000000000003,25.149999999999856,25.132741228718345,3.351032163829114,0.5,6,2.5,2.3,2.7,0.0,0.0,0.0
30.250000000000295,22.12500000000003,25.149999999999856,25.132741228718345,3.351032163829114,0.5,1,0.5,0.3,0.7,0.0,0.0,0.0
30.250000000000295,22.12500000000003,25.149999999999856,25.132741228718345,3.351032163829114,0.5,2,0.9,0.7,1.1,0.0,0.0,0.0
30.250000000000295,22.12500000000003,25.149999999999856,25.132741228718345,3.351032163829114,0.5,3,1.3,1.1,1.5,0.0,0.0,0.0
30.250000000000295,22.12500000000003,25.149999999999856,25.132741228718345,3.351032163829114,0.5,4,1.7000000000000002,1.5000000000000002,1.9000000000000001,0.0,0.0,0.0
30.250000000000295,22.12500000000003,25.149999999999856,25.132741228718345,3.351032163829114,0.5,5,2.1,1.9000000000000001,2.3000000000000003,0.0,0.0,0.0
30.250000000000295,22.12500000000003,25.149999999999856,25.132741228718345,3.351032163829114,0.5,6,2.5,2.3,2.7,0.0,0.0,0.0
30.250000000000295,22.150000000000027,25.149999999999856,25.132741228718345,3.351032163829114,0.5,1,0.5,0.3,0.7,0.0,0.0,0.0
30.250000000000295,22.150000000000027,25.149999999999856,25.132741228718345,3.351032163829114,0.5,2,0.9,0.7,1.1,0.0,0.0,0.0
30.250000000000295,22.150000000000027,25.149999999999856,25.132741228718345,3.351032163829114,0.5,3,1.3,1.1,1.5,0.0,0.0,0.0
30.250000000000295,22.150000000000027,25.149999999999856,25.132741228718345,3.351032163829114,0.5,4,1.7000000000000002,1.5000000000000002,1.9000000000000001,0.0,0.0,0.0
30.250000000000295,22.150000000000027,25.149999999999856,25.132741228718345,3.351032163829114,0.5,5,2.1,1.9000000000000001,2.3000000000000003,0.0,0.0,0.0
30.250000000000295,22.150000000000027,25.149999999999856,25.132741228718345,3.351032163829114,0.5,6,2.5,2.3,2.7,0.0,0.0,0.0
30.250000000000295,22.175000000000026,25.149999999999856,25.132741228718345,3.351032163829114,0.5,1,0.5,0.3,0.7,0.0,0.0,0.0
30.250000000000295,22.175000000000026,25.149999999999856,25.132741228718345,3.351032163829114,0.5,2,0.9,0.7,1.1,0.0,0.0,0.0
30.250000000000295,22.175000000000026,25.149999999999856,25.132741228718345,3.351032163829114,0.5,3,1.3,1.1,1.5,0.0,0.0,0.0
30.250000000000295,22.175000000000026,25.149999999999856,25.132741228718345,3.351032163829114,0.5,4,1.7000000000000002,1.5000000000000002,1.9000000000000001,0.0,0.0,0.0
30.250000000000295,22.175000000000026,25.149999999999856,25.132741228718345,3.351032163829114,0.5,5,2.1,1.9000000000000001,2.3000000000000003,0.0,0.0,0.0
30.250000000000295,22.175000000000026,25.149999999999856,25.132741228718345,3.351032163829114,0.5,6,2.5,2.3,2.7,0.0,0.0,0.0
30.250000000000295,22.200000000000024,25.149999999999856,25.132741228718345,3.351032163829114,0.5,1,0.5,0.3,0.7,0.0,0.0,0.0
30.250000000000295,22.200000000000024,25.149999999999856,25.132741228718345,3.351032163829114,0.5,2,0.9,0.7,1.1,0.0,0.0,0.0
30.250000000000295,22.200000000000024,25.149999999999856,25.132741228718345,3.351032163829114,0.5,3,1.3,1.1,1.5,0.0,0.0,0.0
30.250000000000295,22.200000000000024,25.149999999999856,25.132741228718345,3.351032163829114,0.5,4,1.7000000000000002,1.5000000000000002,1.9000000000000001,0.0,0.0,0.0
30.250000000000295,22.200000000000024,25.149999999999856,25.132741228718345,3.351032163829114,0.5,5,2.1,1.9000000000000001,2.3000000000000003,0.0,0.0,0.0
30.250000000000295,22.200000000000024,25.149999999999856,25.132741228718345,3.351032163829114,0.5,6,2.5,2.3,2.7,0.0,0.0,0.0
31.100000000000307,22.225000000000023,25.574999999999832,25.551620249196983,3.351032163829114,0.5,1,0.5,0.3,0.7,0.0,0.0,0.0
31.100000000000307,22.225000000000023,25.574999999999832,25.551620249196983,3.351032163829114,0.5,2,0.9,0.7,1.1,0.0,0.0,0.0
31.100000000000307,22.225000000000023,25.574999999999832,25.551620249196983,3.351032163829114,0.5,3,1.3,1.1,1.5,0.0,0.0,0.0
31.100000000000307,22.225000000000023,25.574999999999832,25.551620249196983,3.351032163829114,0.5,4,1.7000000000000002,1.5000000000000002,1.9000000000000001,0.0,0.0,0.0
31.100000000000307,22.225000000000023,25.574999999999832,25.551620249196983,3.351032163829114,0.5,5,2.1,1.9000000000000001,2.3000000000000003,0.0,0.0,0.0
31.100000000000307,22.225000000000023,25.574999999999832,25.551620249196983,3.351032163829114,0.5,6,2.5,2.3,2.7,0.0,0.0,0.0
31.100000000000307,22.25000000000002,25.574999999999832,25.551620249196983,3.351032163829114,0.5,1,0.5,0.3,0.7,0.0,0.0,0.0
31.100000000000307,22.25000000000002,25.574999999999832,25.551620249196983,3.351032163829114,0.5,2,0.9,0.7,1.1,0.0,0.0,0.0
31.100000000000307,22.25000000000002,25.574999999999832,25.551620249196983,3.351032163829114,0.5,3,1.3,1.1,1.5,0.0,0.0,0.0
31.100000000000307,22.25000000000002,25.574999999999832,25.551620249196983,3.351032163829114,0.5,4,1.7000000000000002,1.5000000000000002,1.9000000000000001,0.0,0.0,0.0
31.100000000000307,22.25000000000002,25.574999999999832,25.551620249196983,3.351032163829114,0.5,5,2.1,1.9000000000000001,2.3000000000000003,0.0,0.0,0.0
31.100000000000307,22.25000000000002,25.574999999999832,25.551620249196983,3.351032163829114,0.5,6,2.5,2.3,2.7,0.0,0.0,0.0
31.100000000000307,22.27500000000002,25.574999999999832,25.551620249196983,3.351032163829114,0.5,1,0.5,0.3,0.7,0.0,0.0,0.0
31.100000000000307,22.27500000000002,25.574999999999832,25.551620249196983,3.351032163829114,0.5,2,0.9,0.7,1.1,0.0,0.0,0.0
31.100000000000307,22.27500000000002,25.574999999999832,25.551620249196983,3.351032163829114,0.5,3,1.3,1.1,1.5,0.0,0.0,0.0
31.100000000000307,22.27500000000002,25.574999999999832,25.551620249196983,3.351032163829114,0.5,4,1.7000000000000002,1.5000000000000002,1.9000000000000001,0.0,0.0,0.0
31.100000000000307,22.27500000000002,25.574999999999832,25.551620249196983,3.351032163829114,0.5,5,2.1,1.9000000000000001,2.3000000000000003,0.0,0.0,0.0
31.100000000000307,22.27500000000002,25.574999999999832,25.551620249196983,3.351032163829114,0.5,6,2.5,2.3,2.7,0.0,0.0,0.0
31.100000000000307,22.30000000000002,25.574999999999832,25.551620249196983,3.351032163829114,0.5,1,0.5,0.3,0.7,0.0,0.0,0.0
31.100000000000307,22.30000000000002,25.574999999999832,25.551620249196983,3.351032163829114,0.5,2,0.9,0.7,1.1,0.0,0.0,0.0
31.100000000000307,22.30000000000002,25.574999999999832,25.551620249196983,3.351032163829114,0.5,3,1.3,1.1,1.5,0.0,0.0,0.0
31.100000000000307,22.30000000000002,25.574999999999832,25.551620249196983,3.351032163829114,0.5,4,1.7000000000000002,1.5000000000000002,1.9000000000000001,0.0,0.0,0.0
31.100000000000307,22.30000000000002,25.574999999999832,25.551620249196983,3.351032163829114,0.5,5,2.1,1.9000000000000001,2.3000000000000003,0.0,0.0,0.0
31.100000000000307,22.30000000000002,25.574999999999832,25.551620249196983,3.351032163829114,0.5,6,2.5,2.3,2.7,0.0,0.0,0.0
31.100000000000307,22.325000000000017,25.574999999999832,25.551620249196983,3.351032163829114,0.5,1,0.5,0.3,0.7,0.0,0.0,0.0
31.100000000000307,22.325000000000017,25.574999999999832,25.551620249196983,3.351032163829114,0.5,2,0.9,0.7,1.1,0.0,0.0,0.0
31.100000000000307,22.325000000000017,25.574999999999832,25.551620249196983,3.351032163829114,0.5,3,1.3,1.1,1.5,0.0,0.0,0.0
31.100000000000307,22.325000000000017,25.574999999999832,25.551620249196983,3.351032163829114,0.5,4,1.7000000000000002,1.5000000000000002,1.9000000000000001,0.0,0.0,0.0
31.100000000000307,22.325000000000017,25.574999999999832,25.551620249196983,3.351032163829114,0.5,5,2.1,1.9000000000000001,2.3000000000000003,0.0,0.0,0.0
31.100000000000307,22.325000000000017,25.574999999999832,25.551620249196983,3.351032163829114,0.5,6,2.5,2.3,2.7,0.0,0.0,0.0
31.100000000000307,22.350000000000016,25.574999999999832,25.551620249196983,3.351032163829114,0.5,1,0.5,0.3,0.7,0.0,0.0,0.0
31.100000000000307,22.350000000000016,25.574999999999832,25.551620249196983,3.351032163829114,0.5,2,0.9,0.7,1.1,0.0,0.0,0.0
31.100000000000307,22.350000000000016,25.574999999999832,25.551620249196983,3.351032163829114,0.5,3,1.3,1.1,1.5,0.0,0.0,0.0
31.100000000000307,22.350000000000016,25.574999999999832,25.551620249196983,3.351032163829114,0.5,4,1.7000000000000002,1.5000000000000002,1.9000000000000001,0.0,0.0,0.0
31.100000000000307,22.350000000000016,25.574999999999832,25.551620249196983,3.351032163829114,0.5,5,2.1,1.9000000000000001,2.3000000000000003,0.0,0.0,0.0
31.100000000000307,22.350000000000016,25.574999999999832,25.551620249196983,3.351032163829114,0.5,6,2.5,2.3,2.7,0.0,0.0,0.0
31.100000000000307,22.375000000000014,25.574999999999832,25.551620249196983,3.351032163829114,0.5,1,0.5,0.3,0.7,0.0,0.0,0.0
31.100000000000307,22.375000000000014,25.574999999999832,25.551620249196983,3.351032163829114,0.5,2,0.9,0.7,1.1,0.0,0.0,0.0
31.100000000000307,22.375000000000014,25.574999999999832,25.551620249196983,3.351032163829114,0.5,3,1.3,1.1,1.5,0.0,0.0,0.0
31.100000000000307,22.375000000000014,25.574999999999832,25.551620249196983,3.351032163829114,0.5,4,1.7000000000000002,1.5000000000000002,1.9000000000000001,0.0,0.0,0.0
31.100000000000307,22.375000000000014,25.574999999999832,25.551620249196983,3.351032163829114,0.5,5,2.1,1.9000000000000001,2.3000000000000003,0.0,0.0,0.0
31.100000000000307,22.375000000000014,25.574999999999832,25.551620249196983,3.351032163829114,0.5,6,2.5,2.3,2.7,0.0,0.0,0.0
31.100000000000307,22.400000000000013,25.574999999999832,25.551620249196983,3.351032163829114,0.5,1,0.5,0.3,0.7,0.0,0.0,0.0
31.100000000000307,22.400000000000013,25.574999999999832,25.551620249196983,3.351032163829114,0.5,2,0.9,0.7,1.1,0.0,0.0,0.0
31.100000000000307,22.400000000000013,25.574999999999832,25.551620249196983,3.351032163829114,0.5,3,1.3,1.1,1.5,0.0,0.0,0.0
31.100000000000307,22.400000000000013,25.574999999999832,25.551620249196983,3.351032163829114,0.5,4,1.7000000000000002,1.5000000000000002,1.9000000000000001,0.0,0.0,0.0
31.100000000000307,22.400000000000013,25.574999999999832,25.551620249196983,3.351032163829114,0.5,5,2.1,1.9000000000000001,2.3000000000000003,0.0,0.0,0.0
31.100000000000307,22.400000000000013,25.574999999999832,25.551620249196983,3.351032163829114,0.5,6,2.5,2.3,2.7,0.0,0.0,0.0
31.100000000000307,22.42500000000001,25.574999999999832,25.551620249196983,3.351032163829114,0.5,1,0.5,0.3,0.7,0.0,0.0,0.0
31.100000000000307,22.42500000000001,25.574999999999832,25.551620249196983,3.351032163829114,0.5,2,0.9,0.7,1.1,0.0,0.0,0.0
31.100000000000307,22.42500000000001,25.574999999999832,25.551620249196983,3.351032163829114,0.5,3,1.3,1.1,1.5,0.0,0.0,0.0
31.100000000000307,22.42500000000001,25.574999999999832,25.551620249196983,3.351032163829114,0.5,4,1.7000000000000002,1.5000000000000002,1.9000000000000001,0.0,0.0,0.0
31.100000000000307,22.42500000000001,25.574999999999832,25.551620249196983,3.351032163829114,0.5,5,2.1,1.9000000000000001,2.3000000000000003,0.0,0.0,0.0
31.100000000000307,22.42500000000001,25.574999999999832,25.551620249196983,3.351032163829114,0.5,6,2.5,2.3,2.7,0.0,0.0,0.0
31.100000000000307,22.45000000000001,25.574999999999832,25.551620249196983,3.351032163829114,0.5,1,0.5,0.3,0.7,0.0,0.0,0.0
31.100000000000307,22.45000000000001,25.574999999999832,25.551620249196983,3.351032163829114,0.5,2,0.9,0.7,1.1,0.0,0.0,0.0
31.100000000000307,22.45000000000001,25.574999999999832,25.551620249196983,3.351032163829114,0.5,3,1.3,1.1,1.5,0.0,0.0,0.0
31.100000000000307,22.45000000000001,25.574999999999832,25.551620249196983,3.351032163829114,0.5,4,1.7000000000000002,1.5000000000000002,1.9000000000000001,0.0,0.0,0.0
31.100000000000307,22.45000000000001,25.574999999999832,25.551620249196983,3.351032163829114,0.5,5,2.1,1.9000000000000001,2.3000000000000003,0.0,0.0,0.0
31.100000000000307,22.45000000000001,25.574999999999832,25.551620249196983,3.351032163829114,0.5,6,2.5,2.3,2.7,0.0,0.0,0.0
31.100000000000307,22.47500000000001,25.574999999999832,25.551620249196983,3.351032163829114,0.5,1,0.5,0.3,0.7,0.0,0.0,0.0
31.100000000000307,22.47500000000001,25.574999999999832,25.551620249196983,3.351032163829114,0.5,2,0.9,0.7,1.1,0.0,0.0,0.0
31.100000000000307,22.47500000000001,25.574999999999832,25.551620249196983,3.351032163829114,0.5,3,1.3,1.1,1.5,0.0,0.0,0.0
31.100000000000307,22.47500000000001,25.574999999999832,25.551620249196983,3.351032163829114,0.5,4,1.7000000000000002,1.5000000000000002,1.9000000000000001,0.0,0.0,0.0
31.100000000000307,22.47500000000001,25.574999999999832,25.551620249196983,3.351032163829114,0.5,5,2.1,1.9000000000000001,2.3000000000000003,0.0,0.0,0.0
31.100000000000307,22.47500000000001,25.574999999999832,25.551620249196983,3.351032163829114,0.5,6,2.5,2.3,2.7,0.0,0.0,0.0
31.100000000000307,22.500000000000007,25.574999999999832,25.551620249196983,3.351032163829114,0.5,1,0.5,0.3,0.7,0.0,0.0,0.0
31.100000000000307,22.500000000000007,25.574999999999832,25.551620249196983,3.351032163829114,0.5,2,0.9,0.7,1.1,0.0,0.0,0.0
31.100000000000307,22.500000000000007,25.574999999999832,25.551620249196983,3.351032163829114,0.5,3,1.3,1.1,1.5,0.0,0.0,0.0
31.100000000000307,22.500000000000007,25.574999999999832,25.551620249196983,3.351032163829114,0.5,4,1.7000000000000002,1.5000000000000002,1.9000000000000001,0.0,0.0,0.0
31.100000000000307,22.500000000000007,25.574999999999832,25.551620249196983,3.351032163829114,0.5,5,2.1,1.9000000000000001,2.3000000000000003,0.0,0.0,0.0
31.100000000000307,22.500000000000007,25.574999999999832,25.551620249196983,3.351032163829114,0.5,6,2.5,2.3,2.7,0.0,0.0,0.0
31.100000000000307,22.525000000000006,25.574999999999832,25.551620249196983,3.351032163829114,0.5,1,0.5,0.3,0.7,0.0,0.0,0.0
31.100000000000307,22.525000000000006,25.574999999999832,25.551620249196983,3.351032163829114,0.5,2,0.9,0.7,1.1,0.0,0.0,0.0
31.100000000000307,22.525000000000006,25.574999999999832,25.551620249196983,3.351032163829114,0.5,3,1.3,1.1,1.5,0.0,0.0,0.0
31.100000000000307,22.525000000000006,25.574999999999832,25.551620249196983,3.351032163829114,0.5,4,1.7000000000000002,1.5000000000000002,1.9000000000000001,0.0,0.0,0.0
31.100000000000307,22.525000000000006,25.574999999999832,25.551620249196983,3.351032163829114,0.5,5,2.1,1.9000000000000001,2.3000000000000003,0.0,0.0,0.0
31.100000000000307,22.525000000000006,25.574999999999832,25.551620249196983,3.351032163829114,0.5,6,2.5,2.3,2.7,0.0,0.0,0.0
31.100000000000307,22.550000000000004,25.574999999999832,25.551620249196983,3.351032163829114,0.5,1,0.5,0.3,0.7,0.0,0.0,0.0
31.100000000000307,22.550000000000004,25.574999999999832,25.551620249196983,3.351032163829114,0.5,2,0.9,0.7,1.1,0.0,0.0,0.0
31.100000000000307,22.550000000000004,25.574999999999832,25.551620249196983,3.351032163829114,0.5,3,1.3,1.1,1.5,0.0,0.0,0.0
31.100000000000307,22.550000000000004,25.574999999999832,25.551620249196983,3.351032163829114,0.5,4,1.7000000000000002,1.5000000000000002,1.9000000000000001,0.0,0.0,0.0
31.100000000000307,22.550000000000004,25.574999999999832,25.551620249196983,3.351032163829114,0.5,5,2.1,1.9000000000000001,2.3000000000000003,0.0,0.0,0.0
31.100000000000307,22.550000000000004,25.574999999999832,25.551620249196983,3.351032163829114,0.5,6,2.5,2.3,2.7,0.0,0.0,0.0
31.100000000000307,22.575000000000003,25.574999999999832,25.551620249196983,3.351032163829114,0.5,1,0.5,0.3,0.7,0.0,0.0,0.0
31.100000000000307,22.575000000000003,25.574999999999832,25.551620249196983,3.351032163829114,0.5,2,0.9,0.7,1.1,0.0,0.0,0.0
31.100000000000307,22.575000000000003,25.574999999999832,25.551620249196983,3.351032163829114,0.5,3,1.3,1.1,1.5,0.0,0.0,0.0
31.100000000000307,22.575000000000003,25.574999999999832,25.551620249196983,3.351032163829114,0.5,4,1.7000000000000002,1.5000000000000002,1.9000000000000001,0.0,0.0,0.0
31.100000000000307,22.575000000000003,25.574999999999832,25.551620249196983,3.351032163829114,0.5,5,2.1,1.9000000000000001,2.3000000000000003,0.0,0.0,0.0
31.100000000000307,22.575000000000003,25.574999999999832,25.551620249196983,3.351032163829114,0.5,6,2.5,2.3,2.7,0.0,0.0,0.0
31.100000000000307,22.6,25.574999999999832,25.551620249196983,3.351032163829114,0.5,1,0.5,0.3,0.7,0.0,0.0,0.0
31.100000000000307,22.6,25.574999999999832,25.551620249196983,3.351032163829114,0.5,2,0.9,0.7,1.1,0.0,0.0,0.0
31.100000000000307,22.6,25.574999999999832,25.551620249196983,3.351032163829114,0.5,3,1.3,1.1,1.5,0.0,0.0,0.0
31.100000000000307,22.6,25.574999999999832,25.551620249196983,3.351032163829114,0.5,4,1.7000000000000002,1.5000000000000002,1.9000000000000001,0.0,0.0,0.0
31.100000000000307,22.6,25.574999999999832,25.551620249196983,3.351032163829114,0.5,5,2.1,1.9000000000000001,2.3000000000000003,0.0,0.0,0.0
31.100000000000307,22.6,25.574999999999832,25.551620249196983,3.351032163829114,0.5,6,2.5,2.3,2.7,0.0,0.0,0.0
31.90000000000032,22.625,25.97499999999981,25.97049926967562,3.3510321638291103,0.5,1,0.5,0.3,0.7,0.0,0.0,0.0
31.90000000000032,22.625,25.97499999999981,25.97049926967562,3.3510321638291103,0.5,2,0.9,0.7,1.1,0.0,0.0,0.0
31.90000000000032,22.625,25.97499999999981,25.97049926967562,3.3510321638291103,0.5,3,1.3,1.1,1.5,0.0,0.0,0.0
31.90000000000032,22.625,25.97499999999981,25.97049926967562,3.3510321638291103,0.5,4,1.7000000000000002,1.5000000000000002,1.9000000000000001,0.0,0.0,0.0
31.90000000000032,22.625,25.97499999999981,25.97049926967562,3.3510321638291103,0.5,5,2.1,1.9000000000000001,2.3000000000000003,0.0,0.0,0.0
31.90000000000032,22.625,25.97499999999981,25.97049926967562,3.3510321638291103,0.5,6,2.5,2.3,2.7,0.0,0.0,0.0
31.90000000000032,22.65,25.97499999999981,25.97049926967562,3.3510321638291103,0.5,1,0.5,0.3,0.7,0.0,0.0,0.0
31.90000000000032,22.65,25.97499999999981,25.97049926967562,3.3510321638291103,0.5,2,0.9,0.7,1.1,0.0,0.0,0.0
31.90000000000032,22.65,25.97499999999981,25.97049926967562,3.3510321638291103,0.5,3,1.3,1.1,1.5,0.0,0.0,0.0
31.90000000000032,22.65,25.97499999999981,25.97049926967562,3.3510321638291103,0.5,4,1.7000000000000002,1.5000000000000002,1.9000000000000001,0.0,0.0,0.0
31.90000000000032,22.65,25.97499999999981,25.97049926967562,3.3510321638291103,0.5,5,2.1,1.9000000000000001,2.3000000000000003,0.0,0.0,0.0
31.90000000000032,22.65,25.97499999999981,25.97049926967562,3.3510321638291103,0.5,6,2.5,2.3,2.7,0.0,0.0,0.0
31.90000000000032,22.674999999999997,25.97499999999981,25.97049926967562,3.3510321638291103,0.5,1,0.5,0.3,0.7,0.0,0.0,0.0
31.90000000000032,22.674999999999997,25.97499999999981,25.97049926967562,3.3510321638291103,0.5,2,0.9,0.7,1.1,0.0,0.0,0.0
31.90000000000032,22.674999999999997,25.97499999999981,25.97049926967562,3.3510321638291103,0.5,3,1.3,1.1,1.5,0.0,0.0,0.0
31.90000000000032,22.674999999999997,25.97499999999981,25.97049926967562,3.3510321638291103,0.5,4,1.7000000000000002,1.5000000000000002,1.9000000000000001,0.0,0.0,0.0
31.90000000000032,22.674999999999997,25.97499999999981,25.97049926967562,3.3510321638291103,0.5,5,2.1,1.9000000000000001,2.3000000000000003,0.0,0.0,0.0
31.90000000000032,22.674999999999997,25.97499999999981,25.97049926967562,3.3510321638291103,0.5,6,2.5,2.3,2.7,0.0,0.0,0.0
31.90000000000032,22.699999999999996,25.97499999999981,25.97049926967562,3.3510321638291103,0.5,1,0.5,0.3,0.7,0.0,0.0,0.0
31.90000000000032,22.699999999999996,25.97499999999981,25.97049926967562,3.3510321638291103,0.5,2,0.9,0.7,1.1,0.0,0.0,0.0
31.90000000000032,22.699999999999996,25.97499999999981,25.97049926967562,3.3510321638291103,0.5,3,1.3,1.1,1.5,0.0,0.0,0.0
31.90000000000032,22.699999999999996,25.97499999999981,25.97049926967562,3.3510321638291103,0.5,4,1.7000000000000002,1.5000000000000002,1.9000000000000001,0.0,0.0,0.0
31.90000000000032,22.699999999999996,25.97499999999981,25.97049926967562,3.3510321638291103,0.5,5,2.1,1.9000000000000001,2.3000000000000003,0.0,0.0,0.0
31.90000000000032,22.699999999999996,25.97499999999981,25.97049926967562,3.3510321638291103,0.5,6,2.5,2.3,2.7,0.0,0.0,0.0
31.90000000000032,22.724999999999994,25.97499999999981,25.97049926967562,3.3510321638291103,0.5,1,0.5,0.3,0.7,0.0,0.0,0.0
31.90000000000032,22.724999999999994,25.97499999999981,25.97049926967562,3.3510321638291103,0.5,2,0.9,0.7,1.1,0.0,0.0,0.0
31.90000000000032,22.724999999999994,25.97499999999981,25.97049926967562,3.3510321638291103,0.5,3,1.3,1.1,1.5,0.0,0.0,0.0
31.90000000000032,22.724999999999994,25.97499999999981,25.97049926967562,3.3510321638291103,0.5,4,1.7000000000000002,1.5000000000000002,1.9000000000000001,0.0,0.0,0.0
31.90000000000032,22.724999999999994,25.97499999999981,25.97049926967562,3.3510321638291103,0.5,5,2.1,1.9000000000000001,2.3000000000000003,0.0,0.0,0.0
31.90000000000032,22.724999999999994,25.97499999999981,25.97049926967562,3.3510321638291103,0.5,6,2.5,2.3,2.7,0.0,0.0,0.0
31.90000000000032,22.749999999999993,25.97499999999981,25.97049926967562,3.3510321638291103,0.5,1,0.5,0.3,0.7,0.0,0.0,0.0
31.90000000000032,22.749999999999993,25.97499999999981,25.97049926967562,3.3510321638291103,0.5,2,0.9,0.7,1.1,0.0,0.0,0.0
31.90000000000032,22.749999999999993,25.97499999999981,25.97049926967562,3.3510321638291103,0.5,3,1.3,1.1,1.5,0.0,0.0,0.0
31.90000000000032,22.749999999999993,25.97499999999981,25.97049926967562,3.3510321638291103,0.5,4,1.7000000000000002,1.5000000000000002,1.9000000000000001,0.0,0.0,0.0
31.90000000000032,22.749999999999993,25.97499999999981,25.97049926967562,3.3510321638291103,0.5,5,2.1,1.9000000000000001,2.3000000000000003,0.0,0.0,0.0
31.90000000000032,22.749999999999993,25.97499999999981,25.97049926967562,3.3510321638291103,0.5,6,2.5,2.3,2.7,0.0,0.0,0.0
31.90000000000032,22.77499999999999,25.97499999999981,25.97049926967562,3.3510321638291103,0.5,1,0.5,0.3,0.7,0.0,0.0,0.0
31.90000000000032,22.77499999999999,25.97499999999981,25.97049926967562,3.3510321638291103,0.5,2,0.9,0.7,1.1,0.0,0.0,0.0
31.90000000000032,22.77499999999999,25.97499999999981,25.97049926967562,3.3510321638291103,0.5,3,1.3,1.1,1.5,0.0,0.0,0.0
31.90000000000032,22.77499999999999,25.97499999999981,25.97049926967562,3.3510321638291103,0.5,4,1.7000000000000002,1.5000000000000002,1.9000000000000001,0.0,0.0,0.0
31.90000000000032,22.77499999999999,25.97499999999981,25.97049926967562,3.3510321638291103,0.5,5,2.1,1.9000000000000001,2.3000000000000003,0.0,0.0,0.0
31.90000000000032,22.77499999999999,25.97499999999981,25.97049926967562,3.3510321638291103,0.5,6,2.5,2.3,2.7,0.0,0.0,0.0
31.90000000000032,22.79999999999999,25.97499999999981,25.97049926967562,3.3510321638291103,0.5,1,0.5,0.3,0.7,0.0,0.0,0.0
31.90000000000032,22.79999999999999,25.97499999999981,25.97049926967562,3.3510321638291103,0.5,2,0.9,0.7,1.1,0.0,0.0,0.0
31.90000000000032,22.79999999999999,25.97499999999981,25.97049926967562,3.3510321638291103,0.5,3,1.3,1.1,1.5,0.0,0.0,0.0
31.90000000000032,22.79999999999999,25.97499999999981,25.97049926967562,3.3510321638291103,0.5,4,1.7000000000000002,1.5000000000000002,1.9000000000000001,0.0,0.0,0.0
31.90000000000032,22.79999999999999,25.97499999999981,25.97049926967562,3.3510321638291103,0.5,5,2.1,1.9000000000000001,2.3000000000000003,0.0,0.0,0.0
31.90000000000032,22.79999999999999,25.97499999999981,25.97049926967562,3.3510321638291103,0.5,6,2.5,2.3,2.7,0.0,0.0,0.0
31.90000000000032,22.82499999999999,25.97499999999981,25.97049926967562,3.3510321638291103,0.5,1,0.5,0.3,0.7,0.0,0.0,0.0
31.90000000000032,22.82499999999999,25.97499999999981,25.97049926967562,3.3510321638291103,0.5,2,0.9,0.7,1.1,0.0,0.0,0.0
31.90000000000032,22.82499999999999,25.97499999999981,25.97049926967562,3.3510321638291103,0.5,3,1.3,1.1,1.5,0.0,0.0,0.0
31.90000000000032,22.82499999999999,25.97499999999981,25.97049926967562,3.3510321638291103,0.5,4,1.7000000000000002,1.5000000000000002,1.9000000000000001,0.0,0.0,0.0
31.90000000000032,22.82499999999999,25.97499999999981,25.97049926967562,3.3510321638291103,0.5,5,2.1,1.9000000000000001,2.3000000000000003,0.0,0.0,0.0
31.90000000000032,22.82499999999999,25.97499999999981,25.97049926967562,3.3510321638291103,0.5,6,2.5,2.3,2.7,0.0,0.0,0.0
31.90000000000032,22.849999999999987,25.97499999999981,25.97049926967562,3.3510321638291103,0.5,1,0.5,0.3,0.7,0.0,0.0,0.0
31.90000000000032,22.849999999999987,25.97499999999981,25.97049926967562,3.3510321638291103,0.5,2,0.9,0.7,1.1,0.0,0.0,0.0
31.90000000000032,22.849999999999987,25.97499999999981,25.97049926967562,3.3510321638291103,0.5,3,1.3,1.1,1.5,0.0,0.0,0.0
31.90000000000032,22.849999999999987,25.97499999999981,25.97049926967562,3.3510321638291103,0.5,4,1.7000000000000002,1.5000000000000002,1.9000000000000001,0.0,0.0,0.0
31.90000000000032,22.849999999999987,25.97499999999981,25.97049926967562,3.3510321638291103,0.5,5,2.1,1.9000000000000001,2.3000000000000003,0.0,0.0,0.0
31.90000000000032,22.849999999999987,25.97499999999981,25.97049926967562,3.3510321638291103,0.5,6,2.5,2.3,2.7,0.0,0.0,0.0
31.90000000000032,22.874999999999986,25.97499999999981,25.97049926967562,3.3510321638291103,0.5,1,0.5,0.3,0.7,0.0,0.0,0.0
31.90000000000032,22.874999999999986,25.97499999999981,25.97049926967562,3.3510321638291103,0.5,2,0.9,0.7,1.1,0.0,0.0,0.0
31.90000000000032,22.874999999999986,25.97499999999981,25.97049926967562,3.3510321638291103,0.5,3,1.3,1.1,1.5,0.0,0.0,0.0
31.90000000000032,22.874999999999986,25.97499999999981,25.97049926967562,3.3510321638291103,0.5,4,1.7000000000000002,1.5000000000000002,1.9000000000000001,0.0,0.0,0.0
31.90000000000032,22.874999999999986,25.97499999999981,25.97049926967562,3.3510321638291103,0.5,5,2.1,1.9000000000000001,2.3000000000000003,0.0,0.0,0.0
31.90000000000032,22.874999999999986,25.97499999999981,25.97049926967562,3.3510321638291103,0.5,6,2.5,2.3,2.7,0.0,0.0,0.0
31.90000000000032,22.899999999999984,25.97499999999981,25.97049926967562,3.3510321638291103,0.5,1,0.5,0.3,0.7,0.0,0.0,0.0
31.90000000000032,22.899999999999984,25.97499999999981,25.97049926967562,3.3510321638291103,0.5,2,0.9,0.7,1.1,0.0,0.0,0.0
31.90000000000032,22.899999999999984,25.97499999999981,25.97049926967562,3.3510321638291103,0.5,3,1.3,1.1,1.5,0.0,0.0,0.0
31.90000000000032,22.899999999999984,25.97499999999981,25.97049926967562,3.3510321638291103,0.5,4,1.7000000000000002,1.5000000000000002,1.9000000000000001,0.0,0.0,0.0
31.90000000000032,22.899999999999984,25.97499999999981,25.97049926967562,3.3510321638291103,0.5,5,2.1,1.9000000000000001,2.3000000000000003,0.0,0.0,0.0
31.90000000000032,22.899999999999984,25.97499999999981,25.97049926967562,3.3510321638291103,0.5,6,2.5,2.3,2.7,0.0,0.0,0.0
31.90000000000032,22.924999999999983,25.97499999999981,25.97049926967562,3.3510321638291103,0.5,1,0.5,0.3,0.7,0.0,0.0,0.0
31.90000000000032,22.924999999999983,25.97499999999981,25.97049926967562,3.3510321638291103,0.5,2,0.9,0.7,1.1,0.0,0.0,0.0
31.90000000000032,22.924999999999983,25.97499999999981,25.97049926967562,3.3510321638291103,0.5,3,1.3,1.1,1.5,0.0,0.0,0.0
31.90000000000032,22.924999999999983,25.97499999999981,25.97049926967562,3.3510321638291103,0.5,4,1.7000000000000002,1.5000000000000002,1.9000000000000001,0.0,0.0,0.0
31.90000000000032,22.924999999999983,25.97499999999981,25.97049926967562,3.3510321638291103,0.5,5,2.1,1.9000000000000001,2.3000000000000003,0.0,0.0,0.0
31.90000000000032,22.924999999999983,25.97499999999981,25.97049926967562,3.3510321638291103,0.5,6,2.5,2.3,2.7,0.0,0.0,0.0
31.90000000000032,22.94999999999998,25.97499999999981,25.97049926967562,3.3510321638291103,0.5,1,0.5,0.3,0.7,0.0,0.0,0.0
31.90000000000032,22.94999999999998,25.97499999999981,25.97049926967562,3.3510321638291103,0.5,2,0.9,0.7,1.1,0.0,0.0,0.0
31.90000000000032,22.94999999999998,25.97499999999981,25.97049926967562,3.3510321638291103,0.5,3,1.3,1.1,1.5,0.0,0.0,0.0
31.90000000000032,22.94999999999998,25.97499999999981,25.97049926967562,3.3510321638291103,0.5,4,1.7000000000000002,1.5000000000000002,1.9000000000000001,0.0,0.0,0.0
31.90000000000032,22.94999999999998,25.97499999999981,25.97049926967562,3.3510321638291103,0.5,5,2.1,1.9000000000000001,2.3000000000000003,0.0,0.0,0.0
31.90000000000032,22.94999999999998,25.97499999999981,25.97049926967562,3.3510321638291103,0.5,6,2.5,2.3,2.7,0.0,0.0,0.0
31.90000000000032,22.97499999999998,25.97499999999981,25.97049926967562,3.3510321638291103,0.5,1,0.5,0.3,0.7,0.0,0.0,0.0
31.90000000000032,22.97499999999998,25.97499999999981,25.97049926967562,3.3510321638291103,0.5,2,0.9,0.7,1.1,0.0,0.0,0.0
31.90000000000032,22.97499999999998,25.97499999999981,25.97049926967562,3.3510321638291103,0.5,3,1.3,1.1,1.5,0.0,0.0,0.0
31.90000000000032,22.97499999999998,25.97499999999981,25.97049926967562,3.3510321638291103,0.5,4,1.7000000000000002,1.5000000000000002,1.9000000000000001,0.0,0.0,0.0
31.90000000000032,22.97499999999998,25.97499999999981,25.97049926967562,3.3510321638291103,0.5,5,2.1,1.9000000000000001,2.3000000000000003,0.0,0.0,0.0
31.90000000000032,22.97499999999998,25.97499999999981,25.97049926967562,3.3510321638291103,0.5,6,2.5,2.3,2.7,0.0,0.0,0.0
31.90000000000032,22.99999999999998,25.97499999999981,25.97049926967562,3.3510321638291103,0.5,1,0.5,0.3,0.7,0.0,0.0,0.0
31.90000000000032,22.99999999999998,25.97499999999981,25.97049926967562,3.3510321638291103,0.5,2,0.9,0.7,1.1,0.0,0.0,0.0
31.90000000000032,22.99999999999998,25.97499999999981,25.97049926967562,3.3510321638291103,0.5,3,1.3,1.1,1.5,0.0,0.0,0.0
31.90000000000032,22.99999999999998,25.97499999999981,25.97049926967562,3.3510321638291103,0.5,4,1.7000000000000002,1.5000000000000002,1.9000000000000001,0.0,0.0,0.0
31.90000000000032,22.99999999999998,25.97499999999981,25.97049926967562,3.3510321638291103,0.5,5,2.1,1.9000000000000001,2.3000000000000003,0.0,0.0,0.0
31.90000000000032,22.99999999999998,25.97499999999981,25.97049926967562,3.3510321638291103,0.5,6,2.5,2.3,2.7,0.0,0.0,0.0
31.90000000000032,23.024999999999977,25.97499999999981,25.97049926967562,3.3510321638291103,0.5,1,0.5,0.3,0.7,0.0,0.0,0.0
31.90000000000032,23.024999999999977,25.97499999999981,25.97049926967562,3.3510321638291103,0.5,2,0.9,0.7,1.1,0.0,0.0,0.0
31.90000000000032,23.024999999999977,25.97499999999981,25.97049926967562,3.3510321638291103,0.5,3,1.3,1.1,1.5,0.0,0.0,0.0
31.90000000000032,23.024999999999977,25.97499999999981,25.97049926967562,3.3510321638291103,0.5,4,1.7000000000000002,1.5000000000000002,1.9000000000000001,0.0,0.0,0.0
31.90000000000032,23.024999999999977,25.97499999999981,25.97049926967562,3.3510321638291103,0.5,5,2.1,1.9000000000000001,2.3000000000000003,0.0,0.0,0.0
31.90000000000032,23.024999999999977,25.97499999999981,25.97049926967562,3.3510321638291103,0.5,6,2.5,2.3,2.7,0.0,0.0,0.0
32.75000000000028,23.049999999999976,26.399999999999785,26.389378290154262,3.351032163829114,0.5,1,0.5,0.3,0.7,0.0,0.0,0.0
32.75000000000028,23.049999999999976,26.399999999999785,26.389378290154262,3.351032163829114,0.5,2,0.9,0.7,1.1,0.0,0.0,0.0
32.75000000000028,23.049999999999976,26.399999999999785,26.389378290154262,3.351032163829114,0.5,3,1.3,1.1,1.5,0.0,0.0,0.0
32.75000000000028,23.049999999999976,26.399999999999785,26.389378290154262,3.351032163829114,0.5,4,1.7000000000000002,1.5000000000000002,1.9000000000000001,0.0,0.0,0.0
32.75000000000028,23.049999999999976,26.399999999999785,26.389378290154262,3.351032163829114,0.5,5,2.1,1.9000000000000001,2.3000000000000003,0.0,0.0,0.0
32.75000000000028,23.049999999999976,26.399999999999785,26.389378290154262,3.351032163829114,0.5,6,2.5,2.3,2.7,0.0,0.0,0.0
32.75000000000028,23.074999999999974,26.399999999999785,26.389378290154262,3.351032163829114,0.5,1,0.5,0.3,0.7,0.0,0.0,0.0
32.75000000000028,23.074999999999974,26.399999999999785,26.389378290154262,3.351032163829114,0.5,2,0.9,0.7,1.1,0.0,0.0,0.0
32.75000000000028,23.074999999999974,26.399999999999785,26.389378290154262,3.351032163829114,0.5,3,1.3,1.1,1.5,0.0,0.0,0.0
32.75000000000028,23.074999999999974,26.399999999999785,26.389378290154262,3.351032163829114,0.5,4,1.7000000000000002,1.5000000000000002,1.9000000000000001,0.0,0.0,0.0
32.75000000000028,23.074999999999974,26.399999999999785,26.389378290154262,3.351032163829114,0.5,5,2.1,1.9000000000000001,2.3000000000000003,0.0,0.0,0.0
32.75000000000028,23.074999999999974,26.399999999999785,26.389378290154262,3.351032163829114,0.5,6,2.5,2.3,2.7,0.0,0.0,0.0
32.75000000000028,23.099999999999973,26.399999999999785,26.389378290154262,3.351032163829114,0.5,1,0.5,0.3,0.7,0.0,0.0,0.0
32.75000000000028,23.099999999999973,26.399999999999785,26.389378290154262,3.351032163829114,0.5,2,0.9,0.7,1.1,0.0,0.0,0.0
32.75000000000028,23.099999999999973,26.399999999999785,26.389378290154262,3.351032163829114,0.5,3,1.3,1.1,1.5,0.0,0.0,0.0
32.75000000000028,23.099999999999973,26.399999999999785,26.389378290154262,3.351032163829114,0.5,4,1.7000000000000002,1.5000000000000002,1.9000000000000001,0.0,0.0,0.0
32.75000000000028,23.099999999999973,26.399999999999785,26.389378290154262,3.351032163829114,0.5,5,2.1,1.9000000000000001,2.3000000000000003,0.0,0.0,0.0
32.75000000000028,23.099999999999973,26.399999999999785,26.389378290154262,3.351032163829114,0.5,6,2.5,2.3,2.7,0.0,0.0,0.0
32.75000000000028,23.12499999999997,26.399999999999785,26.389378290154262,3.351032163829114,0.5,1,0.5,0.3,0.7,0.0,0.0,0.0
32.75000000000028,23.12499999999997,26.399999999999785,26.389378290154262,3.351032163829114,0.5,2,0.9,0.7,1.1,0.0,0.0,0.0
32.75000000000028,23.12499999999997,26.399999999999785,26.389378290154262,3.351032163829114,0.5,3,1.3,1.1,1.5,0.0,0.0,0.0
32.75000000000028,23.12499999999997,26.399999999999785,26.389378290154262,3.351032163829114,0.5,4,1.7000000000000002,1.5000000000000002,1.9000000000000001,0.0,0.0,0.0
32.75000000000028,23.12499999999997,26.399999999999785,26.389378290154262,3.351032163829114,0.5,5,2.1,1.9000000000000001,2.3000000000000003,0.0,0.0,0.0
32.75000000000028,23.12499999999997,26.399999999999785,26.389378290154262,3.351032163829114,0.5,6,2.5,2.3,2.7,0.0,0.0,0.0
32.75000000000028,23.14999999999997,26.399999999999785,26.389378290154262,3.351032163829114,0.5,1,0.5,0.3,0.7,0.0,0.0,0.0
32.75000000000028,23.14999999999997,26.399999999999785,26.389378290154262,3.351032163829114,0.5,2,0.9,0.7,1.1,0.0,0.0,0.0
32.75000000000028,23.14999999999997,26.399999999999785,26.389378290154262,3.351032163829114,0.5,3,1.3,1.1,1.5,0.0,0.0,0.0
32.75000000000028,23.14999999999997,26.399999999999785,26.389378290154262,3.351032163829114,0.5,4,1.7000000000000002,1.5000000000000002,1.9000000000000001,0.0,0.0,0.0
32.75000000000028,23.14999999999997,26.399999999999785,26.389378290154262,3.351032163829114,0.5,5,2.1,1.9000000000000001,2.3000000000000003,0.0,0.0,0.0
32.75000000000028,23.14999999999997,26.399999999999785,26.389378290154262,3.351032163829114,0.5,6,2.5,2.3,2.7,0.0,0.0,0.0
32.75000000000028,23.17499999999997,26.399999999999785,26.389378290154262,3.351032163829114,0.5,1,0.5,0.3,0.7,0.0,0.0,0.0
32.75000000000028,23.17499999999997,26.399999999999785,26.389378290154262,3.351032163829114,0.5,2,0.9,0.7,1.1,0.0,0.0,0.0
32.75000000000028,23.17499999999997,26.399999999999785,26.389378290154262,3.351032163829114,0.5,3,1.3,1.1,1.5,0.0,0.0,0.0
32.75000000000028,23.17499999999997,26.399999999999785,26.389378290154262,3.351032163829114,0.5,4,1.7000000000000002,1.5000000000000002,1.9000000000000001,0.0,0.0,0.0
32.75000000000028,23.17499999999997,26.399999999999785,26.389378290154262,3.351032163829114,0.5,5,2.1,1.9000000000000001,2.3000000000000003,0.0,0.0,0.0
32.75000000000028,23.17499999999997,26.399999999999785,26.389378290154262,3.351032163829114,0.5,6,2.5,2.3,2.7,0.0,0.0,0.0
32.75000000000028,23.199999999999967,26.399999999999785,26.389378290154262,3.351032163829114,0.5,1,0.5,0.3,0.7,0.0,0.0,0.0
32.75000000000028,23.199999999999967,26.399999999999785,26.389378290154262,3.351032163829114,0.5,2,0.9,0.7,1.1,0.0,0.0,0.0
32.75000000000028,23.199999999999967,26.399999999999785,26.389378290154262,3.351032163829114,0.5,3,1.3,1.1,1.5,0.0,0.0,0.0
32.75000000000028,23.199999999999967,26.399999999999785,26.389378290154262,3.351032163829114,0.5,4,1.7000000000000002,1.5000000000000002,1.9000000000000001,0.0,0.0,0.0
32.75000000000028,23.199999999999967,26.399999999999785,26.389378290154262,3.351032163829114,0.5,5,2.1,1.9000000000000001,2.3000000000000003,0.0,0.0,0.0
32.75000000000028,23.199999999999967,26.399999999999785,26.389378290154262,3.351032163829114,0.5,6,2.5,2.3,2.7,0.0,0.0,0.0
32.75000000000028,23.224999999999966,26.399999999999785,26.389378290154262,3.351032163829114,0.5,1,0.5,0.3,0.7,0.0,0.0,0.0
32.75000000000028,23.224999999999966,26.399999999999785,26.389378290154262,3.351032163829114,0.5,2,0.9,0.7,1.1,0.0,0.0,0.0
32.75000000000028,23.224999999999966,26.399999999999785,26.389378290154262,3.351032163829114,0.5,3,1.3,1.1,1.5,0.0,0.0,0.0
32.75000000000028,23.224999999999966,26.399999999999785,26.389378290154262,3.351032163829114,0.5,4,1.7000000000000002,1.5000000000000002,1.9000000000000001,0.0,0.0,0.0
32.75000000000028,23.224999999999966,26.399999999999785,26.389378290154262,3.351032163829114,0.5,5,2.1,1.9000000000000001,2.3000000000000003,0.0,0.0,0.0
32.75000000000028,23.224999999999966,26.399999999999785,26.389378290154262,3.351032163829114,0.5,6,2.5,2.3,2.7,0.0,0.0,0.0
32.75000000000028,23.249999999999964,26.399999999999785,26.389378290154262,3.351032163829114,0.5,1,0.5,0.3,0.7,0.0,0.0,0.0
32.75000000000028,23.249999999999964,26.399999999999785,26.389378290154262,3.351032163829114,0.5,2,0.9,0.7,1.1,0.0,0.0,0.0
32.75000000000028,23.249999999999964,26.399999999999785,26.389378290154262,3.351032163829114,0.5,3,1.3,1.1,1.5,0.0,0.0,0.0
32.75000000000028,23.249999999999964,26.399999999999785,26.389378290154262,3.351032163829114,0.5,4,1.7000000000000002,1.5000000000000002,1.9000000000000001,0.0,0.0,0.0
32.75000000000028,23.249999999999964,26.399999999999785,26.389378290154262,3.351032163829114,0.5,5,2.1,1.9000000000000001,2.3000000000000003,0.0,0.0,0.0
32.75000000000028,23.249999999999964,26.399999999999785,26.389378290154262,3.351032163829114,0.5,6,2.5,2.3,2.7,0.0,0.0,0.0
32.75000000000028,23.274999999999963,26.399999999999785,26.389378290154262,3.351032163829114,0.5,1,0.5,0.3,0.7,0.0,0.0,0.0
32.75000000000028,23.274999999999963,26.399999999999785,26.389378290154262,3.351032163829114,0.5,2,0.9,0.7,1.1,0.0,0.0,0.0
32.75000000000028,23.274999999999963,26.399999999999785,26.389378290154262,3.351032163829114,0.5,3,1.3,1.1,1.5,0.0,0.0,0.0
32.75000000000028,23.274999999999963,26.399999999999785,26.389378290154262,3.351032163829114,0.5,4,1.7000000000000002,1.5000000000000002,1.9000000000000001,0.0,0.0,0.0
32.75000000000028,23.274999999999963,26.399999999999785,26.389378290154262,3.351032163829114,0.5,5,2.1,1.9000000000000001,2.3000000000000003,0.0,0.0,0.0
32.75000000000028,23.274999999999963,26.399999999999785,26.389378290154262,3.351032163829114,0.5,6,2.5,2.3,2.7,0.0,0.0,0.0
32.75000000000028,23.29999999999996,26.399999999999785,26.389378290154262,3.351032163829114,0.5,1,0.5,0.3,0.7,0.0,0.0,0.0
32.75000000000028,23.29999999999996,26.399999999999785,26.389378290154262,3.351032163829114,0.5,2,0.9,0.7,1.1,0.0,0.0,0.0
32.75000000000028,23.29999999999996,26.399999999999785,26.389378290154262,3.351032163829114,0.5,3,1.3,1.1,1.5,0.0,0.0,0.0
32.75000000000028,23.29999999999996,26.399999999999785,26.389378290154262,3.351032163829114,0.5,4,1.7000000000000002,1.5000000000000002,1.9000000000000001,0.0,0.0,0.0
32.75000000000028,23.29999999999996,26.399999999999785,26.389378290154262,3.351032163829114,0.5,5,2.1,1.9000000000000001,2.3000000000000003,0.0,0.0,0.0
32.75000000000028,23.29999999999996,26.399999999999785,26.389378290154262,3.351032163829114,0.5,6,2.5,2.3,2.7,0.0,0.0,0.0
32.75000000000028,23.32499999999996,26.399999999999785,26.389378290154262,3.351032163829114,0.5,1,0.5,0.3,0.7,0.0,0.0,0.0
32.75000000000028,23.32499999999996,26.399999999999785,26.389378290154262,3.351032163829114,0.5,2,0.9,0.7,1.1,0.0,0.0,0.0
32.75000000000028,23.32499999999996,26.399999999999785,26.389378290154262,3.351032163829114,0.5,3,1.3,1.1,1.5,0.0,0.0,0.0
32.75000000000028,23.32499999999996,26.399999999999785,26.389378290154262,3.351032163829114,0.5,4,1.7000000000000002,1.5000000000000002,1.9000000000000001,0.0,0.0,0.0
32.75000000000028,23.32499999999996,26.399999999999785,26.389378290154262,3.351032163829114,0.5,5,2.1,1.9000000000000001,2.3000000000000003,0.0,0.0,0.0
32.75000000000028,23.32499999999996,26.399999999999785,26.389378290154262,3.351032163829114,0.5,6,2.5,2.3,2.7,0.0,0.0,0.0
32.75000000000028,23.34999999999996,26.399999999999785,26.389378290154262,3.351032163829114,0.5,1,0.5,0.3,0.7,0.0,0.0,0.0
32.75000000000028,23.34999999999996,26.399999999999785,26.389378290154262,3.351032163829114,0.5,2,0.9,0.7,1.1,0.0,0.0,0.0
32.75000000000028,23.34999999999996,26.399999999999785,26.389378290154262,3.351032163829114,0.5,3,1.3,1.1,1.5,0.0,0.0,0.0
32.75000000000028,23.34999999999996,26.399999999999785,26.389378290154262,3.351032163829114,0.5,4,1.7000000000000002,1.5000000000000002,1.9000000000000001,0.0,0.0,0.0
32.75000000000028,23.34999999999996,26.399999999999785,26.389378290154262,3.351032163829114,0.5,5,2.1,1.9000000000000001,2.3000000000000003,0.0,0.0,0.0
32.75000000000028,23.34999999999996,26.399999999999785,26.389378290154262,3.351032163829114,0.5,6,2.5,2.3,2.7,0.0,0.0,0.0
32.75000000000028,23.374999999999957,26.399999999999785,26.389378290154262,3.351032163829114,0.5,1,0.5,0.3,0.7,0.0,0.0,0.0
32.75000000000028,23.374999999999957,26.399999999999785,26.389378290154262,3.351032163829114,0.5,2,0.9,0.7,1.1,0.0,0.0,0.0
32.75000000000028,23.374999999999957,26.399999999999785,26.389378290154262,3.351032163829114,0.5,3,1.3,1.1,1.5,0.0,0.0,0.0
32.75000000000028,23.374999999999957,26.399999999999785,26.389378290154262,3.351032163829114,0.5,4,1.7000000000000002,1.5000000000000002,1.9000000000000001,0.0,0.0,0.0
32.75000000000028,23.374999999999957,26.399999999999785,26.389378290154262,3.351032163829114,0.5,5,2.1,1.9000000000000001,2.3000000000000003,0.0,0.0,0.0
32.75000000000028,23.374999999999957,26.399999999999785,26.389378290154262,3.351032163829114,0.5,6,2.5,2.3,2.7,0.0,0.0,0.0
32.75000000000028,23.399999999999956,26.399999999999785,26.389378290154262,3.351032163829114,0.5,1,0.5,0.3,0.7,0.0,0.0,0.0
32.75000000000028,23.399999999999956,26.399999999999785,26.389378290154262,3.351032163829114,0.5,2,0.9,0.7,1.1,0.0,0.0,0.0
32.75000000000028,23.399999999999956,26.399999999999785,26.389378290154262,3.351032163829114,0.5,3,1.3,1.1,1.5,0.0,0.0,0.0
32.75000000000028,23.399999999999956,26.399999999999785,26.389378290154262,3.351032163829114,0.5,4,1.7000000000000002,1.5000000000000002,1.9000000000000001,0.0,0.0,0.0
32.75000000000028,23.399999999999956,26.399999999999785,26.389378290154262,3.351032163829114,0.5,5,2.1,1.9000000000000001,2.3000000000000003,0.0,0.0,0.0
32.75000000000028,23.399999999999956,26.399999999999785,26.389378290154262,3.351032163829114,0.5,6,2.5,2.3,2.7,0.0,0.0,0.0
32.75000000000028,23.424999999999955,26.399999999999785,26.389378290154262,3.351032163829114,0.5,1,0.5,0.3,0.7,0.0,0.0,0.0
32.75000000000028,23.424999999999955,26.399999999999785,26.389378290154262,3.351032163829114,0.5,2,0.9,0.7,1.1,0.0,0.0,0.0
32.75000000000028,23.424999999999955,26.399999999999785,26.389378290154262,3.351032163829114,0.5,3,1.3,1.1,1.5,0.0,0.0,0.0
32.75000000000028,23.424999999999955,26.399999999999785,26.389378290154262,3.351032163829114,0.5,4,1.7000000000000002,1.5000000000000002,1.9000000000000001,0.0,0.0,0.0
32.75000000000028,23.424999999999955,26.399999999999785,26.389378290154262,3.351032163829114,0.5,5,2.1,1.9000000000000001,2.3000000000000003,0.0,0.0,0.0
32.75000000000028,23.424999999999955,26.399999999999785,26.389378290154262,3.351032163829114,0.5,6,2.5,2.3,2.7,0.0,0.0,0.0
32.75000000000028,23.449999999999953,26.399999999999785,26.389378290154262,3.351032163829114,0.5,1,0.5,0.3,0.7,0.0,0.0,0.0
32.75000000000028,23.449999999999953,26.399999999999785,26.389378290154262,3.351032163829114,0.5,2,0.9,0.7,1.1,0.0,0.0,0.0
32.75000000000028,23.449999999999953,26.399999999999785,26.389378290154262,3.351032163829114,0.5,3,1.3,1.1,1.5,0.0,0.0,0.0
32.75000000000028,23.449999999999953,26.399999999999785,26.389378290154262,3.351032163829114,0.5,4,1.7000000000000002,1.5000000000000002,1.9000000000000001,0.0,0.0,0.0
32.75000000000028,23.449999999999953,26.399999999999785,26.389378290154262,3.351032163829114,0.5,5,2.1,1.9000000000000001,2.3000000000000003,0.0,0.0,0.0
32.75000000000028,23.449999999999953,26.399999999999785,26.389378290154262,3.351032163829114,0.5,6,2.5,2.3,2.7,0.0,0.0,0.0
33.60000000000023,23.47499999999995,26.82499999999976,26.8082573106329,3.351032163829114,0.5,1,0.5,0.3,0.7,0.0,0.0,0.0
33.60000000000023,23.47499999999995,26.82499999999976,26.8082573106329,3.351032163829114,0.5,2,0.9,0.7,1.1,0.0,0.0,0.0
33.60000000000023,23.47499999999995,26.82499999999976,26.8082573106329,3.351032163829114,0.5,3,1.3,1.1,1.5,0.0,0.0,0.0
33.60000000000023,23.47499999999995,26.82499999999976,26.8082573106329,3.351032163829114,0.5,4,1.7000000000000002,1.5000000000000002,1.9000000000000001,0.0,0.0,0.0
33.60000000000023,23.47499999999995,26.82499999999976,26.8082573106329,3.351032163829114,0.5,5,2.1,1.9000000000000001,2.3000000000000003,0.0,0.0,0.0
33.60000000000023,23.47499999999995,26.82499999999976,26.8082573106329,3.351032163829114,0.5,6,2.5,2.3,2.7,0.0,0.0,0.0
33.60000000000023,23.49999999999995,26.82499999999976,26.8082573106329,3.351032163829114,0.5,1,0.5,0.3,0.7,0.0,0.0,0.0
33.60000000000023,23.49999999999995,26.82499999999976,26.8082573106329,3.351032163829114,0.5,2,0.9,0.7,1.1,0.0,0.0,0.0
33.60000000000023,23.49999999999995,26.82499999999976,26.8082573106329,3.351032163829114,0.5,3,1.3,1.1,1.5,0.0,0.0,0.0
33.60000000000023,23.49999999999995,26.82499999999976,26.8082573106329,3.351032163829114,0.5,4,1.7000000000000002,1.5000000000000002,1.9000000000000001,0.0,0.0,0.0
33.60000000000023,23.49999999999995,26.82499999999976,26.8082573106329,3.351032163829114,0.5,5,2.1,1.9000000000000001,2.3000000000000003,0.0,0.0,0.0
33.60000000000023,23.49999999999995,26.82499999999976,26.8082573106329,3.351032163829114,0.5,6,2.5,2.3,2.7,0.0,0.0,0.0
33.60000000000023,23.52499999999995,26.82499999999976,26.8082573106329,3.351032163829114,0.5,1,0.5,0.3,0.7,0.0,0.0,0.0
33.60000000000023,23.52499999999995,26.82499999999976,26.8082573106329,3.351032163829114,0.5,2,0.9,0.7,1.1,0.0,0.0,0.0
33.60000000000023,23.52499999999995,26.82499999999976,26.8082573106329,3.351032163829114,0.5,3,1.3,1.1,1.5,0.0,0.0,0.0
33.60000000000023,23.52499999999995,26.82499999999976,26.8082573106329,3.351032163829114,0.5,4,1.7000000000000002,1.5000000000000002,1.9000000000000001,0.0,0.0,0.0
33.60000000000023,23.52499999999995,26.82499999999976,26.8082573106329,3.351032163829114,0.5,5,2.1,1.9000000000000001,2.3000000000000003,0.0,0.0,0.0
33.60000000000023,23.52499999999995,26.82499999999976,26.8082573106329,3.351032163829114,0.5,6,2.5,2.3,2.7,0.0,0.0,0.0
33.60000000000023,23.549999999999947,26.82499999999976,26.8082573106329,3.351032163829114,0.5,1,0.5,0.3,0.7,0.0,0.0,0.0
33.60000000000023,23.549999999999947,26.82499999999976,26.8082573106329,3.351032163829114,0.5,2,0.9,0.7,1.1,0.0,0.0,0.0
33.60000000000023,23.549999999999947,26.82499999999976,26.8082573106329,3.351032163829114,0.5,3,1.3,1.1,1.5,0.0,0.0,0.0
33.60000000000023,23.549999999999947,26.82499999999976,26.8082573106329,3.351032163829114,0.5,4,1.7000000000000002,1.5000000000000002,1.9000000000000001,0.0,0.0,0.0
33.60000000000023,23.549999999999947,26.82499999999976,26.8082573106329,3.351032163829114,0.5,5,2.1,1.9000000000000001,2.3000000000000003,0.0,0.0,0.0
33.60000000000023,23.549999999999947,26.82499999999976,26.8082573106329,3.351032163829114,0.5,6,2.5,2.3,2.7,0.0,0.0,0.0
33.60000000000023,23.574999999999946,26.82499999999976,26.8082573106329,3.351032163829114,0.5,1,0.5,0.3,0.7,0.0,0.0,0.0
33.60000000000023,23.574999999999946,26.82499999999976,26.8082573106329,3.351032163829114,0.5,2,0.9,0.7,1.1,0.0,0.0,0.0
33.60000000000023,23.574999999999946,26.82499999999976,26.8082573106329,3.351032163829114,0.5,3,1.3,1.1,1.5,0.0,0.0,0.0
33.60000000000023,23.574999999999946,26.82499999999976,26.8082573106329,3.351032163829114,0.5,4,1.7000000000000002,1.5000000000000002,1.9000000000000001,0.0,0.0,0.0
33.60000000000023,23.574999999999946,26.82499999999976,26.8082573106329,3.351032163829114,0.5,5,2.1,1.9000000000000001,2.3000000000000003,0.0,0.0,0.0
33.60000000000023,23.574999999999946,26.82499999999976,26.8082573106329,3.351032163829114,0.5,6,2.5,2.3,2.7,0.0,0.0,0.0
33.60000000000023,23.599999999999945,26.82499999999976,26.8082573106329,3.351032163829114,0.5,1,0.5,0.3,0.7,0.0,0.0,0.0
33.60000000000023,23.599999999999945,26.82499999999976,26.8082573106329,3.351032163829114,0.5,2,0.9,0.7,1.1,0.0,0.0,0.0
33.60000000000023,23.599999999999945,26.82499999999976,26.8082573106329,3.351032163829114,0.5,3,1.3,1.1,1.5,0.0,0.0,0.0
33.60000000000023,23.599999999999945,26.82499999999976,26.8082573106329,3.351032163829114,0.5,4,1.7000000000000002,1.5000000000000002,1.9000000000000001,0.0,0.0,0.0
33.60000000000023,23.599999999999945,26.82499999999976,26.8082573106329,3.351032163829114,0.5,5,2.1,1.9000000000000001,2.3000000000000003,0.0,0.0,0.0
33.60000000000023,23.599999999999945,26.82499999999976,26.8082573106329,3.351032163829114,0.5,6,2.5,2.3,2.7,0.0,0.0,0.0
33.60000000000023,23.624999999999943,26.82499999999976,26.8082573106329,3.351032163829114,0.5,1,0.5,0.3,0.7,0.0,0.0,0.0
33.60000000000023,23.624999999999943,26.82499999999976,26.8082573106329,3.351032163829114,0.5,2,0.9,0.7,1.1,0.0,0.0,0.0
33.60000000000023,23.624999999999943,26.82499999999976,26.8082573106329,3.351032163829114,0.5,3,1.3,1.1,1.5,0.0,0.0,0.0
33.60000000000023,23.624999999999943,26.82499999999976,26.8082573106329,3.351032163829114,0.5,4,1.7000000000000002,1.5000000000000002,1.9000000000000001,0.0,0.0,0.0
33.60000000000023,23.624999999999943,26.82499999999976,26.8082573106329,3.351032163829114,0.5,5,2.1,1.9000000000000001,2.3000000000000003,0.0,0.0,0.0
33.60000000000023,23.624999999999943,26.82499999999976,26.8082573106329,3.351032163829114,0.5,6,2.5,2.3,2.7,0.0,0.0,0.0
33.60000000000023,23.64999999999994,26.82499999999976,26.8082573106329,3.351032163829114,0.5,1,0.5,0.3,0.7,0.0,0.0,0.0
33.60000000000023,23.64999999999994,26.82499999999976,26.8082573106329,3.351032163829114,0.5,2,0.9,0.7,1.1,0.0,0.0,0.0
33.60000000000023,23.64999999999994,26.82499999999976,26.8082573106329,3.351032163829114,0.5,3,1.3,1.1,1.5,0.0,0.0,0.0
33.60000000000023,23.64999999999994,26.82499999999976,26.8082573106329,3.351032163829114,0.5,4,1.7000000000000002,1.5000000000000002,1.9000000000000001,0.0,0.0,0.0
33.60000000000023,23.64999999999994,26.82499999999976,26.8082573106329,3.351032163829114,0.5,5,2.1,1.9000000000000001,2.3000000000000003,0.0,0.0,0.0
33.60000000000023,23.64999999999994,26.82499999999976,26.8082573106329,3.351032163829114,0.5,6,2.5,2.3,2.7,0.0,0.0,0.0
33.60000000000023,23.67499999999994,26.82499999999976,26.8082573106329,3.351032163829114,0.5,1,0.5,0.3,0.7,0.0,0.0,0.0
33.60000000000023,23.67499999999994,26.82499999999976,26.8082573106329,3.351032163829114,0.5,2,0.9,0.7,1.1,0.0,0.0,0.0
33.60000000000023,23.67499999999994,26.82499999999976,26.8082573106329,3.351032163829114,0.5,3,1.3,1.1,1.5,0.0,0.0,0.0
33.60000000000023,23.67499999999994,26.82499999999976,26.8082573106329,3.351032163829114,0.5,4,1.7000000000000002,1.5000000000000002,1.9000000000000001,0.0,0.0,0.0
33.60000000000023,23.67499999999994,26.82499999999976,26.8082573106329,3.351032163829114,0.5,5,2.1,1.9000000000000001,2.3000000000000003,0.0,0.0,0.0
33.60000000000023,23.67499999999994,26.82499999999976,26.8082573106329,3.351032163829114,0.5,6,2.5,2.3,2.7,0.0,0.0,0.0
33.60000000000023,23.69999999999994,26.82499999999976,26.8082573106329,3.351032163829114,0.5,1,0.5,0.3,0.7,0.0,0.0,0.0
33.60000000000023,23.69999999999994,26.82499999999976,26.8082573106329,3.351032163829114,0.5,2,0.9,0.7,1.1,0.0,0.0,0.0
33.60000000000023,23.69999999999994,26.82499999999976,26.8082573106329,3.351032163829114,0.5,3,1.3,1.1,1.5,0.0,0.0,0.0
33.60000000000023,23.69999999999994,26.82499999999976,26.8082573106329,3.351032163829114,0.5,4,1.7000000000000002,1.5000000000000002,1.9000000000000001,0.0,0.0,0.0
33.60000000000023,23.69999999999994,26.82499999999976,26.8082573106329,3.351032163829114,0.5,5,2.1,1.9000000000000001,2.3000000000000003,0.0,0.0,0.0
33.60000000000023,23.69999999999994,26.82499999999976,26.8082573106329,3.351032163829114,0.5,6,2.5,2.3,2.7,0.0,0.0,0.0
33.60000000000023,23.724999999999937,26.82499999999976,26.8082573106329,3.351032163829114,0.5,1,0.5,0.3,0.7,0.0,0.0,0.0
33.60000000000023,23.724999999999937,26.82499999999976,26.8082573106329,3.351032163829114,0.5,2,0.9,0.7,1.1,0.0,0.0,0.0
33.60000000000023,23.724999999999937,26.82499999999976,26.8082573106329,3.351032163829114,0.5,3,1.3,1.1,1.5,0.0,0.0,0.0
33.60000000000023,23.724999999999937,26.82499999999976,26.8082573106329,3.351032163829114,0.5,4,1.7000000000000002,1.5000000000000002,1.9000000000000001,0.0,0.0,0.0
33.60000000000023,23.724999999999937,26.82499999999976,26.8082573106329,3.351032163829114,0.5,5,2.1,1.9000000000000001,2.3000000000000003,0.0,0.0,0.0
33.60000000000023,23.724999999999937,26.82499999999976,26.8082573106329,3.351032163829114,0.5,6,2.5,2.3,2.7,0.0,0.0,0.0
33.60000000000023,23.749999999999936,26.82499999999976,26.8082573106329,3.351032163829114,0.5,1,0.5,0.3,0.7,0.0,0.0,0.0
33.60000000000023,23.749999999999936,26.82499999999976,26.8082573106329,3.351032163829114,0.5,2,0.9,0.7,1.1,0.0,0.0,0.0
33.60000000000023,23.749999999999936,26.82499999999976,26.8082573106329,3.351032163829114,0.5,3,1.3,1.1,1.5,0.0,0.0,0.0
33.60000000000023,23.749999999999936,26.82499999999976,26.8082573106329,3.351032163829114,0.5,4,1.7000000000000002,1.5000000000000002,1.9000000000000001,0.0,0.0,0.0
33.60000000000023,23.749999999999936,26.82499999999976,26.8082573106329,3.351032163829114,0.5,5,2.1,1.9000000000000001,2.3000000000000003,0.0,0.0,0.0
33.60000000000023,23.749999999999936,26.82499999999976,26.8082573106329,3.351032163829114,0.5,6,2.5,2.3,2.7,0.0,0.0,0.0
33.60000000000023,23.774999999999935,26.82499999999976,26.8082573106329,3.351032163829114,0.5,1,0.5,0.3,0.7,0.0,0.0,0.0
33.60000000000023,23.774999999999935,26.82499999999976,26.8082573106329,3.351032163829114,0.5,2,0.9,0.7,1.1,0.0,0.0,0.0
33.60000000000023,23.774999999999935,26.82499999999976,26.8082573106329,3.351032163829114,0.5,3,1.3,1.1,1.5,0.0,0.0,0.0
33.60000000000023,23.774999999999935,26.82499999999976,26.8082573106329,3.351032163829114,0.5,4,1.7000000000000002,1.5000000000000002,1.9000000000000001,0.0,0.0,0.0
33.60000000000023,23.774999999999935,26.82499999999976,26.8082573106329,3.351032163829114,0.5,5,2.1,1.9000000000000001,2.3000000000000003,0.0,0.0,0.0
33.60000000000023,23.774999999999935,26.82499999999976,26.8082573106329,3.351032163829114,0.5,6,2.5,2.3,2.7,0.0,0.0,0.0
33.60000000000023,23.799999999999933,26.82499999999976,26.8082573106329,3.351032163829114,0.5,1,0.5,0.3,0.7,0.0,0.0,0.0
33.60000000000023,23.799999999999933,26.82499999999976,26.8082573106329,3.351032163829114,0.5,2,0.9,0.7,1.1,0.0,0.0,0.0
33.60000000000023,23.799999999999933,26.82499999999976,26.8082573106329,3.351032163829114,0.5,3,1.3,1.1,1.5,0.0,0.0,0.0
33.60000000000023,23.799999999999933,26.82499999999976,26.8082573106329,3.351032163829114,0.5,4,1.7000000000000002,1.5000000000000002,1.9000000000000001,0.0,0.0,0.0
33.60000000000023,23.799999999999933,26.82499999999976,26.8082573106329,3.351032163829114,0.5,5,2.1,1.9000000000000001,2.3000000000000003,0.0,0.0,0.0
33.60000000000023,23.799999999999933,26.82499999999976,26.8082573106329,3.351032163829114,0.5,6,2.5,2.3,2.7,0.0,0.0,0.0
33.60000000000023,23.824999999999932,26.82499999999976,26.8082573106329,3.351032163829114,0.5,1,0.5,0.3,0.7,0.0,0.0,0.0
33.60000000000023,23.824999999999932,26.82499999999976,26.8082573106329,3.351032163829114,0.5,2,0.9,0.7,1.1,0.0,0.0,0.0
33.60000000000023,23.824999999999932,26.82499999999976,26.8082573106329,3.351032163829114,0.5,3,1.3,1.1,1.5,0.0,0.0,0.0
33.60000000000023,23.824999999999932,26.82499999999976,26.8082573106329,3.351032163829114,0.5,4,1.7000000000000002,1.5000000000000002,1.9000000000000001,0.0,0.0,0.0
33.60000000000023,23.824999999999932,26.82499999999976,26.8082573106329,3.351032163829114,0.5,5,2.1,1.9000000000000001,2.3000000000000003,0.0,0.0,0.0
33.60000000000023,23.824999999999932,26.82499999999976,26.8082573106329,3.351032163829114,0.5,6,2.5,2.3,2.7,0.0,0.0,0.0
33.60000000000023,23.84999999999993,26.82499999999976,26.8082573106329,3.351032163829114,0.5,1,0.5,0.3,0.7,0.0,0.0,0.0
33.60000000000023,23.84999999999993,26.82499999999976,26.8082573106329,3.351032163829114,0.5,2,0.9,0.7,1.1,0.0,0.0,0.0
33.60000000000023,23.84999999999993,26.82499999999976,26.8082573106329,3.351032163829114,0.5,3,1.3,1.1,1.5,0.0,0.0,0.0
33.60000000000023,23.84999999999993,26.82499999999976,26.8082573106329,3.351032163829114,0.5,4,1.7000000000000002,1.5000000000000002,1.9000000000000001,0.0,0.0,0.0
33.60000000000023,23.84999999999993,26.82499999999976,26.8082573106329,3.351032163829114,0.5,5,2.1,1.9000000000000001,2.3000000000000003,0.0,0.0,0.0
33.60000000000023,23.84999999999993,26.82499999999976,26.8082573106329,3.351032163829114,0.5,6,2.5,2.3,2.7,0.0,0.0,0.0
33.60000000000023,23.87499999999993,26.82499999999976,26.8082573106329,3.351032163829114,0.5,1,0.5,0.3,0.7,0.0,0.0,0.0
33.60000000000023,23.87499999999993,26.82499999999976,26.8082573106329,3.351032163829114,0.5,2,0.9,0.7,1.1,0.0,0.0,0.0
33.60000000000023,23.87499999999993,26.82499999999976,26.8082573106329,3.351032163829114,0.5,3,1.3,1.1,1.5,0.0,0.0,0.0
33.60000000000023,23.87499999999993,26.82499999999976,26.8082573106329,3.351032163829114,0.5,4,1.7000000000000002,1.5000000000000002,1.9000000000000001,0.0,0.0,0.0
33.60000000000023,23.87499999999993,26.82499999999976,26.8082573106329,3.351032163829114,0.5,5,2.1,1.9000000000000001,2.3000000000000003,0.0,0.0,0.0
33.60000000000023,23.87499999999993,26.82499999999976,26.8082573106329,3.351032163829114,0.5,6,2.5,2.3,2.7,0.0,0.0,0.0
34.45000000000018,23.899999999999928,27.249999999999737,27.227136331111538,3.3510321638291103,0.5,1,0.5,0.3,0.7,0.0,0.0,0.0
34.45000000000018,23.899999999999928,27.249999999999737,27.227136331111538,3.3510321638291103,0.5,2,0.9,0.7,1.1,0.0,0.0,0.0
34.45000000000018,23.899999999999928,27.249999999999737,27.227136331111538,3.3510321638291103,0.5,3,1.3,1.1,1.5,0.0,0.0,0.0
34.45000000000018,23.899999999999928,27.249999999999737,27.227136331111538,3.3510321638291103,0.5,4,1.7000000000000002,1.5000000000000002,1.9000000000000001,0.0,0.0,0.0
34.45000000000018,23.899999999999928,27.249999999999737,27.227136331111538,3.3510321638291103,0.5,5,2.1,1.9000000000000001,2.3000000000000003,0.0,0.0,0.0
34.45000000000018,23.899999999999928,27.249999999999737,27.227136331111538,3.3510321638291103,0.5,6,2.5,2.3,2.7,0.0,0.0,0.0
34.45000000000018,23.924999999999926,27.249999999999737,27.227136331111538,3.3510321638291103,0.5,1,0.5,0.3,0.7,0.0,0.0,0.0
34.45000000000018,23.924999999999926,27.249999999999737,27.227136331111538,3.3510321638291103,0.5,2,0.9,0.7,1.1,0.0,0.0,0.0
34.45000000000018,23.924999999999926,27.249999999999737,27.227136331111538,3.3510321638291103,0.5,3,1.3,1.1,1.5,0.0,0.0,0.0
34.45000000000018,23.924999999999926,27.249999999999737,27.227136331111538,3.3510321638291103,0.5,4,1.7000000000000002,1.5000000000000002,1.9000000000000001,0.0,0.0,0.0
34.45000000000018,23.924999999999926,27.249999999999737,27.227136331111538,3.3510321638291103,0.5,5,2.1,1.9000000000000001,2.3000000000000003,0.0,0.0,0.0
34.45000000000018,23.924999999999926,27.249999999999737,27.227136331111538,3.3510321638291103,0.5,6,2.5,2.3,2.7,0.0,0.0,0.0
34.45000000000018,23.949999999999925,27.249999999999737,27.227136331111538,3.3510321638291103,0.5,1,0.5,0.3,0.7,0.0,0.0,0.0
34.45000000000018,23.949999999999925,27.249999999999737,27.227136331111538,3.3510321638291103,0.5,2,0.9,0.7,1.1,0.0,0.0,0.0
34.45000000000018,23.949999999999925,27.249999999999737,27.227136331111538,3.3510321638291103,0.5,3,1.3,1.1,1.5,0.0,0.0,0.0
34.45000000000018,23.949999999999925,27.249999999999737,27.227136331111538,3.3510321638291103,0.5,4,1.7000000000000002,1.5000000000000002,1.9000000000000001,0.0,0.0,0.0
34.45000000000018,23.949999999999925,27.249999999999737,27.227136331111538,3.3510321638291103,0.5,5,2.1,1.9000000000000001,2.3000000000000003,0.0,0.0,0.0
34.45000000000018,23.949999999999925,27.249999999999737,27.227136331111538,3.3510321638291103,0.5,6,2.5,2.3,2.7,0.0,0.0,0.0
34.45000000000018,23.974999999999923,27.249999999999737,27.227136331111538,3.3510321638291103,0.5,1,0.5,0.3,0.7,0.0,0.0,0.0
34.45000000000018,23.974999999999923,27.249999999999737,27.227136331111538,3.3510321638291103,0.5,2,0.9,0.7,1.1,0.0,0.0,0.0
34.45000000000018,23.974999999999923,27.249999999999737,27.227136331111538,3.3510321638291103,0.5,3,1.3,1.1,1.5,0.0,0.0,0.0
34.45000000000018,23.974999999999923,27.249999999999737,27.227136331111538,3.3510321638291103,0.5,4,1.7000000000000002,1.5000000000000002,1.9000000000000001,0.0,0.0,0.0
34.45000000000018,23.974999999999923,27.249999999999737,27.227136331111538,3.3510321638291103,0.5,5,2.1,1.9000000000000001,2.3000000000000003,0.0,0.0,0.0
34.45000000000018,23.974999999999923,27.249999999999737,27.227136331111538,3.3510321638291103,0.5,6,2.5,2.3,2.7,0.0,0.0,0.0
34.45000000000018,23.999999999999922,27.249999999999737,27.227136331111538,3.3510321638291103,0.5,1,0.5,0.3,0.7,0.0,0.0,0.0
34.45000000000018,23.999999999999922,27.249999999999737,27.227136331111538,3.3510321638291103,0.5,2,0.9,0.7,1.1,0.0,0.0,0.0
34.45000000000018,23.999999999999922,27.249999999999737,27.227136331111538,3.3510321638291103,0.5,3,1.3,1.1,1.5,0.0,0.0,0.0
34.45000000000018,23.999999999999922,27.249999999999737,27.227136331111538,3.3510321638291103,0.5,4,1.7000000000000002,1.5000000000000002,1.9000000000000001,0.0,0.0,0.0
34.45000000000018,23.999999999999922,27.249999999999737,27.227136331111538,3.3510321638291103,0.5,5,2.1,1.9000000000000001,2.3000000000000003,0.0,0.0,0.0
34.45000000000018,23.999999999999922,27.249999999999737,27.227136331111538,3.3510321638291103,0.5,6,2.5,2.3,2.7,0.0,0.0,0.0
34.45000000000018,24.02499999999992,27.249999999999737,27.227136331111538,3.3510321638291103,0.5,1,0.5,0.3,0.7,0.0,0.0,0.0
34.45000000000018,24.02499999999992,27.249999999999737,27.227136331111538,3.3510321638291103,0.5,2,0.9,0.7,1.1,0.0,0.0,0.0
34.45000000000018,24.02499999999992,27.249999999999737,27.227136331111538,3.3510321638291103,0.5,3,1.3,1.1,1.5,0.0,0.0,0.0
34.45000000000018,24.02499999999992,27.249999999999737,27.227136331111538,3.3510321638291103,0.5,4,1.7000000000000002,1.5000000000000002,1.9000000000000001,0.0,0.0,0.0
34.45000000000018,24.02499999999992,27.249999999999737,27.227136331111538,3.3510321638291103,0.5,5,2.1,1.9000000000000001,2.3000000000000003,0.0,0.0,0.0
34.45000000000018,24.02499999999992,27.249999999999737,27.227136331111538,3.3510321638291103,0.5,6,2.5,2.3,2.7,0.0,0.0,0.0
34.45000000000018,24.04999999999992,27.249999999999737,27.227136331111538,3.3510321638291103,0.5,1,0.5,0.3,0.7,0.0,0.0,0.0
34.45000000000018,24.04999999999992,27.249999999999737,27.227136331111538,3.3510321638291103,0.5,2,0.9,0.7,1.1,0.0,0.0,0.0
34.45000000000018,24.04999999999992,27.249999999999737,27.227136331111538,3.3510321638291103,0.5,3,1.3,1.1,1.5,0.0,0.0,0.0
34.45000000000018,24.04999999999992,27.249999999999737,27.227136331111538,3.3510321638291103,0.5,4,1.7000000000000002,1.5000000000000002,1.9000000000000001,0.0,0.0,0.0
34.45000000000018,24.04999999999992,27.249999999999737,27.227136331111538,3.3510321638291103,0.5,5,2.1,1.9000000000000001,2.3000000000000003,0.0,0.0,0.0
34.45000000000018,24.04999999999992,27.249999999999737,27.227136331111538,3.3510321638291103,0.5,6,2.5,2.3,2.7,0.0,0.0,0.0
34.45000000000018,24.074999999999918,27.249999999999737,27.227136331111538,3.3510321638291103,0.5,1,0.5,0.3,0.7,0.0,0.0,0.0
34.45000000000018,24.074999999999918,27.249999999999737,27.227136331111538,3.3510321638291103,0.5,2,0.9,0.7,1.1,0.0,0.0,0.0
34.45000000000018,24.074999999999918,27.249999999999737,27.227136331111538,3.3510321638291103,0.5,3,1.3,1.1,1.5,0.0,0.0,0.0
34.45000000000018,24.074999999999918,27.249999999999737,27.227136331111538,3.3510321638291103,0.5,4,1.7000000000000002,1.5000000000000002,1.9000000000000001,0.0,0.0,0.0
34.45000000000018,24.074999999999918,27.249999999999737,27.227136331111538,3.3510321638291103,0.5,5,2.1,1.9000000000000001,2.3000000000000003,0.0,0.0,0.0
34.45000000000018,24.074999999999918,27.249999999999737,27.227136331111538,3.3510321638291103,0.5,6,2.5,2.3,2.7,0.0,0.0,0.0
34.45000000000018,24.099999999999916,27.249999999999737,27.227136331111538,3.3510321638291103,0.5,1,0.5,0.3,0.7,0.0,0.0,0.0
34.45000000000018,24.099999999999916,27.249999999999737,27.227136331111538,3.3510321638291103,0.5,2,0.9,0.7,1.1,0.0,0.0,0.0
34.45000000000018,24.099999999999916,27.249999999999737,27.227136331111538,3.3510321638291103,0.5,3,1.3,1.1,1.5,0.0,0.0,0.0
34.45000000000018,24.099999999999916,27.249999999999737,27.227136331111538,3.3510321638291103,0.5,4,1.7000000000000002,1.5000000000000002,1.9000000000000001,0.0,0.0,0.0
34.45000000000018,24.099999999999916,27.249999999999737,27.227136331111538,3.3510321638291103,0.5,5,2.1,1.9000000000000001,2.3000000000000003,0.0,0.0,0.0
34.45000000000018,24.099999999999916,27.249999999999737,27.227136331111538,3.3510321638291103,0.5,6,2.5,2.3,2.7,0.0,0.0,0.0
34.45000000000018,24.124999999999915,27.249999999999737,27.227136331111538,3.3510321638291103,0.5,1,0.5,0.3,0.7,0.0,0.0,0.0
34.45000000000018,24.124999999999915,27.249999999999737,27.227136331111538,3.3510321638291103,0.5,2,0.9,0.7,1.1,0.0,0.0,0.0
34.45000000000018,24.124999999999915,27.249999999999737,27.227136331111538,3.3510321638291103,0.5,3,1.3,1.1,1.5,0.0,0.0,0.0
34.45000000000018,24.124999999999915,27.249999999999737,27.227136331111538,3.3510321638291103,0.5,4,1.7000000000000002,1.5000000000000002,1.9000000000000001,0.0,0.0,0.0
34.45000000000018,24.124999999999915,27.249999999999737,27.227136331111538,3.3510321638291103,0.5,5,2.1,1.9000000000000001,2.3000000000000003,0.0,0.0,0.0
34.45000000000018,24.124999999999915,27.249999999999737,27.227136331111538,3.3510321638291103,0.5,6,2.5,2.3,2.7,0.0,0.0,0.0
34.45000000000018,24.149999999999913,27.249999999999737,27.227136331111538,3.3510321638291103,0.5,1,0.5,0.3,0.7,0.0,0.0,0.0
34.45000000000018,24.149999999999913,27.249999999999737,27.227136331111538,3.3510321638291103,0.5,2,0.9,0.7,1.1,0.0,0.0,0.0
34.45000000000018,24.149999999999913,27.249999999999737,27.227136331111538,3.3510321638291103,0.5,3,1.3,1.1,1.5,0.0,0.0,0.0
34.45000000000018,24.149999999999913,27.249999999999737,27.227136331111538,3.3510321638291103,0.5,4,1.7000000000000002,1.5000000000000002,1.9000000000000001,0.0,0.0,0.0
34.45000000000018,24.149999999999913,27.249999999999737,27.227136331111538,3.3510321638291103,0.5,5,2.1,1.9000000000000001,2.3000000000000003,0.0,0.0,0.0
34.45000000000018,24.149999999999913,27.249999999999737,27.227136331111538,3.3510321638291103,0.5,6,2.5,2.3,2.7,0.0,0.0,0.0
34.45000000000018,24.174999999999912,27.249999999999737,27.227136331111538,3.3510321638291103,0.5,1,0.5,0.3,0.7,0.0,0.0,0.0
34.45000000000018,24.174999999999912,27.249999999999737,27.227136331111538,3.3510321638291103,0.5,2,0.9,0.7,1.1,0.0,0.0,0.0
34.45000000000018,24.174999999999912,27.249999999999737,27.227136331111538,3.3510321638291103,0.5,3,1.3,1.1,1.5,0.0,0.0,0.0
34.45000000000018,24.174999999999912,27.249999999999737,27.227136331111538,3.3510321638291103,0.5,4,1.7000000000000002,1.5000000000000002,1.9000000000000001,0.0,0.0,0.0
34.45000000000018,24.174999999999912,27.249999999999737,27.227136331111538,3.3510321638291103,0.5,5,2.1,1.9000000000000001,2.3000000000000003,0.0,0.0,0.0
34.45000000000018,24.174999999999912,27.249999999999737,27.227136331111538,3.3510321638291103,0.5,6,2.5,2.3,2.7,0.0,0.0,0.0
34.45000000000018,24.19999999999991,27.249999999999737,27.227136331111538,3.3510321638291103,0.5,1,0.5,0.3,0.7,0.0,0.0,0.0
34.45000000000018,24.19999999999991,27.249999999999737,27.227136331111538,3.3510321638291103,0.5,2,0.9,0.7,1.1,0.0,0.0,0.0
34.45000000000018,24.19999999999991,27.249999999999737,27.227136331111538,3.3510321638291103,0.5,3,1.3,1.1,1.5,0.0,0.0,0.0
34.45000000000018,24.19999999999991,27.249999999999737,27.227136331111538,3.3510321638291103,0.5,4,1.7000000000000002,1.5000000000000002,1.9000000000000001,0.0,0.0,0.0
34.45000000000018,24.19999999999991,27.249999999999737,27.227136331111538,3.3510321638291103,0.5,5,2.1,1.9000000000000001,2.3000000000000003,0.0,0.0,0.0
34.45000000000018,24.19999999999991,27.249999999999737,27.227136331111538,3.3510321638291103,0.5,6,2.5,2.3,2.7,0.0,0.0,0.0
34.45000000000018,24.22499999999991,27.249999999999737,27.227136331111538,3.3510321638291103,0.5,1,0.5,0.3,0.7,0.0,0.0,0.0
34.45000000000018,24.22499999999991,27.249999999999737,27.227136331111538,3.3510321638291103,0.5,2,0.9,0.7,1.1,0.0,0.0,0.0
34.45000000000018,24.22499999999991,27.249999999999737,27.227136331111538,3.3510321638291103,0.5,3,1.3,1.1,1.5,0.0,0.0,0.0
34.45000000000018,24.22499999999991,27.249999999999737,27.227136331111538,3.3510321638291103,0.5,4,1.7000000000000002,1.5000000000000002,1.9000000000000001,0.0,0.0,0.0
34.45000000000018,24.22499999999991,27.249999999999737,27.227136331111538,3.3510321638291103,0.5,5,2.1,1.9000000000000001,2.3000000000000003,0.0,0.0,0.0
34.45000000000018,24.22499999999991,27.249999999999737,27.227136331111538,3.3510321638291103,0.5,6,2.5,2.3,2.7,0.0,0.0,0.0
34.45000000000018,24.249999999999908,27.249999999999737,27.227136331111538,3.3510321638291103,0.5,1,0.5,0.3,0.7,0.0,0.0,0.0
34.45000000000018,24.249999999999908,27.249999999999737,27.227136331111538,3.3510321638291103,0.5,2,0.9,0.7,1.1,0.0,0.0,0.0
34.45000000000018,24.249999999999908,27.249999999999737,27.227136331111538,3.3510321638291103,0.5,3,1.3,1.1,1.5,0.0,0.0,0.0
34.45000000000018,24.249999999999908,27.249999999999737,27.227136331111538,3.3510321638291103,0.5,4,1.7000000000000002,1.5000000000000002,1.9000000000000001,0.0,0.0,0.0
34.45000000000018,24.249999999999908,27.249999999999737,27.227136331111538,3.3510321638291103,0.5,5,2.1,1.9000000000000001,2.3000000000000003,0.0,0.0,0.0
34.45000000000018,24.249999999999908,27.249999999999737,27.227136331111538,3.3510321638291103,0.5,6,2.5,2.3,2.7,0.0,0.0,0.0
34.45000000000018,24.274999999999906,27.249999999999737,27.227136331111538,3.3510321638291103,0.5,1,0.5,0.3,0.7,0.0,0.0,0.0
34.45000000000018,24.274999999999906,27.249999999999737,27.227136331111538,3.3510321638291103,0.5,2,0.9,0.7,1.1,0.0,0.0,0.0
34.45000000000018,24.274999999999906,27.249999999999737,27.227136331111538,3.3510321638291103,0.5,3,1.3,1.1,1.5,0.0,0.0,0.0
34.45000000000018,24.274999999999906,27.249999999999737,27.227136331111538,3.3510321638291103,0.5,4,1.7000000000000002,1.5000000000000002,1.9000000000000001,0.0,0.0,0.0
34.45000000000018,24.274999999999906,27.249999999999737,27.227136331111538,3.3510321638291103,0.5,5,2.1,1.9000000000000001,2.3000000000000003,0.0,0.0,0.0
34.45000000000018,24.274999999999906,27.249999999999737,27.227136331111538,3.3510321638291103,0.5,6,2.5,2.3,2.7,0.0,0.0,0.0
60.14999999999872,24.299999999999905,27.649999999999725,27.64601535159018,3.351032163829114,1.0,1,0.5,0.3,0.7,0.0,0.0,0.0
60.14999999999872,24.299999999999905,27.649999999999725,27.64601535159018,3.351032163829114,1.0,2,0.9,0.7,1.1,0.0,0.0,0.0
60.14999999999872,24.299999999999905,27.649999999999725,27.64601535159018,3.351032163829114,1.0,3,1.3,1.1,1.5,0.0,0.0,0.0
60.14999999999872,24.299999999999905,27.649999999999725,27.64601535159018,3.351032163829114,1.0,4,1.7000000000000002,1.5000000000000002,1.9000000000000001,0.0,0.0,0.0
60.14999999999872,24.299999999999905,27.649999999999725,27.64601535159018,3.351032163829114,1.0,5,2.1,1.9000000000000001,2.3000000000000003,0.0,0.0,0.0
60.14999999999872,24.299999999999905,27.649999999999725,27.64601535159018,3.351032163829114,1.0,6,2.5,2.3,2.7,0.0,0.0,0.0
60.14999999999872,24.324999999999903,27.649999999999725,27.64601535159018,3.351032163829114,1.0,1,0.5,0.3,0.7,0.0,0.0,0.0
60.14999999999872,24.324999999999903,27.649999999999725,27.64601535159018,3.351032163829114,1.0,2,0.9,0.7,1.1,0.0,0.0,0.0
60.14999999999872,24.324999999999903,27.649999999999725,27.64601535159018,3.351032163829114,1.0,3,1.3,1.1,1.5,0.0,0.0,0.0
60.14999999999872,24.324999999999903,27.649999999999725,27.64601535159018,3.351032163829114,1.0,4,1.7000000000000002,1.5000000000000002,1.9000000000000001,0.0,0.0,0.0
60.14999999999872,24.324999999999903,27.649999999999725,27.64601535159018,3.351032163829114,1.0,5,2.1,1.9000000000000001,2.3000000000000003,0.0,0.0,0.0
60.14999999999872,24.324999999999903,27.649999999999725,27.64601535159018,3.351032163829114,1.0,6,2.5,2.3,2.7,0.0,0.0,0.0
60.14999999999872,24.349999999999902,27.649999999999725,27.64601535159018,3.351032163829114,1.0,1,0.5,0.3,0.7,0.0,0.0,0.0
60.14999999999872,24.349999999999902,27.649999999999725,27.64601535159018,3.351032163829114,1.0,2,0.9,0.7,1.1,0.0,0.0,0.0
60.14999999999872,24.349999999999902,27.649999999999725,27.64601535159018,3.351032163829114,1.0,3,1.3,1.1,1.5,0.0,0.0,0.0
60.14999999999872,24.349999999999902,27.649999999999725,27.64601535159018,3.351032163829114,1.0,4,1.7000000000000002,1.5000000000000002,1.9000000000000001,0.0,0.0,0.0
60.14999999999872,24.349999999999902,27.649999999999725,27.64601535159018,3.351032163829114,1.0,5,2.1,1.9000000000000001,2.3000000000000003,0.0,0.0,0.0
60.14999999999872,24.349999999999902,27.649999999999725,27.64601535159018,3.351032163829114,1.0,6,2.5,2.3,2.7,0.0,0.0,0.0
60.14999999999872,24.3749999999999,27.649999999999725,27.64601535159018,3.351032163829114,1.0,1,0.5,0.3,0.7,0.0,0.0,0.0
60.14999999999872,24.3749999999999,27.649999999999725,27.64601535159018,3.351032163829114,1.0,2,0.9,0.7,1.1,0.0,0.0,0.0
60.14999999999872,24.3749999999999,27.649999999999725,27.64601535159018,3.351032163829114,1.0,3,1.3,1.1,1.5,0.0,0.0,0.0
60.14999999999872,24.3749999999999,27.649999999999725,27.64601535159018,3.351032163829114,1.0,4,1.7000000000000002,1.5000000000000002,1.9000000000000001,0.0,0.0,0.0
60.14999999999872,24.3749999999999,27.649999999999725,27.64601535159018,3.351032163829114,1.0,5,2.1,1.9000000000000001,2.3000000000000003,0.0,0.0,0.0
60.14999999999872,24.3749999999999,27.649999999999725,27.64601535159018,3.351032163829114,1.0,6,2.5,2.3,2.7,0.0,0.0,0.0
60.14999999999872,24.3999999999999,27.649999999999725,27.64601535159018,3.351032163829114,1.0,1,0.5,0.3,0.7,0.0,0.0,0.0
60.14999999999872,24.3999999999999,27.649999999999725,27.64601535159018,3.351032163829114,1.0,2,0.9,0.7,1.1,0.0,0.0,0.0
60.14999999999872,24.3999999999999,27.649999999999725,27.64601535159018,3.351032163829114,1.0,3,1.3,1.1,1.5,0.0,0.0,0.0
60.14999999999872,24.3999999999999,27.649999999999725,27.64601535159018,3.351032163829114,1.0,4,1.7000000000000002,1.5000000000000002,1.9000000000000001,0.0,0.0,0.0
60.14999999999872,24.3999999999999,27.649999999999725,27.64601535159018,3.351032163829114,1.0,5,2.1,1.9000000000000001,2.3000000000000003,0.0,0.0,0.0
60.14999999999872,24.3999999999999,27.649999999999725,27.64601535159018,3.351032163829114,1.0,6,2.5,2.3,2.7,0.0,0.0,0.0
60.14999999999872,24.424999999999898,27.649999999999725,27.64601535159018,3.351032163829114,1.0,1,0.5,0.3,0.7,0.0,0.0,0.0
60.14999999999872,24.424999999999898,27.649999999999725,27.64601535159018,3.351032163829114,1.0,2,0.9,0.7,1.1,0.0,0.0,0.0
60.14999999999872,24.424999999999898,27.649999999999725,27.64601535159018,3.351032163829114,1.0,3,1.3,1.1,1.5,0.0,0.0,0.0
60.14999999999872,24.424999999999898,27.649999999999725,27.64601535159018,3.351032163829114,1.0,4,1.7000000000000002,1.5000000000000002,1.9000000000000001,0.0,0.0,0.0
60.14999999999872,24.424999999999898,27.649999999999725,27.64601535159018,3.351032163829114,1.0,5,2.1,1.9000000000000001,2.3000000000000003,0.0,0.0,0.0
60.14999999999872,24.424999999999898,27.649999999999725,27.64601535159018,3.351032163829114,1.0,6,2.5,2.3,2.7,0.0,0.0,0.0
60.14999999999872,24.449999999999896,27.649999999999725,27.64601535159018,3.351032163829114,1.0,1,0.5,0.3,0.7,0.0,0.0,0.0
60.14999999999872,24.449999999999896,27.649999999999725,27.64601535159018,3.351032163829114,1.0,2,0.9,0.7,1.1,0.0,0.0,0.0
60.14999999999872,24.449999999999896,27.649999999999725,27.64601535159018,3.351032163829114,1.0,3,1.3,1.1,1.5,0.0,0.0,0.0
60.14999999999872,24.449999999999896,27.649999999999725,27.64601535159018,3.351032163829114,1.0,4,1.7000000000000002,1.5000000000000002,1.9000000000000001,0.0,0.0,0.0
60.14999999999872,24.449999999999896,27.649999999999725,27.64601535159018,3.351032163829114,1.0,5,2.1,1.9000000000000001,2.3000000000000003,0.0,0.0,0.0
60.14999999999872,24.449999999999896,27.649999999999725,27.64601535159018,3.351032163829114,1.0,6,2.5,2.3,2.7,0.0,0.0,0.0
60.14999999999872,24.474999999999895,27.649999999999725,27.64601535159018,3.351032163829114,1.0,1,0.5,0.3,0.7,0.0,0.0,0.0
60.14999999999872,24.474999999999895,27.649999999999725,27.64601535159018,3.351032163829114,1.0,2,0.9,0.7,1.1,0.0,0.0,0.0
60.14999999999872,24.474999999999895,27.649999999999725,27.64601535159018,3.351032163829114,1.0,3,1.3,1.1,1.5,0.0,0.0,0.0
60.14999999999872,24.474999999999895,27.649999999999725,27.64601535159018,3.351032163829114,1.0,4,1.7000000000000002,1.5000000000000002,1.9000000000000001,0.0,0.0,0.0
60.14999999999872,24.474999999999895,27.649999999999725,27.64601535159018,3.351032163829114,1.0,5,2.1,1.9000000000000001,2.3000000000000003,0.0,0.0,0.0
60.14999999999872,24.474999999999895,27.649999999999725,27.64601535159018,3.351032163829114,1.0,6,2.5,2.3,2.7,0.0,0.0,0.0
60.14999999999872,24.499999999999893,27.649999999999725,27.64601535159018,3.351032163829114,1.0,1,0.5,0.3,0.7,0.0,0.0,0.0
60.14999999999872,24.499999999999893,27.649999999999725,27.64601535159018,3.351032163829114,1.0,2,0.9,0.7,1.1,0.0,0.0,0.0
60.14999999999872,24.499999999999893,27.649999999999725,27.64601535159018,3.351032163829114,1.0,3,1.3,1.1,1.5,0.0,0.0,0.0
60.14999999999872,24.499999999999893,27.649999999999725,27.64601535159018,3.351032163829114,1.0,4,1.7000000000000002,1.5000000000000002,1.9000000000000001,0.0,0.0,0.0
60.14999999999872,24.499999999999893,27.649999999999725,27.64601535159018,3.351032163829114,1.0,5,2.1,1.9000000000000001,2.3000000000000003,0.0,0.0,0.0
60.14999999999872,24.499999999999893,27.649999999999725,27.64601535159018,3.351032163829114,1.0,6,2.5,2.3,2.7,0.0,0.0,0.0
60.14999999999872,24.524999999999892,27.649999999999725,27.64601535159018,3.351032163829114,1.0,1,0.5,0.3,0.7,0.0,0.0,0.0
60.14999999999872,24.524999999999892,27.649999999999725,27.64601535159018,3.351032163829114,1.0,2,0.9,0.7,1.1,0.0,0.0,0.0
60.14999999999872,24.524999999999892,27.649999999999725,27.64601535159018,3.351032163829114,1.0,3,1.3,1.1,1.5,0.0,0.0,0.0
60.14999999999872,24.524999999999892,27.649999999999725,27.64601535159018,3.351032163829114,1.0,4,1.7000000000000002,1.5000000000000002,1.9000000000000001,0.0,0.0,0.0
60.14999999999872,24.524999999999892,27.649999999999725,27.64601535159018,3.351032163829114,1.0,5,2.1,1.9000000000000001,2.3000000000000003,0.0,0.0,0.0
60.14999999999872,24.524999999999892,27.649999999999725,27.64601535159018,3.351032163829114,1.0,6,2.5,2.3,2.7,0.0,0.0,0.0
60.14999999999872,24.54999999999989,27.649999999999725,27.64601535159018,3.351032163829114,1.0,1,0.5,0.3,0.7,0.0,0.0,0.0
60.14999999999872,24.54999999999989,27.649999999999725,27.64601535159018,3.351032163829114,1.0,2,0.9,0.7,1.1,0.0,0.0,0.0
60.14999999999872,24.54999999999989,27.649999999999725,27.64601535159018,3.351032163829114,1.0,3,1.3,1.1,1.5,0.0,0.0,0.0
60.14999999999872,24.54999999999989,27.649999999999725,27.64601535159018,3.351032163829114,1.0,4,1.7000000000000002,1.5000000000000002,1.9000000000000001,0.0,0.0,0.0
60.14999999999872,24.54999999999989,27.649999999999725,27.64601535159018,3.351032163829114,1.0,5,2.1,1.9000000000000001,2.3000000000000003,0.0,0.0,0.0
60.14999999999872,24.54999999999989,27.649999999999725,27.64601535159018,3.351032163829114,1.0,6,2.5,2.3,2.7,0.0,0.0,0.0
60.14999999999872,24.57499999999989,27.649999999999725,27.64601535159018,3.351032163829114,1.0,1,0.5,0.3,0.7,0.0,0.0,0.0
60.14999999999872,24.57499999999989,27.649999999999725,27.64601535159018,3.351032163829114,1.0,2,0.9,0.7,1.1,0.0,0.0,0.0
60.14999999999872,24.57499999999989,27.649999999999725,27.64601535159018,3.351032163829114,1.0,3,1.3,1.1,1.5,0.0,0.0,0.0
60.14999999999872,24.57499999999989,27.649999999999725,27.64601535159018,3.351032163829114,1.0,4,1.7000000000000002,1.5000000000000002,1.9000000000000001,0.0,0.0,0.0
60.14999999999872,24.57499999999989,27.649999999999725,27.64601535159018,3.351032163829114,1.0,5,2.1,1.9000000000000001,2.3000000000000003,0.0,0.0,0.0
60.14999999999872,24.57499999999989,27.649999999999725,27.64601535159018,3.351032163829114,1.0,6,2.5,2.3,2.7,0.0,0.0,0.0
60.14999999999872,24.599999999999888,27.649999999999725,27.64601535159018,3.351032163829114,1.0,1,0.5,0.3,0.7,0.0,0.0,0.0
60.14999999999872,24.599999999999888,27.649999999999725,27.64601535159018,3.351032163829114,1.0,2,0.9,0.7,1.1,0.0,0.0,0.0
60.14999999999872,24.599999999999888,27.649999999999725,27.64601535159018,3.351032163829114,1.0,3,1.3,1.1,1.5,0.0,0.0,0.0
60.14999999999872,24.599999999999888,27.649999999999725,27.64601535159018,3.351032163829114,1.0,4,1.7000000000000002,1.5000000000000002,1.9000000000000001,0.0,0.0,0.0
60.14999999999872,24.599999999999888,27.649999999999725,27.64601535159018,3.351032163829114,1.0,5,2.1,1.9000000000000001,2.3000000000000003,0.0,0.0,0.0
60.14999999999872,24.599999999999888,27.649999999999725,27.64601535159018,3.351032163829114,1.0,6,2.5,2.3,2.7,0.0,0.0,0.0
60.14999999999872,24.624999999999886,27.649999999999725,27.64601535159018,3.351032163829114,1.0,1,0.5,0.3,0.7,0.0,0.0,0.0
60.14999999999872,24.624999999999886,27.649999999999725,27.64601535159018,3.351032163829114,1.0,2,0.9,0.7,1.1,0.0,0.0,0.0
60.14999999999872,24.624999999999886,27.649999999999725,27.64601535159018,3.351032163829114,1.0,3,1.3,1.1,1.5,0.0,0.0,0.0
60.14999999999872,24.624999999999886,27.649999999999725,27.64601535159018,3.351032163829114,1.0,4,1.7000000000000002,1.5000000000000002,1.9000000000000001,0.0,0.0,0.0
60.14999999999872,24.624999999999886,27.649999999999725,27.64601535159018,3.351032163829114,1.0,5,2.1,1.9000000000000001,2.3000000000000003,0.0,0.0,0.0
60.14999999999872,24.624999999999886,27.649999999999725,27.64601535159018,3.351032163829114,1.0,6,2.5,2.3,2.7,0.0,0.0,0.0
60.14999999999872,24.649999999999885,27.649999999999725,27.64601535159018,3.351032163829114,1.0,1,0.5,0.3,0.7,0.0,0.0,0.0
60.14999999999872,24.649999999999885,27.649999999999725,27.64601535159018,3.351032163829114,1.0,2,0.9,0.7,1.1,0.0,0.0,0.0
60.14999999999872,24.649999999999885,27.649999999999725,27.64601535159018,3.351032163829114,1.0,3,1.3,1.1,1.5,0.0,0.0,0.0
60.14999999999872,24.649999999999885,27.649999999999725,27.64601535159018,3.351032163829114,1.0,4,1.7000000000000002,1.5000000000000002,1.9000000000000001,0.0,0.0,0.0
60.14999999999872,24.649999999999885,27.649999999999725,27.64601535159018,3.351032163829114,1.0,5,2.1,1.9000000000000001,2.3000000000000003,0.0,0.0,0.0
60.14999999999872,24.649999999999885,27.649999999999725,27.64601535159018,3.351032163829114,1.0,6,2.5,2.3,2.7,0.0,0.0,0.0
60.14999999999872,24.674999999999883,27.649999999999725,27.64601535159018,3.351032163829114,1.0,1,0.5,0.3,0.7,0.0,0.0,0.0
60.14999999999872,24.674999999999883,27.649999999999725,27.64601535159018,3.351032163829114,1.0,2,0.9,0.7,1.1,0.0,0.0,0.0
60.14999999999872,24.674999999999883,27.649999999999725,27.64601535159018,3.351032163829114,1.0,3,1.3,1.1,1.5,0.0,0.0,0.0
60.14999999999872,24.674999999999883,27.649999999999725,27.64601535159018,3.351032163829114,1.0,4,1.7000000000000002,1.5000000000000002,1.9000000000000001,0.0,0.0,0.0
60.14999999999872,24.674999999999883,27.649999999999725,27.64601535159018,3.351032163829114,1.0,5,2.1,1.9000000000000001,2.3000000000000003,0.0,0.0,0.0
60.14999999999872,24.674999999999883,27.649999999999725,27.64601535159018,3.351032163829114,1.0,6,2.5,2.3,2.7,0.0,0.0,0.0
60.14999999999872,24.699999999999882,27.649999999999725,27.64601535159018,3.351032163829114,1.0,1,0.5,0.3,0.7,0.0,0.0,0.0
60.14999999999872,24.699999999999882,27.649999999999725,27.64601535159018,3.351032163829114,1.0,2,0.9,0.7,1.1,0.0,0.0,0.0
60.14999999999872,24.699999999999882,27.649999999999725,27.64601535159018,3.351032163829114,1.0,3,1.3,1.1,1.5,0.0,0.0,0.0
60.14999999999872,24.699999999999882,27.649999999999725,27.64601535159018,3.351032163829114,1.0,4,1.7000000000000002,1.5000000000000002,1.9000000000000001,0.0,0.0,0.0
60.14999999999872,24.699999999999882,27.649999999999725,27.64601535159018,3.351032163829114,1.0,5,2.1,1.9000000000000001,2.3000000000000003,0.0,0.0,0.0
60.14999999999872,24.699999999999882,27.649999999999725,27.64601535159018,3.351032163829114,1.0,6,2.5,2.3,2.7,0.0,0.0,0.0
60.599999999998694,24.72499999999988,28.09999999999973,28.064894372068817,3.351032163829114,1.0,1,0.5,0.3,0.7,0.0,0.0,0.0
60.599999999998694,24.72499999999988,28.09999999999973,28.064894372068817,3.351032163829114,1.0,2,0.9,0.7,1.1,0.0,0.0,0.0
60.599999999998694,24.72499999999988,28.09999999999973,28.064894372068817,3.351032163829114,1.0,3,1.3,1.1,1.5,0.0,0.0,0.0
60.599999999998694,24.72499999999988,28.09999999999973,28.064894372068817,3.351032163829114,1.0,4,1.7000000000000002,1.5000000000000002,1.9000000000000001,0.0,0.0,0.0
60.599999999998694,24.72499999999988,28.09999999999973,28.064894372068817,3.351032163829114,1.0,5,2.1,1.9000000000000001,2.3000000000000003,0.0,0.0,0.0
60.599999999998694,24.72499999999988,28.09999999999973,28.064894372068817,3.351032163829114,1.0,6,2.5,2.3,2.7,0.0,0.0,0.0
60.599999999998694,24.74999999999988,28.09999999999973,28.064894372068817,3.351032163829114,1.0,1,0.5,0.3,0.7,0.0,0.0,0.0
60.599999999998694,24.74999999999988,28.09999999999973,28.064894372068817,3.351032163829114,1.0,2,0.9,0.7,1.1,0.0,0.0,0.0
60.599999999998694,24.74999999999988,28.09999999999973,28.064894372068817,3.351032163829114,1.0,3,1.3,1.1,1.5,0.0,0.0,0.0
60.599999999998694,24.74999999999988,28.09999999999973,28.064894372068817,3.351032163829114,1.0,4,1.7000000000000002,1.5000000000000002,1.9000000000000001,0.0,0.0,0.0
60.599999999998694,24.74999999999988,28.09999999999973,28.064894372068817,3.351032163829114,1.0,5,2.1,1.9000000000000001,2.3000000000000003,0.0,0.0,0.0
60.599999999998694,24.74999999999988,28.09999999999973,28.064894372068817,3.351032163829114,1.0,6,2.5,2.3,2.7,0.0,0.0,0.0
60.599999999998694,24.774999999999878,28.09999999999973,28.064894372068817,3.351032163829114,1.0,1,0.5,0.3,0.7,0.0,0.0,0.0
60.599999999998694,24.774999999999878,28.09999999999973,28.064894372068817,3.351032163829114,1.0,2,0.9,0.7,1.1,0.0,0.0,0.0
60.599999999998694,24.774999999999878,28.09999999999973,28.064894372068817,3.351032163829114,1.0,3,1.3,1.1,1.5,0.0,0.0,0.0
60.599999999998694,24.774999999999878,28.09999999999973,28.064894372068817,3.351032163829114,1.0,4,1.7000000000000002,1.5000000000000002,1.9000000000000001,0.0,0.0,0.0
60.599999999998694,24.774999999999878,28.09999999999973,28.064894372068817,3.351032163829114,1.0,5,2.1,1.9000000000000001,2.3000000000000003,0.0,0.0,0.0
60.599999999998694,24.774999999999878,28.09999999999973,28.064894372068817,3.351032163829114,1.0,6,2.5,2.3,2.7,0.0,0.0,0.0
60.599999999998694,24.799999999999876,28.09999999999973,28.064894372068817,3.351032163829114,1.0,1,0.5,0.3,0.7,0.0,0.0,0.0
60.599999999998694,24.799999999999876,28.09999999999973,28.064894372068817,3.351032163829114,1.0,2,0.9,0.7,1.1,0.0,0.0,0.0
60.599999999998694,24.799999999999876,28.09999999999973,28.064894372068817,3.351032163829114,1.0,3,1.3,1.1,1.5,0.0,0.0,0.0
60.599999999998694,24.799999999999876,28.09999999999973,28.064894372068817,3.351032163829114,1.0,4,1.7000000000000002,1.5000000000000002,1.9000000000000001,0.0,0.0,0.0
60.599999999998694,24.799999999999876,28.09999999999973,28.064894372068817,3.351032163829114,1.0,5,2.1,1.9000000000000001,2.3000000000000003,0.0,0.0,0.0
60.599999999998694,24.799999999999876,28.09999999999973,28.064894372068817,3.351032163829114,1.0,6,2.5,2.3,2.7,0.0,0.0,0.0
60.599999999998694,24.824999999999875,28.09999999999973,28.064894372068817,3.351032163829114,1.0,1,0.5,0.3,0.7,0.0,0.0,0.0
60.599999999998694,24.824999999999875,28.09999999999973,28.064894372068817,3.351032163829114,1.0,2,0.9,0.7,1.1,0.0,0.0,0.0
60.599999999998694,24.824999999999875,28.09999999999973,28.064894372068817,3.351032163829114,1.0,3,1.3,1.1,1.5,0.0,0.0,0.0
60.599999999998694,24.824999999999875,28.09999999999973,28.064894372068817,3.351032163829114,1.0,4,1.7000000000000002,1.5000000000000002,1.9000000000000001,0.0,0.0,0.0
60.599999999998694,24.824999999999875,28.09999999999973,28.064894372068817,3.351032163829114,1.0,5,2.1,1.9000000000000001,2.3000000000000003,0.0,0.0,0.0
60.599999999998694,24.824999999999875,28.09999999999973,28.064894372068817,3.351032163829114,1.0,6,2.5,2.3,2.7,0.0,0.0,0.0
60.599999999998694,24.849999999999874,28.09999999999973,28.064894372068817,3.351032163829114,1.0,1,0.5,0.3,0.7,0.0,0.0,0.0
60.599999999998694,24.849999999999874,28.09999999999973,28.064894372068817,3.351032163829114,1.0,2,0.9,0.7,1.1,0.0,0.0,0.0
60.599999999998694,24.849999999999874,28.09999999999973,28.064894372068817,3.351032163829114,1.0,3,1.3,1.1,1.5,0.0,0.0,0.0
60.599999999998694,24.849999999999874,28.09999999999973,28.064894372068817,3.351032163829114,1.0,4,1.7000000000000002,1.5000000000000002,1.9000000000000001,0.0,0.0,0.0
60.599999999998694,24.849999999999874,28.09999999999973,28.064894372068817,3.351032163829114,1.0,5,2.1,1.9000000000000001,2.3000000000000003,0.0,0.0,0.0
60.599999999998694,24.849999999999874,28.09999999999973,28.064894372068817,3.351032163829114,1.0,6,2.5,2.3,2.7,0.0,0.0,0.0
60.599999999998694,24.874999999999872,28.09999999999973,28.064894372068817,3.351032163829114,1.0,1,0.5,0.3,0.7,0.0,0.0,0.0
60.599999999998694,24.874999999999872,28.09999999999973,28.064894372068817,3.351032163829114,1.0,2,0.9,0.7,1.1,0.0,0.0,0.0
60.599999999998694,24.874999999999872,28.09999999999973,28.064894372068817,3.351032163829114,1.0,3,1.3,1.1,1.5,0.0,0.0,0.0
60.599999999998694,24.874999999999872,28.09999999999973,28.064894372068817,3.351032163829114,1.0,4,1.7000000000000002,1.5000000000000002,1.9000000000000001,0.0,0.0,0.0
60.599999999998694,24.874999999999872,28.09999999999973,28.064894372068817,3.351032163829114,1.0,5,2.1,1.9000000000000001,2.3000000000000003,0.0,0.0,0.0
60.599999999998694,24.874999999999872,28.09999999999973,28.064894372068817,3.351032163829114,1.0,6,2.5,2.3,2.7,0.0,0.0,0.0
60.599999999998694,24.89999999999987,28.09999999999973,28.064894372068817,3.351032163829114,1.0,1,0.5,0.3,0.7,0.0,0.0,0.0
60.599999999998694,24.89999999999987,28.09999999999973,28.064894372068817,3.351032163829114,1.0,2,0.9,0.7,1.1,0.0,0.0,0.0
60.599999999998694,24.89999999999987,28.09999999999973,28.064894372068817,3.351032163829114,1.0,3,1.3,1.1,1.5,0.0,0.0,0.0
60.599999999998694,24.89999999999987,28.09999999999973,28.064894372068817,3.351032163829114,1.0,4,1.7000000000000002,1.5000000000000002,1.9000000000000001,0.0,0.0,0.0
60.599999999998694,24.89999999999987,28.09999999999973,28.064894372068817,3.351032163829114,1.0,5,2.1,1.9000000000000001,2.3000000000000003,0.0,0.0,0.0
60.599999999998694,24.89999999999987,28.09999999999973,28.064894372068817,3.351032163829114,1.0,6,2.5,2.3,2.7,0.0,0.0,0.0
60.599999999998694,24.92499999999987,28.09999999999973,28.064894372068817,3.351032163829114,1.0,1,0.5,0.3,0.7,0.0,0.0,0.0
60.599999999998694,24.92499999999987,28.09999999999973,28.064894372068817,3.351032163829114,1.0,2,0.9,0.7,1.1,0.0,0.0,0.0
60.599999999998694,24.92499999999987,28.09999999999973,28.064894372068817,3.351032163829114,1.0,3,1.3,1.1,1.5,0.0,0.0,0.0
60.599999999998694,24.92499999999987,28.09999999999973,28.064894372068817,3.351032163829114,1.0,4,1.7000000000000002,1.5000000000000002,1.9000000000000001,0.0,0.0,0.0
60.599999999998694,24.92499999999987,28.09999999999973,28.064894372068817,3.351032163829114,1.0,5,2.1,1.9000000000000001,2.3000000000000003,0.0,0.0,0.0
60.599999999998694,24.92499999999987,28.09999999999973,28.064894372068817,3.351032163829114,1.0,6,2.5,2.3,2.7,0.0,0.0,0.0
60.599999999998694,24.949999999999868,28.09999999999973,28.064894372068817,3.351032163829114,1.0,1,0.5,0.3,0.7,0.0,0.0,0.0
60.599999999998694,24.949999999999868,28.09999999999973,28.064894372068817,3.351032163829114,1.0,2,0.9,0.7,1.1,0.0,0.0,0.0
60.599999999998694,24.949999999999868,28.09999999999973,28.064894372068817,3.351032163829114,1.0,3,1.3,1.1,1.5,0.0,0.0,0.0
60.599999999998694,24.949999999999868,28.09999999999973,28.064894372068817,3.351032163829114,1.0,4,1.7000000000000002,1.5000000000000002,1.9000000000000001,0.0,0.0,0.0
60.599999999998694,24.949999999999868,28.09999999999973,28.064894372068817,3.351032163829114,1.0,5,2.1,1.9000000000000001,2.3000000000000003,0.0,0.0,0.0
60.599999999998694,24.949999999999868,28.09999999999973,28.064894372068817,3.351032163829114,1.0,6,2.5,2.3,2.7,0.0,0.0,0.0
60.599999999998694,24.974999999999866,28.09999999999973,28.064894372068817,3.351032163829114,1.0,1,0.5,0.3,0.7,0.0,0.0,0.0
60.599999999998694,24.974999999999866,28.09999999999973,28.064894372068817,3.351032163829114,1.0,2,0.9,0.7,1.1,0.0,0.0,0.0
60.599999999998694,24.974999999999866,28.09999999999973,28.064894372068817,3.351032163829114,1.0,3,1.3,1.1,1.5,0.0,0.0,0.0
60.599999999998694,24.974999999999866,28.09999999999973,28.064894372068817,3.351032163829114,1.0,4,1.7000000000000002,1.5000000000000002,1.9000000000000001,0.0,0.0,0.0
60.599999999998694,24.974999999999866,28.09999999999973,28.064894372068817,3.351032163829114,1.0,5,2.1,1.9000000000000001,2.3000000000000003,0.0,0.0,0.0
60.599999999998694,24.974999999999866,28.09999999999973,28.064894372068817,3.351032163829114,1.0,6,2.5,2.3,2.7,0.0,0.0,0.0
60.599999999998694,24.999999999999865,28.09999999999973,28.064894372068817,3.351032163829114,1.0,1,0.5,0.3,0.7,0.0,0.0,0.0
60.599999999998694,24.999999999999865,28.09999999999973,28.064894372068817,3.351032163829114,1.0,2,0.9,0.7,1.1,0.0,0.0,0.0
60.599999999998694,24.999999999999865,28.09999999999973,28.064894372068817,3.351032163829114,1.0,3,1.3,1.1,1.5,0.0,0.0,0.0
60.599999999998694,24.999999999999865,28.09999999999973,28.064894372068817,3.351032163829114,1.0,4,1.7000000000000002,1.5000000000000002,1.9000000000000001,0.0,0.0,0.0
60.599999999998694,24.999999999999865,28.09999999999973,28.064894372068817,3.351032163829114,1.0,5,2.1,1.9000000000000001,2.3000000000000003,0.0,0.0,0.0
60.599999999998694,24.999999999999865,28.09999999999973,28.064894372068817,3.351032163829114,1.0,6,2.5,2.3,2.7,0.0,0.0,0.0
60.599999999998694,25.024999999999864,28.09999999999973,28.064894372068817,3.351032163829114,1.0,1,0.5,0.3,0.7,0.0,0.0,0.0
60.599999999998694,25.024999999999864,28.09999999999973,28.064894372068817,3.351032163829114,1.0,2,0.9,0.7,1.1,0.0,0.0,0.0
60.599999999998694,25.024999999999864,28.09999999999973,28.064894372068817,3.351032163829114,1.0,3,1.3,1.1,1.5,0.0,0.0,0.0
60.599999999998694,25.024999999999864,28.09999999999973,28.064894372068817,3.351032163829114,1.0,4,1.7000000000000002,1.5000000000000002,1.9000000000000001,0.0,0.0,0.0
60.599999999998694,25.024999999999864,28.09999999999973,28.064894372068817,3.351032163829114,1.0,5,2.1,1.9000000000000001,2.3000000000000003,0.0,0.0,0.0
60.599999999998694,25.024999999999864,28.09999999999973,28.064894372068817,3.351032163829114,1.0,6,2.5,2.3,2.7,0.0,0.0,0.0
60.599999999998694,25.049999999999862,28.09999999999973,28.064894372068817,3.351032163829114,1.0,1,0.5,0.3,0.7,0.0,0.0,0.0
60.599999999998694,25.049999999999862,28.09999999999973,28.064894372068817,3.351032163829114,1.0,2,0.9,0.7,1.1,0.0,0.0,0.0
60.599999999998694,25.049999999999862,28.09999999999973,28.064894372068817,3.351032163829114,1.0,3,1.3,1.1,1.5,0.0,0.0,0.0
60.599999999998694,25.049999999999862,28.09999999999973,28.064894372068817,3.351032163829114,1.0,4,1.7000000000000002,1.5000000000000002,1.9000000000000001,0.0,0.0,0.0
60.599999999998694,25.049999999999862,28.09999999999973,28.064894372068817,3.351032163829114,1.0,5,2.1,1.9000000000000001,2.3000000000000003,0.0,0.0,0.0
60.599999999998694,25.049999999999862,28.09999999999973,28.064894372068817,3.351032163829114,1.0,6,2.5,2.3,2.7,0.0,0.0,0.0
60.599999999998694,25.07499999999986,28.09999999999973,28.064894372068817,3.351032163829114,1.0,1,0.5,0.3,0.7,0.0,0.0,0.0
60.599999999998694,25.07499999999986,28.09999999999973,28.064894372068817,3.351032163829114,1.0,2,0.9,0.7,1.1,0.0,0.0,0.0
60.599999999998694,25.07499999999986,28.09999999999973,28.064894372068817,3.351032163829114,1.0,3,1.3,1.1,1.5,0.0,0.0,0.0
60.599999999998694,25.07499999999986,28.09999999999973,28.064894372068817,3.351032163829114,1.0,4,1.7000000000000002,1.5000000000000002,1.9000000000000001,0.0,0.0,0.0
60.599999999998694,25.07499999999986,28.09999999999973,28.064894372068817,3.351032163829114,1.0,5,2.1,1.9000000000000001,2.3000000000000003,0.0,0.0,0.0
60.599999999998694,25.07499999999986,28.09999999999973,28.064894372068817,3.351032163829114,1.0,6,2.5,2.3,2.7,0.0,0.0,0.0
60.599999999998694,25.09999999999986,28.09999999999973,28.064894372068817,3.351032163829114,1.0,1,0.5,0.3,0.7,0.0,0.0,0.0
60.599999999998694,25.09999999999986,28.09999999999973,28.064894372068817,3.351032163829114,1.0,2,0.9,0.7,1.1,0.0,0.0,0.0
60.599999999998694,25.09999999999986,28.09999999999973,28.064894372068817,3.351032163829114,1.0,3,1.3,1.1,1.5,0.0,0.0,0.0
60.599999999998694,25.09999999999986,28.09999999999973,28.064894372068817,3.351032163829114,1.0,4,1.7000000000000002,1.5000000000000002,1.9000000000000001,0.0,0.0,0.0
60.599999999998694,25.09999999999986,28.09999999999973,28.064894372068817,3.351032163829114,1.0,5,2.1,1.9000000000000001,2.3000000000000003,0.0,0.0,0.0
60.599999999998694,25.09999999999986,28.09999999999973,28.064894372068817,3.351032163829114,1.0,6,2.5,2.3,2.7,0.0,0.0,0.0
60.599999999998694,25.124999999999858,28.09999999999973,28.064894372068817,3.351032163829114,1.0,1,0.5,0.3,0.7,0.0,0.0,0.0
60.599999999998694,25.124999999999858,28.09999999999973,28.064894372068817,3.351032163829114,1.0,2,0.9,0.7,1.1,0.0,0.0,0.0
60.599999999998694,25.124999999999858,28.09999999999973,28.064894372068817,3.351032163829114,1.0,3,1.3,1.1,1.5,0.0,0.0,0.0
60.599999999998694,25.124999999999858,28.09999999999973,28.064894372068817,3.351032163829114,1.0,4,1.7000000000000002,1.5000000000000002,1.9000000000000001,0.0,0.0,0.0
60.599999999998694,25.124999999999858,28.09999999999973,28.064894372068817,3.351032163829114,1.0,5,2.1,1.9000000000000001,2.3000000000000003,0.0,0.0,0.0
60.599999999998694,25.124999999999858,28.09999999999973,28.064894372068817,3.351032163829114,1.0,6,2.5,2.3,2.7,0.0,0.0,0.0
60.99999999999867,25.149999999999856,28.499999999999737,28.483773392547455,3.3510321638291103,1.0,1,0.5,0.3,0.7,0.0,0.0,0.0
60.99999999999867,25.149999999999856,28.499999999999737,28.483773392547455,3.3510321638291103,1.0,2,0.9,0.7,1.1,0.0,0.0,0.0
60.99999999999867,25.149999999999856,28.499999999999737,28.483773392547455,3.3510321638291103,1.0,3,1.3,1.1,1.5,0.0,0.0,0.0
60.99999999999867,25.149999999999856,28.499999999999737,28.483773392547455,3.3510321638291103,1.0,4,1.7000000000000002,1.5000000000000002,1.9000000000000001,0.0,0.0,0.0
60.99999999999867,25.149999999999856,28.499999999999737,28.483773392547455,3.3510321638291103,1.0,5,2.1,1.9000000000000001,2.3000000000000003,0.0,0.0,0.0
60.99999999999867,25.149999999999856,28.499999999999737,28.483773392547455,3.3510321638291103,1.0,6,2.5,2.3,2.7,0.0,0.0,0.0
60.99999999999867,25.174999999999855,28.499999999999737,28.483773392547455,3.3510321638291103,1.0,1,0.5,0.3,0.7,0.0,0.0,0.0
60.99999999999867,25.174999999999855,28.499999999999737,28.483773392547455,3.3510321638291103,1.0,2,0.9,0.7,1.1,0.0,0.0,0.0
60.99999999999867,25.174999999999855,28.499999999999737,28.483773392547455,3.3510321638291103,1.0,3,1.3,1.1,1.5,0.0,0.0,0.0
60.99999999999867,25.174999999999855,28.499999999999737,28.483773392547455,3.3510321638291103,1.0,4,1.7000000000000002,1.5000000000000002,1.9000000000000001,0.0,0.0,0.0
60.99999999999867,25.174999999999855,28.499999999999737,28.483773392547455,3.3510321638291103,1.0,5,2.1,1.9000000000000001,2.3000000000000003,0.0,0.0,0.0
60.99999999999867,25.174999999999855,28.499999999999737,28.483773392547455,3.3510321638291103,1.0,6,2.5,2.3,2.7,0.0,0.0,0.0
60.99999999999867,25.199999999999854,28.499999999999737,28.483773392547455,3.3510321638291103,1.0,1,0.5,0.3,0.7,0.0,0.0,0.0
60.99999999999867,25.199999999999854,28.499999999999737,28.483773392547455,3.3510321638291103,1.0,2,0.9,0.7,1.1,0.0,0.0,0.0
60.99999999999867,25.199999999999854,28.499999999999737,28.483773392547455,3.3510321638291103,1.0,3,1.3,1.1,1.5,0.0,0.0,0.0
60.99999999999867,25.199999999999854,28.499999999999737,28.483773392547455,3.3510321638291103,1.0,4,1.7000000000000002,1.5000000000000002,1.9000000000000001,0.0,0.0,0.0
60.99999999999867,25.199999999999854,28.499999999999737,28.483773392547455,3.3510321638291103,1.0,5,2.1,1.9000000000000001,2.3000000000000003,0.0,0.0,0.0
60.99999999999867,25.199999999999854,28.499999999999737,28.483773392547455,3.3510321638291103,1.0,6,2.5,2.3,2.7,0.0,0.0,0.0
60.99999999999867,25.224999999999852,28.499999999999737,28.483773392547455,3.3510321638291103,1.0,1,0.5,0.3,0.7,0.0,0.0,0.0
60.99999999999867,25.224999999999852,28.499999999999737,28.483773392547455,3.3510321638291103,1.0,2,0.9,0.7,1.1,0.0,0.0,0.0
60.99999999999867,25.224999999999852,28.499999999999737,28.483773392547455,3.3510321638291103,1.0,3,1.3,1.1,1.5,0.0,0.0,0.0
60.99999999999867,25.224999999999852,28.499999999999737,28.483773392547455,3.3510321638291103,1.0,4,1.7000000000000002,1.5000000000000002,1.9000000000000001,0.0,0.0,0.0
60.99999999999867,25.224999999999852,28.499999999999737,28.483773392547455,3.3510321638291103,1.0,5,2.1,1.9000000000000001,2.3000000000000003,0.0,0.0,0.0
60.99999999999867,25.224999999999852,28.499999999999737,28.483773392547455,3.3510321638291103,1.0,6,2.5,2.3,2.7,0.0,0.0,0.0
60.99999999999867,25.24999999999985,28.499999999999737,28.483773392547455,3.3510321638291103,1.0,1,0.5,0.3,0.7,0.0,0.0,0.0
60.99999999999867,25.24999999999985,28.499999999999737,28.483773392547455,3.3510321638291103,1.0,2,0.9,0.7,1.1,0.0,0.0,0.0
60.99999999999867,25.24999999999985,28.499999999999737,28.483773392547455,3.3510321638291103,1.0,3,1.3,1.1,1.5,0.0,0.0,0.0
60.99999999999867,25.24999999999985,28.499999999999737,28.483773392547455,3.3510321638291103,1.0,4,1.7000000000000002,1.5000000000000002,1.9000000000000001,0.0,0.0,0.0
60.99999999999867,25.24999999999985,28.499999999999737,28.483773392547455,3.3510321638291103,1.0,5,2.1,1.9000000000000001,2.3000000000000003,0.0,0.0,0.0
60.99999999999867,25.24999999999985,28.499999999999737,28.483773392547455,3.3510321638291103,1.0,6,2.5,2.3,2.7,0.0,0.0,0.0
60.99999999999867,25.27499999999985,28.499999999999737,28.483773392547455,3.3510321638291103,1.0,1,0.5,0.3,0.7,0.0,0.0,0.0
60.99999999999867,25.27499999999985,28.499999999999737,28.483773392547455,3.3510321638291103,1.0,2,0.9,0.7,1.1,0.0,0.0,0.0
60.99999999999867,25.27499999999985,28.499999999999737,28.483773392547455,3.3510321638291103,1.0,3,1.3,1.1,1.5,0.0,0.0,0.0
60.99999999999867,25.27499999999985,28.499999999999737,28.483773392547455,3.3510321638291103,1.0,4,1.7000000000000002,1.5000000000000002,1.9000000000000001,0.0,0.0,0.0
60.99999999999867,25.27499999999985,28.499999999999737,28.483773392547455,3.3510321638291103,1.0,5,2.1,1.9000000000000001,2.3000000000000003,0.0,0.0,0.0
60.99999999999867,25.27499999999985,28.499999999999737,28.483773392547455,3.3510321638291103,1.0,6,2.5,2.3,2.7,0.0,0.0,0.0
60.99999999999867,25.299999999999848,28.499999999999737,28.483773392547455,3.3510321638291103,1.0,1,0.5,0.3,0.7,0.0,0.0,0.0
60.99999999999867,25.299999999999848,28.499999999999737,28.483773392547455,3.3510321638291103,1.0,2,0.9,0.7,1.1,0.0,0.0,0.0
60.99999999999867,25.299999999999848,28.499999999999737,28.483773392547455,3.3510321638291103,1.0,3,1.3,1.1,1.5,0.0,0.0,0.0
60.99999999999867,25.299999999999848,28.499999999999737,28.483773392547455,3.3510321638291103,1.0,4,1.7000000000000002,1.5000000000000002,1.9000000000000001,0.0,0.0,0.0
60.99999999999867,25.299999999999848,28.499999999999737,28.483773392547455,3.3510321638291103,1.0,5,2.1,1.9000000000000001,2.3000000000000003,0.0,0.0,0.0
60.99999999999867,25.299999999999848,28.499999999999737,28.483773392547455,3.3510321638291103,1.0,6,2.5,2.3,2.7,0.0,0.0,0.0
60.99999999999867,25.324999999999847,28.499999999999737,28.483773392547455,3.3510321638291103,1.0,1,0.5,0.3,0.7,0.0,0.0,0.0
60.99999999999867,25.324999999999847,28.499999999999737,28.483773392547455,3.3510321638291103,1.0,2,0.9,0.7,1.1,0.0,0.0,0.0
60.99999999999867,25.324999999999847,28.499999999999737,28.483773392547455,3.3510321638291103,1.0,3,1.3,1.1,1.5,0.0,0.0,0.0
60.99999999999867,25.324999999999847,28.499999999999737,28.483773392547455,3.3510321638291103,1.0,4,1.7000000000000002,1.5000000000000002,1.9000000000000001,0.0,0.0,0.0
60.99999999999867,25.324999999999847,28.499999999999737,28.483773392547455,3.3510321638291103,1.0,5,2.1,1.9000000000000001,2.3000000000000003,0.0,0.0,0.0
60.99999999999867,25.324999999999847,28.499999999999737,28.483773392547455,3.3510321638291103,1.0,6,2.5,2.3,2.7,0.0,0.0,0.0
60.99999999999867,25.349999999999845,28.499999999999737,28.483773392547455,3.3510321638291103,1.0,1,0.5,0.3,0.7,0.0,0.0,0.0
60.99999999999867,25.349999999999845,28.499999999999737,28.483773392547455,3.3510321638291103,1.0,2,0.9,0.7,1.1,0.0,0.0,0.0
60.99999999999867,25.349999999999845,28.499999999999737,28.483773392547455,3.3510321638291103,1.0,3,1.3,1.1,1.5,0.0,0.0,0.0
60.99999999999867,25.349999999999845,28.499999999999737,28.483773392547455,3.3510321638291103,1.0,4,1.7000000000000002,1.5000000000000002,1.9000000000000001,0.0,0.0,0.0
60.99999999999867,25.349999999999845,28.499999999999737,28.483773392547455,3.3510321638291103,1.0,5,2.1,1.9000000000000001,2.3000000000000003,0.0,0.0,0.0
60.99999999999867,25.349999999999845,28.499999999999737,28.483773392547455,3.3510321638291103,1.0,6,2.5,2.3,2.7,0.0,0.0,0.0
60.99999999999867,25.374999999999844,28.499999999999737,28.483773392547455,3.3510321638291103,1.0,1,0.5,0.3,0.7,0.0,0.0,0.0
60.99999999999867,25.374999999999844,28.499999999999737,28.483773392547455,3.3510321638291103,1.0,2,0.9,0.7,1.1,0.0,0.0,0.0
60.99999999999867,25.374999999999844,28.499999999999737,28.483773392547455,3.3510321638291103,1.0,3,1.3,1.1,1.5,0.0,0.0,0.0
60.99999999999867,25.374999999999844,28.499999999999737,28.483773392547455,3.3510321638291103,1.0,4,1.7000000000000002,1.5000000000000002,1.9000000000000001,0.0,0.0,0.0
60.99999999999867,25.374999999999844,28.499999999999737,28.483773392547455,3.3510321638291103,1.0,5,2.1,1.9000000000000001,2.3000000000000003,0.0,0.0,0.0
60.99999999999867,25.374999999999844,28.499999999999737,28.483773392547455,3.3510321638291103,1.0,6,2.5,2.3,2.7,0.0,0.0,0.0
60.99999999999867,25.399999999999842,28.499999999999737,28.483773392547455,3.3510321638291103,1.0,1,0.5,0.3,0.7,0.0,0.0,0.0
60.99999999999867,25.399999999999842,28.499999999999737,28.483773392547455,3.3510321638291103,1.0,2,0.9,0.7,1.1,0.0,0.0,0.0
60.99999999999867,25.399999999999842,28.499999999999737,28.483773392547455,3.3510321638291103,1.0,3,1.3,1.1,1.5,0.0,0.0,0.0
60.99999999999867,25.399999999999842,28.499999999999737,28.483773392547455,3.3510321638291103,1.0,4,1.7000000000000002,1.5000000000000002,1.9000000000000001,0.0,0.0,0.0
60.99999999999867,25.399999999999842,28.499999999999737,28.483773392547455,3.3510321638291103,1.0,5,2.1,1.9000000000000001,2.3000000000000003,0.0,0.0,0.0
60.99999999999867,25.399999999999842,28.499999999999737,28.483773392547455,3.3510321638291103,1.0,6,2.5,2.3,2.7,0.0,0.0,0.0
60.99999999999867,25.42499999999984,28.499999999999737,28.483773392547455,3.3510321638291103,1.0,1,0.5,0.3,0.7,0.0,0.0,0.0
60.99999999999867,25.42499999999984,28.499999999999737,28.483773392547455,3.3510321638291103,1.0,2,0.9,0.7,1.1,0.0,0.0,0.0
60.99999999999867,25.42499999999984,28.499999999999737,28.483773392547455,3.3510321638291103,1.0,3,1.3,1.1,1.5,0.0,0.0,0.0
60.99999999999867,25.42499999999984,28.499999999999737,28.483773392547455,3.3510321638291103,1.0,4,1.7000000000000002,1.5000000000000002,1.9000000000000001,0.0,0.0,0.0
60.99999999999867,25.42499999999984,28.499999999999737,28.483773392547455,3.3510321638291103,1.0,5,2.1,1.9000000000000001,2.3000000000000003,0.0,0.0,0.0
60.99999999999867,25.42499999999984,28.499999999999737,28.483773392547455,3.3510321638291103,1.0,6,2.5,2.3,2.7,0.0,0.0,0.0
60.99999999999867,25.44999999999984,28.499999999999737,28.483773392547455,3.3510321638291103,1.0,1,0.5,0.3,0.7,0.0,0.0,0.0
60.99999999999867,25.44999999999984,28.499999999999737,28.483773392547455,3.3510321638291103,1.0,2,0.9,0.7,1.1,0.0,0.0,0.0
60.99999999999867,25.44999999999984,28.499999999999737,28.483773392547455,3.3510321638291103,1.0,3,1.3,1.1,1.5,0.0,0.0,0.0
60.99999999999867,25.44999999999984,28.499999999999737,28.483773392547455,3.3510321638291103,1.0,4,1.7000000000000002,1.5000000000000002,1.9000000000000001,0.0,0.0,0.0
60.99999999999867,25.44999999999984,28.499999999999737,28.483773392547455,3.3510321638291103,1.0,5,2.1,1.9000000000000001,2.3000000000000003,0.0,0.0,0.0
60.99999999999867,25.44999999999984,28.499999999999737,28.483773392547455,3.3510321638291103,1.0,6,2.5,2.3,2.7,0.0,0.0,0.0
60.99999999999867,25.474999999999838,28.499999999999737,28.483773392547455,3.3510321638291103,1.0,1,0.5,0.3,0.7,0.0,0.0,0.0
60.99999999999867,25.474999999999838,28.499999999999737,28.483773392547455,3.3510321638291103,1.0,2,0.9,0.7,1.1,0.0,0.0,0.0
60.99999999999867,25.474999999999838,28.499999999999737,28.483773392547455,3.3510321638291103,1.0,3,1.3,1.1,1.5,0.0,0.0,0.0
60.99999999999867,25.474999999999838,28.499999999999737,28.483773392547455,3.3510321638291103,1.0,4,1.7000000000000002,1.5000000000000002,1.9000000000000001,0.0,0.0,0.0
60.99999999999867,25.474999999999838,28.499999999999737,28.483773392547455,3.3510321638291103,1.0,5,2.1,1.9000000000000001,2.3000000000000003,0.0,0.0,0.0
60.99999999999867,25.474999999999838,28.499999999999737,28.483773392547455,3.3510321638291103,1.0,6,2.5,2.3,2.7,0.0,0.0,0.0
60.99999999999867,25.499999999999837,28.499999999999737,28.483773392547455,3.3510321638291103,1.0,1,0.5,0.3,0.7,0.0,0.0,0.0
60.99999999999867,25.499999999999837,28.499999999999737,28.483773392547455,3.3510321638291103,1.0,2,0.9,0.7,1.1,0.0,0.0,0.0
60.99999999999867,25.499999999999837,28.499999999999737,28.483773392547455,3.3510321638291103,1.0,3,1.3,1.1,1.5,0.0,0.0,0.0
60.99999999999867,25.499999999999837,28.499999999999737,28.483773392547455,3.3510321638291103,1.0,4,1.7000000000000002,1.5000000000000002,1.9000000000000001,0.0,0.0,0.0
60.99999999999867,25.499999999999837,28.499999999999737,28.483773392547455,3.3510321638291103,1.0,5,2.1,1.9000000000000001,2.3000000000000003,0.0,0.0,0.0
60.99999999999867,25.499999999999837,28.499999999999737,28.483773392547455,3.3510321638291103,1.0,6,2.5,2.3,2.7,0.0,0.0,0.0
60.99999999999867,25.524999999999835,28.499999999999737,28.483773392547455,3.3510321638291103,1.0,1,0.5,0.3,0.7,0.0,0.0,0.0
60.99999999999867,25.524999999999835,28.499999999999737,28.483773392547455,3.3510321638291103,1.0,2,0.9,0.7,1.1,0.0,0.0,0.0
60.99999999999867,25.524999999999835,28.499999999999737,28.483773392547455,3.3510321638291103,1.0,3,1.3,1.1,1.5,0.0,0.0,0.0
60.99999999999867,25.524999999999835,28.499999999999737,28.483773392547455,3.3510321638291103,1.0,4,1.7000000000000002,1.5000000000000002,1.9000000000000001,0.0,0.0,0.0
60.99999999999867,25.524999999999835,28.499999999999737,28.483773392547455,3.3510321638291103,1.0,5,2.1,1.9000000000000001,2.3000000000000003,0.0,0.0,0.0
60.99999999999867,25.524999999999835,28.499999999999737,28.483773392547455,3.3510321638291103,1.0,6,2.5,2.3,2.7,0.0,0.0,0.0
60.99999999999867,25.549999999999834,28.499999999999737,28.483773392547455,3.3510321638291103,1.0,1,0.5,0.3,0.7,0.0,0.0,0.0
60.99999999999867,25.549999999999834,28.499999999999737,28.483773392547455,3.3510321638291103,1.0,2,0.9,0.7,1.1,0.0,0.0,0.0
60.99999999999867,25.549999999999834,28.499999999999737,28.483773392547455,3.3510321638291103,1.0,3,1.3,1.1,1.5,0.0,0.0,0.0
60.99999999999867,25.549999999999834,28.499999999999737,28.483773392547455,3.3510321638291103,1.0,4,1.7000000000000002,1.5000000000000002,1.9000000000000001,0.0,0.0,0.0
60.99999999999867,25.549999999999834,28.499999999999737,28.483773392547455,3.3510321638291103,1.0,5,2.1,1.9000000000000001,2.3000000000000003,0.0,0.0,0.0
60.99999999999867,25.549999999999834,28.499999999999737,28.483773392547455,3.3510321638291103,1.0,6,2.5,2.3,2.7,0.0,0.0,0.0
61.449999999998646,25.574999999999832,28.949999999999743,28.902652413026097,3.351032163829114,1.0,1,0.5,0.3,0.7,0.0,0.0,0.0
61.449999999998646,25.574999999999832,28.949999999999743,28.902652413026097,3.351032163829114,1.0,2,0.9,0.7,1.1,0.0,0.0,0.0
61.449999999998646,25.574999999999832,28.949999999999743,28.902652413026097,3.351032163829114,1.0,3,1.3,1.1,1.5,0.0,0.0,0.0
61.449999999998646,25.574999999999832,28.949999999999743,28.902652413026097,3.351032163829114,1.0,4,1.7000000000000002,1.5000000000000002,1.9000000000000001,0.0,0.0,0.0
61.449999999998646,25.574999999999832,28.949999999999743,28.902652413026097,3.351032163829114,1.0,5,2.1,1.9000000000000001,2.3000000000000003,0.0,0.0,0.0
61.449999999998646,25.574999999999832,28.949999999999743,28.902652413026097,3.351032163829114,1.0,6,2.5,2.3,2.7,0.0,0.0,0.0
61.449999999998646,25.59999999999983,28.949999999999743,28.902652413026097,3.351032163829114,1.0,1,0.5,0.3,0.7,0.0,0.0,0.0
61.449999999998646,25.59999999999983,28.949999999999743,28.902652413026097,3.351032163829114,1.0,2,0.9,0.7,1.1,0.0,0.0,0.0
61.449999999998646,25.59999999999983,28.949999999999743,28.902652413026097,3.351032163829114,1.0,3,1.3,1.1,1.5,0.0,0.0,0.0
61.449999999998646,25.59999999999983,28.949999999999743,28.902652413026097,3.351032163829114,1.0,4,1.7000000000000002,1.5000000000000002,1.9000000000000001,0.0,0.0,0.0
61.449999999998646,25.59999999999983,28.949999999999743,28.902652413026097,3.351032163829114,1.0,5,2.1,1.9000000000000001,2.3000000000000003,0.0,0.0,0.0
61.449999999998646,25.59999999999983,28.949999999999743,28.902652413026097,3.351032163829114,1.0,6,2.5,2.3,2.7,0.0,0.0,0.0
61.449999999998646,25.62499999999983,28.949999999999743,28.902652413026097,3.351032163829114,1.0,1,0.5,0.3,0.7,0.0,0.0,0.0
61.449999999998646,25.62499999999983,28.949999999999743,28.902652413026097,3.351032163829114,1.0,2,0.9,0.7,1.1,0.0,0.0,0.0
61.449999999998646,25.62499999999983,28.949999999999743,28.902652413026097,3.351032163829114,1.0,3,1.3,1.1,1.5,0.0,0.0,0.0
61.449999999998646,25.62499999999983,28.949999999999743,28.902652413026097,3.351032163829114,1.0,4,1.7000000000000002,1.5000000000000002,1.9000000000000001,0.0,0.0,0.0
61.449999999998646,25.62499999999983,28.949999999999743,28.902652413026097,3.351032163829114,1.0,5,2.1,1.9000000000000001,2.3000000000000003,0.0,0.0,0.0
61.449999999998646,25.62499999999983,28.949999999999743,28.902652413026097,3.351032163829114,1.0,6,2.5,2.3,2.7,0.0,0.0,0.0
61.449999999998646,25.649999999999828,28.949999999999743,28.902652413026097,3.351032163829114,1.0,1,0.5,0.3,0.7,0.0,0.0,0.0
61.449999999998646,25.649999999999828,28.949999999999743,28.902652413026097,3.351032163829114,1.0,2,0.9,0.7,1.1,0.0,0.0,0.0
61.449999999998646,25.649999999999828,28.949999999999743,28.902652413026097,3.351032163829114,1.0,3,1.3,1.1,1.5,0.0,0.0,0.0
61.449999999998646,25.649999999999828,28.949999999999743,28.902652413026097,3.351032163829114,1.0,4,1.7000000000000002,1.5000000000000002,1.9000000000000001,0.0,0.0,0.0
61.449999999998646,25.649999999999828,28.949999999999743,28.902652413026097,3.351032163829114,1.0,5,2.1,1.9000000000000001,2.3000000000000003,0.0,0.0,0.0
61.449999999998646,25.649999999999828,28.949999999999743,28.902652413026097,3.351032163829114,1.0,6,2.5,2.3,2.7,0.0,0.0,0.0
61.449999999998646,25.674999999999827,28.949999999999743,28.902652413026097,3.351032163829114,1.0,1,0.5,0.3,0.7,0.0,0.0,0.0
61.449999999998646,25.674999999999827,28.949999999999743,28.902652413026097,3.351032163829114,1.0,2,0.9,0.7,1.1,0.0,0.0,0.0
61.449999999998646,25.674999999999827,28.949999999999743,28.902652413026097,3.351032163829114,1.0,3,1.3,1.1,1.5,0.0,0.0,0.0
61.449999999998646,25.674999999999827,28.949999999999743,28.902652413026097,3.351032163829114,1.0,4,1.7000000000000002,1.5000000000000002,1.9000000000000001,0.0,0.0,0.0
61.449999999998646,25.674999999999827,28.949999999999743,28.902652413026097,3.351032163829114,1.0,5,2.1,1.9000000000000001,2.3000000000000003,0.0,0.0,0.0
61.449999999998646,25.674999999999827,28.949999999999743,28.902652413026097,3.351032163829114,1.0,6,2.5,2.3,2.7,0.0,0.0,0.0
61.449999999998646,25.699999999999825,28.949999999999743,28.902652413026097,3.351032163829114,1.0,1,0.5,0.3,0.7,0.0,0.0,0.0
61.449999999998646,25.699999999999825,28.949999999999743,28.902652413026097,3.351032163829114,1.0,2,0.9,0.7,1.1,0.0,0.0,0.0
61.449999999998646,25.699999999999825,28.949999999999743,28.902652413026097,3.351032163829114,1.0,3,1.3,1.1,1.5,0.0,0.0,0.0
61.449999999998646,25.699999999999825,28.949999999999743,28.902652413026097,3.351032163829114,1.0,4,1.7000000000000002,1.5000000000000002,1.9000000000000001,0.0,0.0,0.0
61.449999999998646,25.699999999999825,28.949999999999743,28.902652413026097,3.351032163829114,1.0,5,2.1,1.9000000000000001,2.3000000000000003,0.0,0.0,0.0
61.449999999998646,25.699999999999825,28.949999999999743,28.902652413026097,3.351032163829114,1.0,6,2.5,2.3,2.7,0.0,0.0,0.0
61.449999999998646,25.724999999999824,28.949999999999743,28.902652413026097,3.351032163829114,1.0,1,0.5,0.3,0.7,0.0,0.0,0.0
61.449999999998646,25.724999999999824,28.949999999999743,28.902652413026097,3.351032163829114,1.0,2,0.9,0.7,1.1,0.0,0.0,0.0
61.449999999998646,25.724999999999824,28.949999999999743,28.902652413026097,3.351032163829114,1.0,3,1.3,1.1,1.5,0.0,0.0,0.0
61.449999999998646,25.724999999999824,28.949999999999743,28.902652413026097,3.351032163829114,1.0,4,1.7000000000000002,1.5000000000000002,1.9000000000000001,0.0,0.0,0.0
61.449999999998646,25.724999999999824,28.949999999999743,28.902652413026097,3.351032163829114,1.0,5,2.1,1.9000000000000001,2.3000000000000003,0.0,0.0,0.0
61.449999999998646,25.724999999999824,28.949999999999743,28.902652413026097,3.351032163829114,1.0,6,2.5,2.3,2.7,0.0,0.0,0.0
61.449999999998646,25.749999999999822,28.949999999999743,28.902652413026097,3.351032163829114,1.0,1,0.5,0.3,0.7,0.0,0.0,0.0
61.449999999998646,25.749999999999822,28.949999999999743,28.902652413026097,3.351032163829114,1.0,2,0.9,0.7,1.1,0.0,0.0,0.0
61.449999999998646,25.749999999999822,28.949999999999743,28.902652413026097,3.351032163829114,1.0,3,1.3,1.1,1.5,0.0,0.0,0.0
61.449999999998646,25.749999999999822,28.949999999999743,28.902652413026097,3.351032163829114,1.0,4,1.7000000000000002,1.5000000000000002,1.9000000000000001,0.0,0.0,0.0
61.449999999998646,25.749999999999822,28.949999999999743,28.902652413026097,3.351032163829114,1.0,5,2.1,1.9000000000000001,2.3000000000000003,0.0,0.0,0.0
61.449999999998646,25.749999999999822,28.949999999999743,28.902652413026097,3.351032163829114,1.0,6,2.5,2.3,2.7,0.0,0.0,0.0
61.449999999998646,25.77499999999982,28.949999999999743,28.902652413026097,3.351032163829114,1.0,1,0.5,0.3,0.7,0.0,0.0,0.0
61.449999999998646,25.77499999999982,28.949999999999743,28.902652413026097,3.351032163829114,1.0,2,0.9,0.7,1.1,0.0,0.0,0.0
61.449999999998646,25.77499999999982,28.949999999999743,28.902652413026097,3.351032163829114,1.0,3,1.3,1.1,1.5,0.0,0.0,0.0
61.449999999998646,25.77499999999982,28.949999999999743,28.902652413026097,3.351032163829114,1.0,4,1.7000000000000002,1.5000000000000002,1.9000000000000001,0.0,0.0,0.0
61.449999999998646,25.77499999999982,28.949999999999743,28.902652413026097,3.351032163829114,1.0,5,2.1,1.9000000000000001,2.3000000000000003,0.0,0.0,0.0
61.449999999998646,25.77499999999982,28.949999999999743,28.902652413026097,3.351032163829114,1.0,6,2.5,2.3,2.7,0.0,0.0,0.0
61.449999999998646,25.79999999999982,28.949999999999743,28.902652413026097,3.351032163829114,1.0,1,0.5,0.3,0.7,0.0,0.0,0.0
61.449999999998646,25.79999999999982,28.949999999999743,28.902652413026097,3.351032163829114,1.0,2,0.9,0.7,1.1,0.0,0.0,0.0
61.449999999998646,25.79999999999982,28.949999999999743,28.902652413026097,3.351032163829114,1.0,3,1.3,1.1,1.5,0.0,0.0,0.0
61.449999999998646,25.79999999999982,28.949999999999743,28.902652413026097,3.351032163829114,1.0,4,1.7000000000000002,1.5000000000000002,1.9000000000000001,0.0,0.0,0.0
61.449999999998646,25.79999999999982,28.949999999999743,28.902652413026097,3.351032163829114,1.0,5,2.1,1.9000000000000001,2.3000000000000003,0.0,0.0,0.0
61.449999999998646,25.79999999999982,28.949999999999743,28.902652413026097,3.351032163829114,1.0,6,2.5,2.3,2.7,0.0,0.0,0.0
61.449999999998646,25.824999999999818,28.949999999999743,28.902652413026097,3.351032163829114,1.0,1,0.5,0.3,0.7,0.0,0.0,0.0
61.449999999998646,25.824999999999818,28.949999999999743,28.902652413026097,3.351032163829114,1.0,2,0.9,0.7,1.1,0.0,0.0,0.0
61.449999999998646,25.824999999999818,28.949999999999743,28.902652413026097,3.351032163829114,1.0,3,1.3,1.1,1.5,0.0,0.0,0.0
61.449999999998646,25.824999999999818,28.949999999999743,28.902652413026097,3.351032163829114,1.0,4,1.7000000000000002,1.5000000000000002,1.9000000000000001,0.0,0.0,0.0
61.449999999998646,25.824999999999818,28.949999999999743,28.902652413026097,3.351032163829114,1.0,5,2.1,1.9000000000000001,2.3000000000000003,0.0,0.0,0.0
61.449999999998646,25.824999999999818,28.949999999999743,28.902652413026097,3.351032163829114,1.0,6,2.5,2.3,2.7,0.0,0.0,0.0
61.449999999998646,25.849999999999817,28.949999999999743,28.902652413026097,3.351032163829114,1.0,1,0.5,0.3,0.7,0.0,0.0,0.0
61.449999999998646,25.849999999999817,28.949999999999743,28.902652413026097,3.351032163829114,1.0,2,0.9,0.7,1.1,0.0,0.0,0.0
61.449999999998646,25.849999999999817,28.949999999999743,28.902652413026097,3.351032163829114,1.0,3,1.3,1.1,1.5,0.0,0.0,0.0
61.449999999998646,25.849999999999817,28.949999999999743,28.902652413026097,3.351032163829114,1.0,4,1.7000000000000002,1.5000000000000002,1.9000000000000001,0.0,0.0,0.0
61.449999999998646,25.849999999999817,28.949999999999743,28.902652413026097,3.351032163829114,1.0,5,2.1,1.9000000000000001,2.3000000000000003,0.0,0.0,0.0
61.449999999998646,25.849999999999817,28.949999999999743,28.902652413026097,3.351032163829114,1.0,6,2.5,2.3,2.7,0.0,0.0,0.0
61.449999999998646,25.874999999999815,28.949999999999743,28.902652413026097,3.351032163829114,1.0,1,0.5,0.3,0.7,0.0,0.0,0.0
61.449999999998646,25.874999999999815,28.949999999999743,28.902652413026097,3.351032163829114,1.0,2,0.9,0.7,1.1,0.0,0.0,0.0
61.449999999998646,25.874999999999815,28.949999999999743,28.902652413026097,3.351032163829114,1.0,3,1.3,1.1,1.5,0.0,0.0,0.0
61.449999999998646,25.874999999999815,28.949999999999743,28.902652413026097,3.351032163829114,1.0,4,1.7000000000000002,1.5000000000000002,1.9000000000000001,0.0,0.0,0.0
61.449999999998646,25.874999999999815,28.949999999999743,28.902652413026097,3.351032163829114,1.0,5,2.1,1.9000000000000001,2.3000000000000003,0.0,0.0,0.0
61.449999999998646,25.874999999999815,28.949999999999743,28.902652413026097,3.351032163829114,1.0,6,2.5,2.3,2.7,0.0,0.0,0.0
61.449999999998646,25.899999999999814,28.949999999999743,28.902652413026097,3.351032163829114,1.0,1,0.5,0.3,0.7,0.0,0.0,0.0
61.449999999998646,25.899999999999814,28.949999999999743,28.902652413026097,3.351032163829114,1.0,2,0.9,0.7,1.1,0.0,0.0,0.0
61.449999999998646,25.899999999999814,28.949999999999743,28.902652413026097,3.351032163829114,1.0,3,1.3,1.1,1.5,0.0,0.0,0.0
61.449999999998646,25.899999999999814,28.949999999999743,28.902652413026097,3.351032163829114,1.0,4,1.7000000000000002,1.5000000000000002,1.9000000000000001,0.0,0.0,0.0
61.449999999998646,25.899999999999814,28.949999999999743,28.902652413026097,3.351032163829114,1.0,5,2.1,1.9000000000000001,2.3000000000000003,0.0,0.0,0.0
61.449999999998646,25.899999999999814,28.949999999999743,28.902652413026097,3.351032163829114,1.0,6,2.5,2.3,2.7,0.0,0.0,0.0
61.449999999998646,25.924999999999812,28.949999999999743,28.902652413026097,3.351032163829114,1.0,1,0.5,0.3,0.7,0.0,0.0,0.0
61.449999999998646,25.924999999999812,28.949999999999743,28.902652413026097,3.351032163829114,1.0,2,0.9,0.7,1.1,0.0,0.0,0.0
61.449999999998646,25.924999999999812,28.949999999999743,28.902652413026097,3.351032163829114,1.0,3,1.3,1.1,1.5,0.0,0.0,0.0
61.449999999998646,25.924999999999812,28.949999999999743,28.902652413026097,3.351032163829114,1.0,4,1.7000000000000002,1.5000000000000002,1.9000000000000001,0.0,0.0,0.0
61.449999999998646,25.924999999999812,28.949999999999743,28.902652413026097,3.351032163829114,1.0,5,2.1,1.9000000000000001,2.3000000000000003,0.0,0.0,0.0
61.449999999998646,25.924999999999812,28.949999999999743,28.902652413026097,3.351032163829114,1.0,6,2.5,2.3,2.7,0.0,0.0,0.0
61.449999999998646,25.94999999999981,28.949999999999743,28.902652413026097,3.351032163829114,1.0,1,0.5,0.3,0.7,0.0,0.0,0.0
61.449999999998646,25.94999999999981,28.949999999999743,28.902652413026097,3.351032163829114,1.0,2,0.9,0.7,1.1,0.0,0.0,0.0
61.449999999998646,25.94999999999981,28.949999999999743,28.902652413026097,3.351032163829114,1.0,3,1.3,1.1,1.5,0.0,0.0,0.0
61.449999999998646,25.94999999999981,28.949999999999743,28.902652413026097,3.351032163829114,1.0,4,1.7000000000000002,1.5000000000000002,1.9000000000000001,0.0,0.0,0.0
61.449999999998646,25.94999999999981,28.949999999999743,28.902652413026097,3.351032163829114,1.0,5,2.1,1.9000000000000001,2.3000000000000003,0.0,0.0,0.0
61.449999999998646,25.94999999999981,28.949999999999743,28.902652413026097,3.351032163829114,1.0,6,2.5,2.3,2.7,0.0,0.0,0.0
61.84999999999862,25.97499999999981,29.34999999999975,29.321531433504735,3.351032163829114,1.0,1,0.5,0.3,0.7,0.0,0.0,0.0
61.84999999999862,25.97499999999981,29.34999999999975,29.321531433504735,3.351032163829114,1.0,2,0.9,0.7,1.1,0.0,0.0,0.0
61.84999999999862,25.97499999999981,29.34999999999975,29.321531433504735,3.351032163829114,1.0,3,1.3,1.1,1.5,0.0,0.0,0.0
61.84999999999862,25.97499999999981,29.34999999999975,29.321531433504735,3.351032163829114,1.0,4,1.7000000000000002,1.5000000000000002,1.9000000000000001,0.0,0.0,0.0
61.84999999999862,25.97499999999981,29.34999999999975,29.321531433504735,3.351032163829114,1.0,5,2.1,1.9000000000000001,2.3000000000000003,0.0,0.0,0.0
61.84999999999862,25.97499999999981,29.34999999999975,29.321531433504735,3.351032163829114,1.0,6,2.5,2.3,2.7,0.0,0.0,0.0
61.84999999999862,25.999999999999808,29.34999999999975,29.321531433504735,3.351032163829114,1.0,1,0.5,0.3,0.7,0.0,0.0,0.0
61.84999999999862,25.999999999999808,29.34999999999975,29.321531433504735,3.351032163829114,1.0,2,0.9,0.7,1.1,0.0,0.0,0.0
61.84999999999862,25.999999999999808,29.34999999999975,29.321531433504735,3.351032163829114,1.0,3,1.3,1.1,1.5,0.0,0.0,0.0
61.84999999999862,25.999999999999808,29.34999999999975,29.321531433504735,3.351032163829114,1.0,4,1.7000000000000002,1.5000000000000002,1.9000000000000001,0.0,0.0,0.0
61.84999999999862,25.999999999999808,29.34999999999975,29.321531433504735,3.351032163829114,1.0,5,2.1,1.9000000000000001,2.3000000000000003,0.0,0.0,0.0
61.84999999999862,25.999999999999808,29.34999999999975,29.321531433504735,3.351032163829114,1.0,6,2.5,2.3,2.7,0.0,0.0,0.0
61.84999999999862,26.024999999999807,29.34999999999975,29.321531433504735,3.351032163829114,1.0,1,0.5,0.3,0.7,0.0,0.0,0.0
61.84999999999862,26.024999999999807,29.34999999999975,29.321531433504735,3.351032163829114,1.0,2,0.9,0.7,1.1,0.0,0.0,0.0
61.84999999999862,26.024999999999807,29.34999999999975,29.321531433504735,3.351032163829114,1.0,3,1.3,1.1,1.5,0.0,0.0,0.0
61.84999999999862,26.024999999999807,29.34999999999975,29.321531433504735,3.351032163829114,1.0,4,1.7000000000000002,1.5000000000000002,1.9000000000000001,0.0,0.0,0.0
61.84999999999862,26.024999999999807,29.34999999999975,29.321531433504735,3.351032163829114,1.0,5,2.1,1.9000000000000001,2.3000000000000003,0.0,0.0,0.0
61.84999999999862,26.024999999999807,29.34999999999975,29.321531433504735,3.351032163829114,1.0,6,2.5,2.3,2.7,0.0,0.0,0.0
61.84999999999862,26.049999999999805,29.34999999999975,29.321531433504735,3.351032163829114,1.0,1,0.5,0.3,0.7,0.0,0.0,0.0
61.84999999999862,26.049999999999805,29.34999999999975,29.321531433504735,3.351032163829114,1.0,2,0.9,0.7,1.1,0.0,0.0,0.0
61.84999999999862,26.049999999999805,29.34999999999975,29.321531433504735,3.351032163829114,1.0,3,1.3,1.1,1.5,0.0,0.0,0.0
61.84999999999862,26.049999999999805,29.34999999999975,29.321531433504735,3.351032163829114,1.0,4,1.7000000000000002,1.5000000000000002,1.9000000000000001,0.0,0.0,0.0
61.84999999999862,26.049999999999805,29.34999999999975,29.321531433504735,3.351032163829114,1.0,5,2.1,1.9000000000000001,2.3000000000000003,0.0,0.0,0.0
61.84999999999862,26.049999999999805,29.34999999999975,29.321531433504735,3.351032163829114,1.0,6,2.5,2.3,2.7,0.0,0.0,0.0
61.84999999999862,26.074999999999804,29.34999999999975,29.321531433504735,3.351032163829114,1.0,1,0.5,0.3,0.7,0.0,0.0,0.0
61.84999999999862,26.074999999999804,29.34999999999975,29.321531433504735,3.351032163829114,1.0,2,0.9,0.7,1.1,0.0,0.0,0.0
61.84999999999862,26.074999999999804,29.34999999999975,29.321531433504735,3.351032163829114,1.0,3,1.3,1.1,1.5,0.0,0.0,0.0
61.84999999999862,26.074999999999804,29.34999999999975,29.321531433504735,3.351032163829114,1.0,4,1.7000000000000002,1.5000000000000002,1.9000000000000001,0.0,0.0,0.0
61.84999999999862,26.074999999999804,29.34999999999975,29.321531433504735,3.351032163829114,1.0,5,2.1,1.9000000000000001,2.3000000000000003,0.0,0.0,0.0
61.84999999999862,26.074999999999804,29.34999999999975,29.321531433504735,3.351032163829114,1.0,6,2.5,2.3,2.7,0.0,0.0,0.0
61.84999999999862,26.099999999999802,29.34999999999975,29.321531433504735,3.351032163829114,1.0,1,0.5,0.3,0.7,0.0,0.0,0.0
61.84999999999862,26.099999999999802,29.34999999999975,29.321531433504735,3.351032163829114,1.0,2,0.9,0.7,1.1,0.0,0.0,0.0
61.84999999999862,26.099999999999802,29.34999999999975,29.321531433504735,3.351032163829114,1.0,3,1.3,1.1,1.5,0.0,0.0,0.0
61.84999999999862,26.099999999999802,29.34999999999975,29.321531433504735,3.351032163829114,1.0,4,1.7000000000000002,1.5000000000000002,1.9000000000000001,0.0,0.0,0.0
61.84999999999862,26.099999999999802,29.34999999999975,29.321531433504735,3.351032163829114,1.0,5,2.1,1.9000000000000001,2.3000000000000003,0.0,0.0,0.0
61.84999999999862,26.099999999999802,29.34999999999975,29.321531433504735,3.351032163829114,1.0,6,2.5,2.3,2.7,0.0,0.0,0.0
61.84999999999862,26.1249999999998,29.34999999999975,29.321531433504735,3.351032163829114,1.0,1,0.5,0.3,0.7,0.0,0.0,0.0
61.84999999999862,26.1249999999998,29.34999999999975,29.321531433504735,3.351032163829114,1.0,2,0.9,0.7,1.1,0.0,0.0,0.0
61.84999999999862,26.1249999999998,29.34999999999975,29.321531433504735,3.351032163829114,1.0,3,1.3,1.1,1.5,0.0,0.0,0.0
61.84999999999862,26.1249999999998,29.34999999999975,29.321531433504735,3.351032163829114,1.0,4,1.7000000000000002,1.5000000000000002,1.9000000000000001,0.0,0.0,0.0
61.84999999999862,26.1249999999998,29.34999999999975,29.321531433504735,3.351032163829114,1.0,5,2.1,1.9000000000000001,2.3000000000000003,0.0,0.0,0.0
61.84999999999862,26.1249999999998,29.34999999999975,29.321531433504735,3.351032163829114,1.0,6,2.5,2.3,2.7,0.0,0.0,0.0
61.84999999999862,26.1499999999998,29.34999999999975,29.321531433504735,3.351032163829114,1.0,1,0.5,0.3,0.7,0.0,0.0,0.0
61.84999999999862,26.1499999999998,29.34999999999975,29.321531433504735,3.351032163829114,1.0,2,0.9,0.7,1.1,0.0,0.0,0.0
61.84999999999862,26.1499999999998,29.34999999999975,29.321531433504735,3.351032163829114,1.0,3,1.3,1.1,1.5,0.0,0.0,0.0
61.84999999999862,26.1499999999998,29.34999999999975,29.321531433504735,3.351032163829114,1.0,4,1.7000000000000002,1.5000000000000002,1.9000000000000001,0.0,0.0,0.0
61.84999999999862,26.1499999999998,29.34999999999975,29.321531433504735,3.351032163829114,1.0,5,2.1,1.9000000000000001,2.3000000000000003,0.0,0.0,0.0
61.84999999999862,26.1499999999998,29.34999999999975,29.321531433504735,3.351032163829114,1.0,6,2.5,2.3,2.7,0.0,0.0,0.0
61.84999999999862,26.174999999999798,29.34999999999975,29.321531433504735,3.351032163829114,1.0,1,0.5,0.3,0.7,0.0,0.0,0.0
61.84999999999862,26.174999999999798,29.34999999999975,29.321531433504735,3.351032163829114,1.0,2,0.9,0.7,1.1,0.0,0.0,0.0
61.84999999999862,26.174999999999798,29.34999999999975,29.321531433504735,3.351032163829114,1.0,3,1.3,1.1,1.5,0.0,0.0,0.0
61.84999999999862,26.174999999999798,29.34999999999975,29.321531433504735,3.351032163829114,1.0,4,1.7000000000000002,1.5000000000000002,1.9000000000000001,0.0,0.0,0.0
61.84999999999862,26.174999999999798,29.34999999999975,29.321531433504735,3.351032163829114,1.0,5,2.1,1.9000000000000001,2.3000000000000003,0.0,0.0,0.0
61.84999999999862,26.174999999999798,29.34999999999975,29.321531433504735,3.351032163829114,1.0,6,2.5,2.3,2.7,0.0,0.0,0.0
61.84999999999862,26.199999999999797,29.34999999999975,29.321531433504735,3.351032163829114,1.0,1,0.5,0.3,0.7,0.0,0.0,0.0
61.84999999999862,26.199999999999797,29.34999999999975,29.321531433504735,3.351032163829114,1.0,2,0.9,0.7,1.1,0.0,0.0,0.0
61.84999999999862,26.199999999999797,29.34999999999975,29.321531433504735,3.351032163829114,1.0,3,1.3,1.1,1.5,0.0,0.0,0.0
61.84999999999862,26.199999999999797,29.34999999999975,29.321531433504735,3.351032163829114,1.0,4,1.7000000000000002,1.5000000000000002,1.9000000000000001,0.0,0.0,0.0
61.84999999999862,26.199999999999797,29.34999999999975,29.321531433504735,3.351032163829114,1.0,5,2.1,1.9000000000000001,2.3000000000000003,0.0,0.0,0.0
61.84999999999862,26.199999999999797,29.34999999999975,29.321531433504735,3.351032163829114,1.0,6,2.5,2.3,2.7,0.0,0.0,0.0
61.84999999999862,26.224999999999795,29.34999999999975,29.321531433504735,3.351032163829114,1.0,1,0.5,0.3,0.7,0.0,0.0,0.0
61.84999999999862,26.224999999999795,29.34999999999975,29.321531433504735,3.351032163829114,1.0,2,0.9,0.7,1.1,0.0,0.0,0.0
61.84999999999862,26.224999999999795,29.34999999999975,29.321531433504735,3.351032163829114,1.0,3,1.3,1.1,1.5,0.0,0.0,0.0
61.84999999999862,26.224999999999795,29.34999999999975,29.321531433504735,3.351032163829114,1.0,4,1.7000000000000002,1.5000000000000002,1.9000000000000001,0.0,0.0,0.0
61.84999999999862,26.224999999999795,29.34999999999975,29.321531433504735,3.351032163829114,1.0,5,2.1,1.9000000000000001,2.3000000000000003,0.0,0.0,0.0
61.84999999999862,26.224999999999795,29.34999999999975,29.321531433504735,3.351032163829114,1.0,6,2.5,2.3,2.7,0.0,0.0,0.0
61.84999999999862,26.249999999999794,29.34999999999975,29.321531433504735,3.351032163829114,1.0,1,0.5,0.3,0.7,0.0,0.0,0.0
61.84999999999862,26.249999999999794,29.34999999999975,29.321531433504735,3.351032163829114,1.0,2,0.9,0.7,1.1,0.0,0.0,0.0
61.84999999999862,26.249999999999794,29.34999999999975,29.321531433504735,3.351032163829114,1.0,3,1.3,1.1,1.5,0.0,0.0,0.0
61.84999999999862,26.249999999999794,29.34999999999975,29.321531433504735,3.351032163829114,1.0,4,1.7000000000000002,1.5000000000000002,1.9000000000000001,0.0,0.0,0.0
61.84999999999862,26.249999999999794,29.34999999999975,29.321531433504735,3.351032163829114,1.0,5,2.1,1.9000000000000001,2.3000000000000003,0.0,0.0,0.0
61.84999999999862,26.249999999999794,29.34999999999975,29.321531433504735,3.351032163829114,1.0,6,2.5,2.3,2.7,0.0,0.0,0.0
61.84999999999862,26.274999999999793,29.34999999999975,29.321531433504735,3.351032163829114,1.0,1,0.5,0.3,0.7,0.0,0.0,0.0
61.84999999999862,26.274999999999793,29.34999999999975,29.321531433504735,3.351032163829114,1.0,2,0.9,0.7,1.1,0.0,0.0,0.0
61.84999999999862,26.274999999999793,29.34999999999975,29.321531433504735,3.351032163829114,1.0,3,1.3,1.1,1.5,0.0,0.0,0.0
61.84999999999862,26.274999999999793,29.34999999999975,29.321531433504735,3.351032163829114,1.0,4,1.7000000000000002,1.5000000000000002,1.9000000000000001,0.0,0.0,0.0
61.84999999999862,26.274999999999793,29.34999999999975,29.321531433504735,3.351032163829114,1.0,5,2.1,1.9000000000000001,2.3000000000000003,0.0,0.0,0.0
61.84999999999862,26.274999999999793,29.34999999999975,29.321531433504735,3.351032163829114,1.0,6,2.5,2.3,2.7,0.0,0.0,0.0
61.84999999999862,26.29999999999979,29.34999999999975,29.321531433504735,3.351032163829114,1.0,1,0.5,0.3,0.7,0.0,0.0,0.0
61.84999999999862,26.29999999999979,29.34999999999975,29.321531433504735,3.351032163829114,1.0,2,0.9,0.7,1.1,0.0,0.0,0.0
61.84999999999862,26.29999999999979,29.34999999999975,29.321531433504735,3.351032163829114,1.0,3,1.3,1.1,1.5,0.0,0.0,0.0
61.84999999999862,26.29999999999979,29.34999999999975,29.321531433504735,3.351032163829114,1.0,4,1.7000000000000002,1.5000000000000002,1.9000000000000001,0.0,0.0,0.0
61.84999999999862,26.29999999999979,29.34999999999975,29.321531433504735,3.351032163829114,1.0,5,2.1,1.9000000000000001,2.3000000000000003,0.0,0.0,0.0
61.84999999999862,26.29999999999979,29.34999999999975,29.321531433504735,3.351032163829114,1.0,6,2.5,2.3,2.7,0.0,0.0,0.0
61.84999999999862,26.32499999999979,29.34999999999975,29.321531433504735,3.351032163829114,1.0,1,0.5,0.3,0.7,0.0,0.0,0.0
61.84999999999862,26.32499999999979,29.34999999999975,29.321531433504735,3.351032163829114,1.0,2,0.9,0.7,1.1,0.0,0.0,0.0
61.84999999999862,26.32499999999979,29.34999999999975,29.321531433504735,3.351032163829114,1.0,3,1.3,1.1,1.5,0.0,0.0,0.0
61.84999999999862,26.32499999999979,29.34999999999975,29.321531433504735,3.351032163829114,1.0,4,1.7000000000000002,1.5000000000000002,1.9000000000000001,0.0,0.0,0.0
61.84999999999862,26.32499999999979,29.34999999999975,29.321531433504735,3.351032163829114,1.0,5,2.1,1.9000000000000001,2.3000000000000003,0.0,0.0,0.0
61.84999999999862,26.32499999999979,29.34999999999975,29.321531433504735,3.351032163829114,1.0,6,2.5,2.3,2.7,0.0,0.0,0.0
61.84999999999862,26.34999999999979,29.34999999999975,29.321531433504735,3.351032163829114,1.0,1,0.5,0.3,0.7,0.0,0.0,0.0
61.84999999999862,26.34999999999979,29.34999999999975,29.321531433504735,3.351032163829114,1.0,2,0.9,0.7,1.1,0.0,0.0,0.0
61.84999999999862,26.34999999999979,29.34999999999975,29.321531433504735,3.351032163829114,1.0,3,1.3,1.1,1.5,0.0,0.0,0.0
61.84999999999862,26.34999999999979,29.34999999999975,29.321531433504735,3.351032163829114,1.0,4,1.7000000000000002,1.5000000000000002,1.9000000000000001,0.0,0.0,0.0
61.84999999999862,26.34999999999979,29.34999999999975,29.321531433504735,3.351032163829114,1.0,5,2.1,1.9000000000000001,2.3000000000000003,0.0,0.0,0.0
61.84999999999862,26.34999999999979,29.34999999999975,29.321531433504735,3.351032163829114,1.0,6,2.5,2.3,2.7,0.0,0.0,0.0
61.84999999999862,26.374999999999787,29.34999999999975,29.321531433504735,3.351032163829114,1.0,1,0.5,0.3,0.7,0.0,0.0,0.0
61.84999999999862,26.374999999999787,29.34999999999975,29.321531433504735,3.351032163829114,1.0,2,0.9,0.7,1.1,0.0,0.0,0.0
61.84999999999862,26.374999999999787,29.34999999999975,29.321531433504735,3.351032163829114,1.0,3,1.3,1.1,1.5,0.0,0.0,0.0
61.84999999999862,26.374999999999787,29.34999999999975,29.321531433504735,3.351032163829114,1.0,4,1.7000000000000002,1.5000000000000002,1.9000000000000001,0.0,0.0,0.0
61.84999999999862,26.374999999999787,29.34999999999975,29.321531433504735,3.351032163829114,1.0,5,2.1,1.9000000000000001,2.3000000000000003,0.0,0.0,0.0
61.84999999999862,26.374999999999787,29.34999999999975,29.321531433504735,3.351032163829114,1.0,6,2.5,2.3,2.7,0.0,0.0,0.0
62.2499999999986,26.399999999999785,29.749999999999755,29.740410453983372,3.3510321638291103,1.0,1,0.5,0.3,0.7,0.0,0.0,0.0
62.2499999999986,26.399999999999785,29.749999999999755,29.740410453983372,3.3510321638291103,1.0,2,0.9,0.7,1.1,0.0,0.0,0.0
62.2499999999986,26.399999999999785,29.749999999999755,29.740410453983372,3.3510321638291103,1.0,3,1.3,1.1,1.5,0.0,0.0,0.0
62.2499999999986,26.399999999999785,29.749999999999755,29.740410453983372,3.3510321638291103,1.0,4,1.7000000000000002,1.5000000000000002,1.9000000000000001,0.0,0.0,0.0
62.2499999999986,26.399999999999785,29.749999999999755,29.740410453983372,3.3510321638291103,1.0,5,2.1,1.9000000000000001,2.3000000000000003,0.0,0.0,0.0
62.2499999999986,26.399999999999785,29.749999999999755,29.740410453983372,3.3510321638291103,1.0,6,2.5,2.3,2.7,0.0,0.0,0.0
62.2499999999986,26.424999999999784,29.749999999999755,29.740410453983372,3.3510321638291103,1.0,1,0.5,0.3,0.7,0.0,0.0,0.0
62.2499999999986,26.424999999999784,29.749999999999755,29.740410453983372,3.3510321638291103,1.0,2,0.9,0.7,1.1,0.0,0.0,0.0
62.2499999999986,26.424999999999784,29.749999999999755,29.740410453983372,3.3510321638291103,1.0,3,1.3,1.1,1.5,0.0,0.0,0.0
62.2499999999986,26.424999999999784,29.749999999999755,29.740410453983372,3.3510321638291103,1.0,4,1.7000000000000002,1.5000000000000002,1.9000000000000001,0.0,0.0,0.0
62.2499999999986,26.424999999999784,29.749999999999755,29.740410453983372,3.3510321638291103,1.0,5,2.1,1.9000000000000001,2.3000000000000003,0.0,0.0,0.0
62.2499999999986,26.424999999999784,29.749999999999755,29.740410453983372,3.3510321638291103,1.0,6,2.5,2.3,2.7,0.0,0.0,0.0
62.2499999999986,26.449999999999783,29.749999999999755,29.740410453983372,3.3510321638291103,1.0,1,0.5,0.3,0.7,0.0,0.0,0.0
62.2499999999986,26.449999999999783,29.749999999999755,29.740410453983372,3.3510321638291103,1.0,2,0.9,0.7,1.1,0.0,0.0,0.0
62.2499999999986,26.449999999999783,29.749999999999755,29.740410453983372,3.3510321638291103,1.0,3,1.3,1.1,1.5,0.0,0.0,0.0
62.2499999999986,26.449999999999783,29.749999999999755,29.740410453983372,3.3510321638291103,1.0,4,1.7000000000000002,1.5000000000000002,1.9000000000000001,0.0,0.0,0.0
62.2499999999986,26.449999999999783,29.749999999999755,29.740410453983372,3.3510321638291103,1.0,5,2.1,1.9000000000000001,2.3000000000000003,0.0,0.0,0.0
62.2499999999986,26.449999999999783,29.749999999999755,29.740410453983372,3.3510321638291103,1.0,6,2.5,2.3,2.7,0.0,0.0,0.0
62.2499999999986,26.47499999999978,29.749999999999755,29.740410453983372,3.3510321638291103,1.0,1,0.5,0.3,0.7,0.0,0.0,0.0
62.2499999999986,26.47499999999978,29.749999999999755,29.740410453983372,3.3510321638291103,1.0,2,0.9,0.7,1.1,0.0,0.0,0.0
62.2499999999986,26.47499999999978,29.749999999999755,29.740410453983372,3.3510321638291103,1.0,3,1.3,1.1,1.5,0.0,0.0,0.0
62.2499999999986,26.47499999999978,29.749999999999755,29.740410453983372,3.3510321638291103,1.0,4,1.7000000000000002,1.5000000000000002,1.9000000000000001,0.0,0.0,0.0
62.2499999999986,26.47499999999978,29.749999999999755,29.740410453983372,3.3510321638291103,1.0,5,2.1,1.9000000000000001,2.3000000000000003,0.0,0.0,0.0
62.2499999999986,26.47499999999978,29.749999999999755,29.740410453983372,3.3510321638291103,1.0,6,2.5,2.3,2.7,0.0,0.0,0.0
62.2499999999986,26.49999999999978,29.749999999999755,29.740410453983372,3.3510321638291103,1.0,1,0.5,0.3,0.7,0.0,0.0,0.0
62.2499999999986,26.49999999999978,29.749999999999755,29.740410453983372,3.3510321638291103,1.0,2,0.9,0.7,1.1,0.0,0.0,0.0
62.2499999999986,26.49999999999978,29.749999999999755,29.740410453983372,3.3510321638291103,1.0,3,1.3,1.1,1.5,0.0,0.0,0.0
62.2499999999986,26.49999999999978,29.749999999999755,29.740410453983372,3.3510321638291103,1.0,4,1.7000000000000002,1.5000000000000002,1.9000000000000001,0.0,0.0,0.0
62.2499999999986,26.49999999999978,29.749999999999755,29.740410453983372,3.3510321638291103,1.0,5,2.1,1.9000000000000001,2.3000000000000003,0.0,0.0,0.0
62.2499999999986,26.49999999999978,29.749999999999755,29.740410453983372,3.3510321638291103,1.0,6,2.5,2.3,2.7,0.0,0.0,0.0
62.2499999999986,26.52499999999978,29.749999999999755,29.740410453983372,3.3510321638291103,1.0,1,0.5,0.3,0.7,0.0,0.0,0.0
62.2499999999986,26.52499999999978,29.749999999999755,29.740410453983372,3.3510321638291103,1.0,2,0.9,0.7,1.1,0.0,0.0,0.0
62.2499999999986,26.52499999999978,29.749999999999755,29.740410453983372,3.3510321638291103,1.0,3,1.3,1.1,1.5,0.0,0.0,0.0
62.2499999999986,26.52499999999978,29.749999999999755,29.740410453983372,3.3510321638291103,1.0,4,1.7000000000000002,1.5000000000000002,1.9000000000000001,0.0,0.0,0.0
62.2499999999986,26.52499999999978,29.749999999999755,29.740410453983372,3.3510321638291103,1.0,5,2.1,1.9000000000000001,2.3000000000000003,0.0,0.0,0.0
62.2499999999986,26.52499999999978,29.749999999999755,29.740410453983372,3.3510321638291103,1.0,6,2.5,2.3,2.7,0.0,0.0,0.0
62.2499999999986,26.549999999999777,29.749999999999755,29.740410453983372,3.3510321638291103,1.0,1,0.5,0.3,0.7,0.0,0.0,0.0
62.2499999999986,26.549999999999777,29.749999999999755,29.740410453983372,3.3510321638291103,1.0,2,0.9,0.7,1.1,0.0,0.0,0.0
62.2499999999986,26.549999999999777,29.749999999999755,29.740410453983372,3.3510321638291103,1.0,3,1.3,1.1,1.5,0.0,0.0,0.0
62.2499999999986,26.549999999999777,29.749999999999755,29.740410453983372,3.3510321638291103,1.0,4,1.7000000000000002,1.5000000000000002,1.9000000000000001,0.0,0.0,0.0
62.2499999999986,26.549999999999777,29.749999999999755,29.740410453983372,3.3510321638291103,1.0,5,2.1,1.9000000000000001,2.3000000000000003,0.0,0.0,0.0
62.2499999999986,26.549999999999777,29.749999999999755,29.740410453983372,3.3510321638291103,1.0,6,2.5,2.3,2.7,0.0,0.0,0.0
62.2499999999986,26.574999999999775,29.749999999999755,29.740410453983372,3.3510321638291103,1.0,1,0.5,0.3,0.7,0.0,0.0,0.0
62.2499999999986,26.574999999999775,29.749999999999755,29.740410453983372,3.3510321638291103,1.0,2,0.9,0.7,1.1,0.0,0.0,0.0
62.2499999999986,26.574999999999775,29.749999999999755,29.740410453983372,3.3510321638291103,1.0,3,1.3,1.1,1.5,0.0,0.0,0.0
62.2499999999986,26.574999999999775,29.749999999999755,29.740410453983372,3.3510321638291103,1.0,4,1.7000000000000002,1.5000000000000002,1.9000000000000001,0.0,0.0,0.0
62.2499999999986,26.574999999999775,29.749999999999755,29.740410453983372,3.3510321638291103,1.0,5,2.1,1.9000000000000001,2.3000000000000003,0.0,0.0,0.0
62.2499999999986,26.574999999999775,29.749999999999755,29.740410453983372,3.3510321638291103,1.0,6,2.5,2.3,2.7,0.0,0.0,0.0
62.2499999999986,26.599999999999774,29.749999999999755,29.740410453983372,3.3510321638291103,1.0,1,0.5,0.3,0.7,0.0,0.0,0.0
62.2499999999986,26.599999999999774,29.749999999999755,29.740410453983372,3.3510321638291103,1.0,2,0.9,0.7,1.1,0.0,0.0,0.0
62.2499999999986,26.599999999999774,29.749999999999755,29.740410453983372,3.3510321638291103,1.0,3,1.3,1.1,1.5,0.0,0.0,0.0
62.2499999999986,26.599999999999774,29.749999999999755,29.740410453983372,3.3510321638291103,1.0,4,1.7000000000000002,1.5000000000000002,1.9000000000000001,0.0,0.0,0.0
62.2499999999986,26.599999999999774,29.749999999999755,29.740410453983372,3.3510321638291103,1.0,5,2.1,1.9000000000000001,2.3000000000000003,0.0,0.0,0.0
62.2499999999986,26.599999999999774,29.749999999999755,29.740410453983372,3.3510321638291103,1.0,6,2.5,2.3,2.7,0.0,0.0,0.0
62.2499999999986,26.624999999999773,29.749999999999755,29.740410453983372,3.3510321638291103,1.0,1,0.5,0.3,0.7,0.0,0.0,0.0
62.2499999999986,26.624999999999773,29.749999999999755,29.740410453983372,3.3510321638291103,1.0,2,0.9,0.7,1.1,0.0,0.0,0.0
62.2499999999986,26.624999999999773,29.749999999999755,29.740410453983372,3.3510321638291103,1.0,3,1.3,1.1,1.5,0.0,0.0,0.0
62.2499999999986,26.624999999999773,29.749999999999755,29.740410453983372,3.3510321638291103,1.0,4,1.7000000000000002,1.5000000000000002,1.9000000000000001,0.0,0.0,0.0
62.2499999999986,26.624999999999773,29.749999999999755,29.740410453983372,3.3510321638291103,1.0,5,2.1,1.9000000000000001,2.3000000000000003,0.0,0.0,0.0
62.2499999999986,26.624999999999773,29.749999999999755,29.740410453983372,3.3510321638291103,1.0,6,2.5,2.3,2.7,0.0,0.0,0.0
62.2499999999986,26.64999999999977,29.749999999999755,29.740410453983372,3.3510321638291103,1.0,1,0.5,0.3,0.7,0.0,0.0,0.0
62.2499999999986,26.64999999999977,29.749999999999755,29.740410453983372,3.3510321638291103,1.0,2,0.9,0.7,1.1,0.0,0.0,0.0
62.2499999999986,26.64999999999977,29.749999999999755,29.740410453983372,3.3510321638291103,1.0,3,1.3,1.1,1.5,0.0,0.0,0.0
62.2499999999986,26.64999999999977,29.749999999999755,29.740410453983372,3.3510321638291103,1.0,4,1.7000000000000002,1.5000000000000002,1.9000000000000001,0.0,0.0,0.0
62.2499999999986,26.64999999999977,29.749999999999755,29.740410453983372,3.3510321638291103,1.0,5,2.1,1.9000000000000001,2.3000000000000003,0.0,0.0,0.0
62.2499999999986,26.64999999999977,29.749999999999755,29.740410453983372,3.3510321638291103,1.0,6,2.5,2.3,2.7,0.0,0.0,0.0
62.2499999999986,26.67499999999977,29.749999999999755,29.740410453983372,3.3510321638291103,1.0,1,0.5,0.3,0.7,0.0,0.0,0.0
62.2499999999986,26.67499999999977,29.749999999999755,29.740410453983372,3.3510321638291103,1.0,2,0.9,0.7,1.1,0.0,0.0,0.0
62.2499999999986,26.67499999999977,29.749999999999755,29.740410453983372,3.3510321638291103,1.0,3,1.3,1.1,1.5,0.0,0.0,0.0
62.2499999999986,26.67499999999977,29.749999999999755,29.740410453983372,3.3510321638291103,1.0,4,1.7000000000000002,1.5000000000000002,1.9000000000000001,0.0,0.0,0.0
62.2499999999986,26.67499999999977,29.749999999999755,29.740410453983372,3.3510321638291103,1.0,5,2.1,1.9000000000000001,2.3000000000000003,0.0,0.0,0.0
62.2499999999986,26.67499999999977,29.749999999999755,29.740410453983372,3.3510321638291103,1.0,6,2.5,2.3,2.7,0.0,0.0,0.0
62.2499999999986,26.69999999999977,29.749999999999755,29.740410453983372,3.3510321638291103,1.0,1,0.5,0.3,0.7,0.0,0.0,0.0
62.2499999999986,26.69999999999977,29.749999999999755,29.740410453983372,3.3510321638291103,1.0,2,0.9,0.7,1.1,0.0,0.0,0.0
62.2499999999986,26.69999999999977,29.749999999999755,29.740410453983372,3.3510321638291103,1.0,3,1.3,1.1,1.5,0.0,0.0,0.0
62.2499999999986,26.69999999999977,29.749999999999755,29.740410453983372,3.3510321638291103,1.0,4,1.7000000000000002,1.5000000000000002,1.9000000000000001,0.0,0.0,0.0
62.2499999999986,26.69999999999977,29.749999999999755,29.740410453983372,3.3510321638291103,1.0,5,2.1,1.9000000000000001,2.3000000000000003,0.0,0.0,0.0
62.2499999999986,26.69999999999977,29.749999999999755,29.740410453983372,3.3510321638291103,1.0,6,2.5,2.3,2.7,0.0,0.0,0.0
62.2499999999986,26.724999999999767,29.749999999999755,29.740410453983372,3.3510321638291103,1.0,1,0.5,0.3,0.7,0.0,0.0,0.0
62.2499999999986,26.724999999999767,29.749999999999755,29.740410453983372,3.3510321638291103,1.0,2,0.9,0.7,1.1,0.0,0.0,0.0
62.2499999999986,26.724999999999767,29.749999999999755,29.740410453983372,3.3510321638291103,1.0,3,1.3,1.1,1.5,0.0,0.0,0.0
62.2499999999986,26.724999999999767,29.749999999999755,29.740410453983372,3.3510321638291103,1.0,4,1.7000000000000002,1.5000000000000002,1.9000000000000001,0.0,0.0,0.0
62.2499999999986,26.724999999999767,29.749999999999755,29.740410453983372,3.3510321638291103,1.0,5,2.1,1.9000000000000001,2.3000000000000003,0.0,0.0,0.0
62.2499999999986,26.724999999999767,29.749999999999755,29.740410453983372,3.3510321638291103,1.0,6,2.5,2.3,2.7,0.0,0.0,0.0
62.2499999999986,26.749999999999766,29.749999999999755,29.740410453983372,3.3510321638291103,1.0,1,0.5,0.3,0.7,0.0,0.0,0.0
62.2499999999986,26.749999999999766,29.749999999999755,29.740410453983372,3.3510321638291103,1.0,2,0.9,0.7,1.1,0.0,0.0,0.0
62.2499999999986,26.749999999999766,29.749999999999755,29.740410453983372,3.3510321638291103,1.0,3,1.3,1.1,1.5,0.0,0.0,0.0
62.2499999999986,26.749999999999766,29.749999999999755,29.740410453983372,3.3510321638291103,1.0,4,1.7000000000000002,1.5000000000000002,1.9000000000000001,0.0,0.0,0.0
62.2499999999986,26.749999999999766,29.749999999999755,29.740410453983372,3.3510321638291103,1.0,5,2.1,1.9000000000000001,2.3000000000000003,0.0,0.0,0.0
62.2499999999986,26.749999999999766,29.749999999999755,29.740410453983372,3.3510321638291103,1.0,6,2.5,2.3,2.7,0.0,0.0,0.0
62.2499999999986,26.774999999999764,29.749999999999755,29.740410453983372,3.3510321638291103,1.0,1,0.5,0.3,0.7,0.0,0.0,0.0
62.2499999999986,26.774999999999764,29.749999999999755,29.740410453983372,3.3510321638291103,1.0,2,0.9,0.7,1.1,0.0,0.0,0.0
62.2499999999986,26.774999999999764,29.749999999999755,29.740410453983372,3.3510321638291103,1.0,3,1.3,1.1,1.5,0.0,0.0,0.0
62.2499999999986,26.774999999999764,29.749999999999755,29.740410453983372,3.3510321638291103,1.0,4,1.7000000000000002,1.5000000000000002,1.9000000000000001,0.0,0.0,0.0
62.2499999999986,26.774999999999764,29.749999999999755,29.740410453983372,3.3510321638291103,1.0,5,2.1,1.9000000000000001,2.3000000000000003,0.0,0.0,0.0
62.2499999999986,26.774999999999764,29.749999999999755,29.740410453983372,3.3510321638291103,1.0,6,2.5,2.3,2.7,0.0,0.0,0.0
62.2499999999986,26.799999999999763,29.749999999999755,29.740410453983372,3.3510321638291103,1.0,1,0.5,0.3,0.7,0.0,0.0,0.0
62.2499999999986,26.799999999999763,29.749999999999755,29.740410453983372,3.3510321638291103,1.0,2,0.9,0.7,1.1,0.0,0.0,0.0
62.2499999999986,26.799999999999763,29.749999999999755,29.740410453983372,3.3510321638291103,1.0,3,1.3,1.1,1.5,0.0,0.0,0.0
62.2499999999986,26.799999999999763,29.749999999999755,29.740410453983372,3.3510321638291103,1.0,4,1.7000000000000002,1.5000000000000002,1.9000000000000001,0.0,0.0,0.0
62.2499999999986,26.799999999999763,29.749999999999755,29.740410453983372,3.3510321638291103,1.0,5,2.1,1.9000000000000001,2.3000000000000003,0.0,0.0,0.0
62.2499999999986,26.799999999999763,29.749999999999755,29.740410453983372,3.3510321638291103,1.0,6,2.5,2.3,2.7,0.0,0.0,0.0
62.699999999998575,26.82499999999976,30.19999999999976,30.159289474462014,3.351032163829114,1.0,1,0.5,0.3,0.7,0.0,0.0,0.0
62.699999999998575,26.82499999999976,30.19999999999976,30.159289474462014,3.351032163829114,1.0,2,0.9,0.7,1.1,0.0,0.0,0.0
62.699999999998575,26.82499999999976,30.19999999999976,30.159289474462014,3.351032163829114,1.0,3,1.3,1.1,1.5,0.0,0.0,0.0
62.699999999998575,26.82499999999976,30.19999999999976,30.159289474462014,3.351032163829114,1.0,4,1.7000000000000002,1.5000000000000002,1.9000000000000001,0.0,0.0,0.0
62.699999999998575,26.82499999999976,30.19999999999976,30.159289474462014,3.351032163829114,1.0,5,2.1,1.9000000000000001,2.3000000000000003,0.0,0.0,0.0
62.699999999998575,26.82499999999976,30.19999999999976,30.159289474462014,3.351032163829114,1.0,6,2.5,2.3,2.7,0.0,0.0,0.0
62.699999999998575,26.84999999999976,30.19999999999976,30.159289474462014,3.351032163829114,1.0,1,0.5,0.3,0.7,0.0,0.0,0.0
62.699999999998575,26.84999999999976,30.19999999999976,30.159289474462014,3.351032163829114,1.0,2,0.9,0.7,1.1,0.0,0.0,0.0
62.699999999998575,26.84999999999976,30.19999999999976,30.159289474462014,3.351032163829114,1.0,3,1.3,1.1,1.5,0.0,0.0,0.0
62.699999999998575,26.84999999999976,30.19999999999976,30.159289474462014,3.351032163829114,1.0,4,1.7000000000000002,1.5000000000000002,1.9000000000000001,0.0,0.0,0.0
62.699999999998575,26.84999999999976,30.19999999999976,30.159289474462014,3.351032163829114,1.0,5,2.1,1.9000000000000001,2.3000000000000003,0.0,0.0,0.0
62.699999999998575,26.84999999999976,30.19999999999976,30.159289474462014,3.351032163829114,1.0,6,2.5,2.3,2.7,0.0,0.0,0.0
62.699999999998575,26.87499999999976,30.19999999999976,30.159289474462014,3.351032163829114,1.0,1,0.5,0.3,0.7,0.0,0.0,0.0
62.699999999998575,26.87499999999976,30.19999999999976,30.159289474462014,3.351032163829114,1.0,2,0.9,0.7,1.1,0.0,0.0,0.0
62.699999999998575,26.87499999999976,30.19999999999976,30.159289474462014,3.351032163829114,1.0,3,1.3,1.1,1.5,0.0,0.0,0.0
62.699999999998575,26.87499999999976,30.19999999999976,30.159289474462014,3.351032163829114,1.0,4,1.7000000000000002,1.5000000000000002,1.9000000000000001,0.0,0.0,0.0
62.699999999998575,26.87499999999976,30.19999999999976,30.159289474462014,3.351032163829114,1.0,5,2.1,1.9000000000000001,2.3000000000000003,0.0,0.0,0.0
62.699999999998575,26.87499999999976,30.19999999999976,30.159289474462014,3.351032163829114,1.0,6,2.5,2.3,2.7,0.0,0.0,0.0
62.699999999998575,26.899999999999757,30.19999999999976,30.159289474462014,3.351032163829114,1.0,1,0.5,0.3,0.7,0.0,0.0,0.0
62.699999999998575,26.899999999999757,30.19999999999976,30.159289474462014,3.351032163829114,1.0,2,0.9,0.7,1.1,0.0,0.0,0.0
62.699999999998575,26.899999999999757,30.19999999999976,30.159289474462014,3.351032163829114,1.0,3,1.3,1.1,1.5,0.0,0.0,0.0
62.699999999998575,26.899999999999757,30.19999999999976,30.159289474462014,3.351032163829114,1.0,4,1.7000000000000002,1.5000000000000002,1.9000000000000001,0.0,0.0,0.0
62.699999999998575,26.899999999999757,30.19999999999976,30.159289474462014,3.351032163829114,1.0,5,2.1,1.9000000000000001,2.3000000000000003,0.0,0.0,0.0
62.699999999998575,26.899999999999757,30.19999999999976,30.159289474462014,3.351032163829114,1.0,6,2.5,2.3,2.7,0.0,0.0,0.0
62.699999999998575,26.924999999999756,30.19999999999976,30.159289474462014,3.351032163829114,1.0,1,0.5,0.3,0.7,0.0,0.0,0.0
62.699999999998575,26.924999999999756,30.19999999999976,30.159289474462014,3.351032163829114,1.0,2,0.9,0.7,1.1,0.0,0.0,0.0
62.699999999998575,26.924999999999756,30.19999999999976,30.159289474462014,3.351032163829114,1.0,3,1.3,1.1,1.5,0.0,0.0,0.0
62.699999999998575,26.924999999999756,30.19999999999976,30.159289474462014,3.351032163829114,1.0,4,1.7000000000000002,1.5000000000000002,1.9000000000000001,0.0,0.0,0.0
62.699999999998575,26.924999999999756,30.19999999999976,30.159289474462014,3.351032163829114,1.0,5,2.1,1.9000000000000001,2.3000000000000003,0.0,0.0,0.0
62.699999999998575,26.924999999999756,30.19999999999976,30.159289474462014,3.351032163829114,1.0,6,2.5,2.3,2.7,0.0,0.0,0.0
62.699999999998575,26.949999999999754,30.19999999999976,30.159289474462014,3.351032163829114,1.0,1,0.5,0.3,0.7,0.0,0.0,0.0
62.699999999998575,26.949999999999754,30.19999999999976,30.159289474462014,3.351032163829114,1.0,2,0.9,0.7,1.1,0.0,0.0,0.0
62.699999999998575,26.949999999999754,30.19999999999976,30.159289474462014,3.351032163829114,1.0,3,1.3,1.1,1.5,0.0,0.0,0.0
62.699999999998575,26.949999999999754,30.19999999999976,30.159289474462014,3.351032163829114,1.0,4,1.7000000000000002,1.5000000000000002,1.9000000000000001,0.0,0.0,0.0
62.699999999998575,26.949999999999754,30.19999999999976,30.159289474462014,3.351032163829114,1.0,5,2.1,1.9000000000000001,2.3000000000000003,0.0,0.0,0.0
62.699999999998575,26.949999999999754,30.19999999999976,30.159289474462014,3.351032163829114,1.0,6,2.5,2.3,2.7,0.0,0.0,0.0
62.699999999998575,26.974999999999753,30.19999999999976,30.159289474462014,3.351032163829114,1.0,1,0.5,0.3,0.7,0.0,0.0,0.0
62.699999999998575,26.974999999999753,30.19999999999976,30.159289474462014,3.351032163829114,1.0,2,0.9,0.7,1.1,0.0,0.0,0.0
62.699999999998575,26.974999999999753,30.19999999999976,30.159289474462014,3.351032163829114,1.0,3,1.3,1.1,1.5,0.0,0.0,0.0
62.699999999998575,26.974999999999753,30.19999999999976,30.159289474462014,3.351032163829114,1.0,4,1.7000000000000002,1.5000000000000002,1.9000000000000001,0.0,0.0,0.0
62.699999999998575,26.974999999999753,30.19999999999976,30.159289474462014,3.351032163829114,1.0,5,2.1,1.9000000000000001,2.3000000000000003,0.0,0.0,0.0
62.699999999998575,26.974999999999753,30.19999999999976,30.159289474462014,3.351032163829114,1.0,6,2.5,2.3,2.7,0.0,0.0,0.0
62.699999999998575,26.99999999999975,30.19999999999976,30.159289474462014,3.351032163829114,1.0,1,0.5,0.3,0.7,0.0,0.0,0.0
62.699999999998575,26.99999999999975,30.19999999999976,30.159289474462014,3.351032163829114,1.0,2,0.9,0.7,1.1,0.0,0.0,0.0
62.699999999998575,26.99999999999975,30.19999999999976,30.159289474462014,3.351032163829114,1.0,3,1.3,1.1,1.5,0.0,0.0,0.0
62.699999999998575,26.99999999999975,30.19999999999976,30.159289474462014,3.351032163829114,1.0,4,1.7000000000000002,1.5000000000000002,1.9000000000000001,0.0,0.0,0.0
62.699999999998575,26.99999999999975,30.19999999999976,30.159289474462014,3.351032163829114,1.0,5,2.1,1.9000000000000001,2.3000000000000003,0.0,0.0,0.0
62.699999999998575,26.99999999999975,30.19999999999976,30.159289474462014,3.351032163829114,1.0,6,2.5,2.3,2.7,0.0,0.0,0.0
62.699999999998575,27.02499999999975,30.19999999999976,30.159289474462014,3.351032163829114,1.0,1,0.5,0.3,0.7,0.0,0.0,0.0
62.699999999998575,27.02499999999975,30.19999999999976,30.159289474462014,3.351032163829114,1.0,2,0.9,0.7,1.1,0.0,0.0,0.0
62.699999999998575,27.02499999999975,30.19999999999976,30.159289474462014,3.351032163829114,1.0,3,1.3,1.1,1.5,0.0,0.0,0.0
62.699999999998575,27.02499999999975,30.19999999999976,30.159289474462014,3.351032163829114,1.0,4,1.7000000000000002,1.5000000000000002,1.9000000000000001,0.0,0.0,0.0
62.699999999998575,27.02499999999975,30.19999999999976,30.159289474462014,3.351032163829114,1.0,5,2.1,1.9000000000000001,2.3000000000000003,0.0,0.0,0.0
62.699999999998575,27.02499999999975,30.19999999999976,30.159289474462014,3.351032163829114,1.0,6,2.5,2.3,2.7,0.0,0.0,0.0
62.699999999998575,27.04999999999975,30.19999999999976,30.159289474462014,3.351032163829114,1.0,1,0.5,0.3,0.7,0.0,0.0,0.0
62.699999999998575,27.04999999999975,30.19999999999976,30.159289474462014,3.351032163829114,1.0,2,0.9,0.7,1.1,0.0,0.0,0.0
62.699999999998575,27.04999999999975,30.19999999999976,30.159289474462014,3.351032163829114,1.0,3,1.3,1.1,1.5,0.0,0.0,0.0
62.699999999998575,27.04999999999975,30.19999999999976,30.159289474462014,3.351032163829114,1.0,4,1.7000000000000002,1.5000000000000002,1.9000000000000001,0.0,0.0,0.0
62.699999999998575,27.04999999999975,30.19999999999976,30.159289474462014,3.351032163829114,1.0,5,2.1,1.9000000000000001,2.3000000000000003,0.0,0.0,0.0
62.699999999998575,27.04999999999975,30.19999999999976,30.159289474462014,3.351032163829114,1.0,6,2.5,2.3,2.7,0.0,0.0,0.0
62.699999999998575,27.074999999999747,30.19999999999976,30.159289474462014,3.351032163829114,1.0,1,0.5,0.3,0.7,0.0,0.0,0.0
62.699999999998575,27.074999999999747,30.19999999999976,30.159289474462014,3.351032163829114,1.0,2,0.9,0.7,1.1,0.0,0.0,0.0
62.699999999998575,27.074999999999747,30.19999999999976,30.159289474462014,3.351032163829114,1.0,3,1.3,1.1,1.5,0.0,0.0,0.0
62.699999999998575,27.074999999999747,30.19999999999976,30.159289474462014,3.351032163829114,1.0,4,1.7000000000000002,1.5000000000000002,1.9000000000000001,0.0,0.0,0.0
62.699999999998575,27.074999999999747,30.19999999999976,30.159289474462014,3.351032163829114,1.0,5,2.1,1.9000000000000001,2.3000000000000003,0.0,0.0,0.0
62.699999999998575,27.074999999999747,30.19999999999976,30.159289474462014,3.351032163829114,1.0,6,2.5,2.3,2.7,0.0,0.0,0.0
62.699999999998575,27.099999999999746,30.19999999999976,30.159289474462014,3.351032163829114,1.0,1,0.5,0.3,0.7,0.0,0.0,0.0
62.699999999998575,27.099999999999746,30.19999999999976,30.159289474462014,3.351032163829114,1.0,2,0.9,0.7,1.1,0.0,0.0,0.0
62.699999999998575,27.099999999999746,30.19999999999976,30.159289474462014,3.351032163829114,1.0,3,1.3,1.1,1.5,0.0,0.0,0.0
62.699999999998575,27.099999999999746,30.19999999999976,30.159289474462014,3.351032163829114,1.0,4,1.7000000000000002,1.5000000000000002,1.9000000000000001,0.0,0.0,0.0
62.699999999998575,27.099999999999746,30.19999999999976,30.159289474462014,3.351032163829114,1.0,5,2.1,1.9000000000000001,2.3000000000000003,0.0,0.0,0.0
62.699999999998575,27.099999999999746,30.19999999999976,30.159289474462014,3.351032163829114,1.0,6,2.5,2.3,2.7,0.0,0.0,0.0
62.699999999998575,27.124999999999744,30.19999999999976,30.159289474462014,3.351032163829114,1.0,1,0.5,0.3,0.7,0.0,0.0,0.0
62.699999999998575,27.124999999999744,30.19999999999976,30.159289474462014,3.351032163829114,1.0,2,0.9,0.7,1.1,0.0,0.0,0.0
62.699999999998575,27.124999999999744,30.19999999999976,30.159289474462014,3.351032163829114,1.0,3,1.3,1.1,1.5,0.0,0.0,0.0
62.699999999998575,27.124999999999744,30.19999999999976,30.159289474462014,3.351032163829114,1.0,4,1.7000000000000002,1.5000000000000002,1.9000000000000001,0.0,0.0,0.0
62.699999999998575,27.124999999999744,30.19999999999976,30.159289474462014,3.351032163829114,1.0,5,2.1,1.9000000000000001,2.3000000000000003,0.0,0.0,0.0
62.699999999998575,27.124999999999744,30.19999999999976,30.159289474462014,3.351032163829114,1.0,6,2.5,2.3,2.7,0.0,0.0,0.0
62.699999999998575,27.149999999999743,30.19999999999976,30.159289474462014,3.351032163829114,1.0,1,0.5,0.3,0.7,0.0,0.0,0.0
62.699999999998575,27.149999999999743,30.19999999999976,30.159289474462014,3.351032163829114,1.0,2,0.9,0.7,1.1,0.0,0.0,0.0
62.699999999998575,27.149999999999743,30.19999999999976,30.159289474462014,3.351032163829114,1.0,3,1.3,1.1,1.5,0.0,0.0,0.0
62.699999999998575,27.149999999999743,30.19999999999976,30.159289474462014,3.351032163829114,1.0,4,1.7000000000000002,1.5000000000000002,1.9000000000000001,0.0,0.0,0.0
62.699999999998575,27.149999999999743,30.19999999999976,30.159289474462014,3.351032163829114,1.0,5,2.1,1.9000000000000001,2.3000000000000003,0.0,0.0,0.0
62.699999999998575,27.149999999999743,30.19999999999976,30.159289474462014,3.351032163829114,1.0,6,2.5,2.3,2.7,0.0,0.0,0.0
62.699999999998575,27.17499999999974,30.19999999999976,30.159289474462014,3.351032163829114,1.0,1,0.5,0.3,0.7,0.0,0.0,0.0
62.699999999998575,27.17499999999974,30.19999999999976,30.159289474462014,3.351032163829114,1.0,2,0.9,0.7,1.1,0.0,0.0,0.0
62.699999999998575,27.17499999999974,30.19999999999976,30.159289474462014,3.351032163829114,1.0,3,1.3,1.1,1.5,0.0,0.0,0.0
62.699999999998575,27.17499999999974,30.19999999999976,30.159289474462014,3.351032163829114,1.0,4,1.7000000000000002,1.5000000000000002,1.9000000000000001,0.0,0.0,0.0
62.699999999998575,27.17499999999974,30.19999999999976,30.159289474462014,3.351032163829114,1.0,5,2.1,1.9000000000000001,2.3000000000000003,0.0,0.0,0.0
62.699999999998575,27.17499999999974,30.19999999999976,30.159289474462014,3.351032163829114,1.0,6,2.5,2.3,2.7,0.0,0.0,0.0
62.699999999998575,27.19999999999974,30.19999999999976,30.159289474462014,3.351032163829114,1.0,1,0.5,0.3,0.7,0.0,0.0,0.0
62.699999999998575,27.19999999999974,30.19999999999976,30.159289474462014,3.351032163829114,1.0,2,0.9,0.7,1.1,0.0,0.0,0.0
62.699999999998575,27.19999999999974,30.19999999999976,30.159289474462014,3.351032163829114,1.0,3,1.3,1.1,1.5,0.0,0.0,0.0
62.699999999998575,27.19999999999974,30.19999999999976,30.159289474462014,3.351032163829114,1.0,4,1.7000000000000002,1.5000000000000002,1.9000000000000001,0.0,0.0,0.0
62.699999999998575,27.19999999999974,30.19999999999976,30.159289474462014,3.351032163829114,1.0,5,2.1,1.9000000000000001,2.3000000000000003,0.0,0.0,0.0
62.699999999998575,27.19999999999974,30.19999999999976,30.159289474462014,3.351032163829114,1.0,6,2.5,2.3,2.7,0.0,0.0,0.0
62.699999999998575,27.22499999999974,30.19999999999976,30.159289474462014,3.351032163829114,1.0,1,0.5,0.3,0.7,0.0,0.0,0.0
62.699999999998575,27.22499999999974,30.19999999999976,30.159289474462014,3.351032163829114,1.0,2,0.9,0.7,1.1,0.0,0.0,0.0
62.699999999998575,27.22499999999974,30.19999999999976,30.159289474462014,3.351032163829114,1.0,3,1.3,1.1,1.5,0.0,0.0,0.0
62.699999999998575,27.22499999999974,30.19999999999976,30.159289474462014,3.351032163829114,1.0,4,1.7000000000000002,1.5000000000000002,1.9000000000000001,0.0,0.0,0.0
62.699999999998575,27.22499999999974,30.19999999999976,30.159289474462014,3.351032163829114,1.0,5,2.1,1.9000000000000001,2.3000000000000003,0.0,0.0,0.0
62.699999999998575,27.22499999999974,30.19999999999976,30.159289474462014,3.351032163829114,1.0,6,2.5,2.3,2.7,0.0,0.0,0.0
63.09999999999855,27.249999999999737,30.599999999999767,30.578168494940652,3.351032163829114,1.0,1,0.5,0.3,0.7,0.0,0.0,0.0
63.09999999999855,27.249999999999737,30.599999999999767,30.578168494940652,3.351032163829114,1.0,2,0.9,0.7,1.1,0.0,0.0,0.0
63.09999999999855,27.249999999999737,30.599999999999767,30.578168494940652,3.351032163829114,1.0,3,1.3,1.1,1.5,0.0,0.0,0.0
63.09999999999855,27.249999999999737,30.599999999999767,30.578168494940652,3.351032163829114,1.0,4,1.7000000000000002,1.5000000000000002,1.9000000000000001,0.0,0.0,0.0
63.09999999999855,27.249999999999737,30.599999999999767,30.578168494940652,3.351032163829114,1.0,5,2.1,1.9000000000000001,2.3000000000000003,0.0,0.0,0.0
63.09999999999855,27.249999999999737,30.599999999999767,30.578168494940652,3.351032163829114,1.0,6,2.5,2.3,2.7,0.0,0.0,0.0
63.09999999999855,27.274999999999736,30.599999999999767,30.578168494940652,3.351032163829114,1.0,1,0.5,0.3,0.7,0.0,0.0,0.0
63.09999999999855,27.274999999999736,30.599999999999767,30.578168494940652,3.351032163829114,1.0,2,0.9,0.7,1.1,0.0,0.0,0.0
63.09999999999855,27.274999999999736,30.599999999999767,30.578168494940652,3.351032163829114,1.0,3,1.3,1.1,1.5,0.0,0.0,0.0
63.09999999999855,27.274999999999736,30.599999999999767,30.578168494940652,3.351032163829114,1.0,4,1.7000000000000002,1.5000000000000002,1.9000000000000001,0.0,0.0,0.0
63.09999999999855,27.274999999999736,30.599999999999767,30.578168494940652,3.351032163829114,1.0,5,2.1,1.9000000000000001,2.3000000000000003,0.0,0.0,0.0
63.09999999999855,27.274999999999736,30.599999999999767,30.578168494940652,3.351032163829114,1.0,6,2.5,2.3,2.7,0.0,0.0,0.0
63.09999999999855,27.299999999999734,30.599999999999767,30.578168494940652,3.351032163829114,1.0,1,0.5,0.3,0.7,0.0,0.0,0.0
63.09999999999855,27.299999999999734,30.599999999999767,30.578168494940652,3.351032163829114,1.0,2,0.9,0.7,1.1,0.0,0.0,0.0
63.09999999999855,27.299999999999734,30.599999999999767,30.578168494940652,3.351032163829114,1.0,3,1.3,1.1,1.5,0.0,0.0,0.0
63.09999999999855,27.299999999999734,30.599999999999767,30.578168494940652,3.351032163829114,1.0,4,1.7000000000000002,1.5000000000000002,1.9000000000000001,0.0,0.0,0.0
63.09999999999855,27.299999999999734,30.599999999999767,30.578168494940652,3.351032163829114,1.0,5,2.1,1.9000000000000001,2.3000000000000003,0.0,0.0,0.0
63.09999999999855,27.299999999999734,30.599999999999767,30.578168494940652,3.351032163829114,1.0,6,2.5,2.3,2.7,0.0,0.0,0.0
63.09999999999855,27.324999999999733,30.599999999999767,30.578168494940652,3.351032163829114,1.0,1,0.5,0.3,0.7,0.0,0.0,0.0
63.09999999999855,27.324999999999733,30.599999999999767,30.578168494940652,3.351032163829114,1.0,2,0.9,0.7,1.1,0.0,0.0,0.0
63.09999999999855,27.324999999999733,30.599999999999767,30.578168494940652,3.351032163829114,1.0,3,1.3,1.1,1.5,0.0,0.0,0.0
63.09999999999855,27.324999999999733,30.599999999999767,30.578168494940652,3.351032163829114,1.0,4,1.7000000000000002,1.5000000000000002,1.9000000000000001,0.0,0.0,0.0
63.09999999999855,27.324999999999733,30.599999999999767,30.578168494940652,3.351032163829114,1.0,5,2.1,1.9000000000000001,2.3000000000000003,0.0,0.0,0.0
63.09999999999855,27.324999999999733,30.599999999999767,30.578168494940652,3.351032163829114,1.0,6,2.5,2.3,2.7,0.0,0.0,0.0
63.09999999999855,27.34999999999973,30.599999999999767,30.578168494940652,3.351032163829114,1.0,1,0.5,0.3,0.7,0.0,0.0,0.0
63.09999999999855,27.34999999999973,30.599999999999767,30.578168494940652,3.351032163829114,1.0,2,0.9,0.7,1.1,0.0,0.0,0.0
63.09999999999855,27.34999999999973,30.599999999999767,30.578168494940652,3.351032163829114,1.0,3,1.3,1.1,1.5,0.0,0.0,0.0
63.09999999999855,27.34999999999973,30.599999999999767,30.578168494940652,3.351032163829114,1.0,4,1.7000000000000002,1.5000000000000002,1.9000000000000001,0.0,0.0,0.0
63.09999999999855,27.34999999999973,30.599999999999767,30.578168494940652,3.351032163829114,1.0,5,2.1,1.9000000000000001,2.3000000000000003,0.0,0.0,0.0
63.09999999999855,27.34999999999973,30.599999999999767,30.578168494940652,3.351032163829114,1.0,6,2.5,2.3,2.7,0.0,0.0,0.0
63.09999999999855,27.37499999999973,30.599999999999767,30.578168494940652,3.351032163829114,1.0,1,0.5,0.3,0.7,0.0,0.0,0.0
63.09999999999855,27.37499999999973,30.599999999999767,30.578168494940652,3.351032163829114,1.0,2,0.9,0.7,1.1,0.0,0.0,0.0
63.09999999999855,27.37499999999973,30.599999999999767,30.578168494940652,3.351032163829114,1.0,3,1.3,1.1,1.5,0.0,0.0,0.0
63.09999999999855,27.37499999999973,30.599999999999767,30.578168494940652,3.351032163829114,1.0,4,1.7000000000000002,1.5000000000000002,1.9000000000000001,0.0,0.0,0.0
63.09999999999855,27.37499999999973,30.599999999999767,30.578168494940652,3.351032163829114,1.0,5,2.1,1.9000000000000001,2.3000000000000003,0.0,0.0,0.0
63.09999999999855,27.37499999999973,30.599999999999767,30.578168494940652,3.351032163829114,1.0,6,2.5,2.3,2.7,0.0,0.0,0.0
63.09999999999855,27.39999999999973,30.599999999999767,30.578168494940652,3.351032163829114,1.0,1,0.5,0.3,0.7,0.0,0.0,0.0
63.09999999999855,27.39999999999973,30.599999999999767,30.578168494940652,3.351032163829114,1.0,2,0.9,0.7,1.1,0.0,0.0,0.0
63.09999999999855,27.39999999999973,30.599999999999767,30.578168494940652,3.351032163829114,1.0,3,1.3,1.1,1.5,0.0,0.0,0.0
63.09999999999855,27.39999999999973,30.599999999999767,30.578168494940652,3.351032163829114,1.0,4,1.7000000000000002,1.5000000000000002,1.9000000000000001,0.0,0.0,0.0
63.09999999999855,27.39999999999973,30.599999999999767,30.578168494940652,3.351032163829114,1.0,5,2.1,1.9000000000000001,2.3000000000000003,0.0,0.0,0.0
63.09999999999855,27.39999999999973,30.599999999999767,30.578168494940652,3.351032163829114,1.0,6,2.5,2.3,2.7,0.0,0.0,0.0
63.09999999999855,27.424999999999727,30.599999999999767,30.578168494940652,3.351032163829114,1.0,1,0.5,0.3,0.7,0.0,0.0,0.0
63.09999999999855,27.424999999999727,30.599999999999767,30.578168494940652,3.351032163829114,1.0,2,0.9,0.7,1.1,0.0,0.0,0.0
63.09999999999855,27.424999999999727,30.599999999999767,30.578168494940652,3.351032163829114,1.0,3,1.3,1.1,1.5,0.0,0.0,0.0
63.09999999999855,27.424999999999727,30.599999999999767,30.578168494940652,3.351032163829114,1.0,4,1.7000000000000002,1.5000000000000002,1.9000000000000001,0.0,0.0,0.0
63.09999999999855,27.424999999999727,30.599999999999767,30.578168494940652,3.351032163829114,1.0,5,2.1,1.9000000000000001,2.3000000000000003,0.0,0.0,0.0
63.09999999999855,27.424999999999727,30.599999999999767,30.578168494940652,3.351032163829114,1.0,6,2.5,2.3,2.7,0.0,0.0,0.0
63.09999999999855,27.449999999999726,30.599999999999767,30.578168494940652,3.351032163829114,1.0,1,0.5,0.3,0.7,0.0,0.0,0.0
63.09999999999855,27.449999999999726,30.599999999999767,30.578168494940652,3.351032163829114,1.0,2,0.9,0.7,1.1,0.0,0.0,0.0
63.09999999999855,27.449999999999726,30.599999999999767,30.578168494940652,3.351032163829114,1.0,3,1.3,1.1,1.5,0.0,0.0,0.0
63.09999999999855,27.449999999999726,30.599999999999767,30.578168494940652,3.351032163829114,1.0,4,1.7000000000000002,1.5000000000000002,1.9000000000000001,0.0,0.0,0.0
63.09999999999855,27.449999999999726,30.599999999999767,30.578168494940652,3.351032163829114,1.0,5,2.1,1.9000000000000001,2.3000000000000003,0.0,0.0,0.0
63.09999999999855,27.449999999999726,30.599999999999767,30.578168494940652,3.351032163829114,1.0,6,2.5,2.3,2.7,0.0,0.0,0.0
63.09999999999855,27.474999999999724,30.599999999999767,30.578168494940652,3.351032163829114,1.0,1,0.5,0.3,0.7,0.0,0.0,0.0
63.09999999999855,27.474999999999724,30.599999999999767,30.578168494940652,3.351032163829114,1.0,2,0.9,0.7,1.1,0.0,0.0,0.0
63.09999999999855,27.474999999999724,30.599999999999767,30.578168494940652,3.351032163829114,1.0,3,1.3,1.1,1.5,0.0,0.0,0.0
63.09999999999855,27.474999999999724,30.599999999999767,30.578168494940652,3.351032163829114,1.0,4,1.7000000000000002,1.5000000000000002,1.9000000000000001,0.0,0.0,0.0
63.09999999999855,27.474999999999724,30.599999999999767,30.578168494940652,3.351032163829114,1.0,5,2.1,1.9000000000000001,2.3000000000000003,0.0,0.0,0.0
63.09999999999855,27.474999999999724,30.599999999999767,30.578168494940652,3.351032163829114,1.0,6,2.5,2.3,2.7,0.0,0.0,0.0
63.09999999999855,27.499999999999723,30.599999999999767,30.578168494940652,3.351032163829114,1.0,1,0.5,0.3,0.7,0.0,0.0,0.0
63.09999999999855,27.499999999999723,30.599999999999767,30.578168494940652,3.351032163829114,1.0,2,0.9,0.7,1.1,0.0,0.0,0.0
63.09999999999855,27.499999999999723,30.599999999999767,30.578168494940652,3.351032163829114,1.0,3,1.3,1.1,1.5,0.0,0.0,0.0
63.09999999999855,27.499999999999723,30.599999999999767,30.578168494940652,3.351032163829114,1.0,4,1.7000000000000002,1.5000000000000002,1.9000000000000001,0.0,0.0,0.0
63.09999999999855,27.499999999999723,30.599999999999767,30.578168494940652,3.351032163829114,1.0,5,2.1,1.9000000000000001,2.3000000000000003,0.0,0.0,0.0
63.09999999999855,27.499999999999723,30.599999999999767,30.578168494940652,3.351032163829114,1.0,6,2.5,2.3,2.7,0.0,0.0,0.0
63.09999999999855,27.549999999999724,30.599999999999767,30.578168494940652,3.351032163829114,1.0,1,0.5,0.3,0.7,0.0,0.0,0.0
63.09999999999855,27.549999999999724,30.599999999999767,30.578168494940652,3.351032163829114,1.0,2,0.9,0.7,1.1,0.0,0.0,0.0
63.09999999999855,27.549999999999724,30.599999999999767,30.578168494940652,3.351032163829114,1.0,3,1.3,1.1,1.5,0.0,0.0,0.0
63.09999999999855,27.549999999999724,30.599999999999767,30.578168494940652,3.351032163829114,1.0,4,1.7000000000000002,1.5000000000000002,1.9000000000000001,0.0,0.0,0.0
63.09999999999855,27.549999999999724,30.599999999999767,30.578168494940652,3.351032163829114,1.0,5,2.1,1.9000000000000001,2.3000000000000003,0.0,0.0,0.0
63.09999999999855,27.549999999999724,30.599999999999767,30.578168494940652,3.351032163829114,1.0,6,2.5,2.3,2.7,0.0,0.0,0.0
63.09999999999855,27.599999999999724,30.599999999999767,30.578168494940652,3.351032163829114,1.0,1,0.5,0.3,0.7,0.0,0.0,0.0
63.09999999999855,27.599999999999724,30.599999999999767,30.578168494940652,3.351032163829114,1.0,2,0.9,0.7,1.1,0.0,0.0,0.0
63.09999999999855,27.599999999999724,30.599999999999767,30.578168494940652,3.351032163829114,1.0,3,1.3,1.1,1.5,0.0,0.0,0.0
63.09999999999855,27.599999999999724,30.599999999999767,30.578168494940652,3.351032163829114,1.0,4,1.7000000000000002,1.5000000000000002,1.9000000000000001,0.0,0.0,0.0
63.09999999999855,27.599999999999724,30.599999999999767,30.578168494940652,3.351032163829114,1.0,5,2.1,1.9000000000000001,2.3000000000000003,0.0,0.0,0.0
63.09999999999855,27.599999999999724,30.599999999999767,30.578168494940652,3.351032163829114,1.0,6,2.5,2.3,2.7,0.0,0.0,0.0
63.49999999999853,27.649999999999725,30.999999999999773,30.99704751541929,3.3510321638291103,1.0,1,0.5,0.3,0.7,0.0,0.0,0.0
63.49999999999853,27.649999999999725,30.999999999999773,30.99704751541929,3.3510321638291103,1.0,2,0.9,0.7,1.1,0.0,0.0,0.0
63.49999999999853,27.649999999999725,30.999999999999773,30.99704751541929,3.3510321638291103,1.0,3,1.3,1.1,1.5,0.0,0.0,0.0
63.49999999999853,27.649999999999725,30.999999999999773,30.99704751541929,3.3510321638291103,1.0,4,1.7000000000000002,1.5000000000000002,1.9000000000000001,0.0,0.0,0.0
63.49999999999853,27.649999999999725,30.999999999999773,30.99704751541929,3.3510321638291103,1.0,5,2.1,1.9000000000000001,2.3000000000000003,0.0,0.0,0.0
63.49999999999853,27.649999999999725,30.999999999999773,30.99704751541929,3.3510321638291103,1.0,6,2.5,2.3,2.7,0.0,0.0,0.0
63.49999999999853,27.699999999999726,30.999999999999773,30.99704751541929,3.3510321638291103,1.0,1,0.5,0.3,0.7,0.0,0.0,0.0
63.49999999999853,27.699999999999726,30.999999999999773,30.99704751541929,3.3510321638291103,1.0,2,0.9,0.7,1.1,0.0,0.0,0.0
63.49999999999853,27.699999999999726,30.999999999999773,30.99704751541929,3.3510321638291103,1.0,3,1.3,1.1,1.5,0.0,0.0,0.0
63.49999999999853,27.699999999999726,30.999999999999773,30.99704751541929,3.3510321638291103,1.0,4,1.7000000000000002,1.5000000000000002,1.9000000000000001,0.0,0.0,0.0
63.49999999999853,27.699999999999726,30.999999999999773,30.99704751541929,3.3510321638291103,1.0,5,2.1,1.9000000000000001,2.3000000000000003,0.0,0.0,0.0
63.49999999999853,27.699999999999726,30.999999999999773,30.99704751541929,3.3510321638291103,1.0,6,2.5,2.3,2.7,0.0,0.0,0.0
63.49999999999853,27.749999999999726,30.999999999999773,30.99704751541929,3.3510321638291103,1.0,1,0.5,0.3,0.7,0.0,0.0,0.0
63.49999999999853,27.749999999999726,30.999999999999773,30.99704751541929,3.3510321638291103,1.0,2,0.9,0.7,1.1,0.0,0.0,0.0
63.49999999999853,27.749999999999726,30.999999999999773,30.99704751541929,3.3510321638291103,1.0,3,1.3,1.1,1.5,0.0,0.0,0.0
63.49999999999853,27.749999999999726,30.999999999999773,30.99704751541929,3.3510321638291103,1.0,4,1.7000000000000002,1.5000000000000002,1.9000000000000001,0.0,0.0,0.0
63.49999999999853,27.749999999999726,30.999999999999773,30.99704751541929,3.3510321638291103,1.0,5,2.1,1.9000000000000001,2.3000000000000003,0.0,0.0,0.0
63.49999999999853,27.749999999999726,30.999999999999773,30.99704751541929,3.3510321638291103,1.0,6,2.5,2.3,2.7,0.0,0.0,0.0
63.49999999999853,27.799999999999727,30.999999999999773,30.99704751541929,3.3510321638291103,1.0,1,0.5,0.3,0.7,0.0,0.0,0.0
63.49999999999853,27.799999999999727,30.999999999999773,30.99704751541929,3.3510321638291103,1.0,2,0.9,0.7,1.1,0.0,0.0,0.0
63.49999999999853,27.799999999999727,30.999999999999773,30.99704751541929,3.3510321638291103,1.0,3,1.3,1.1,1.5,0.0,0.0,0.0
63.49999999999853,27.799999999999727,30.999999999999773,30.99704751541929,3.3510321638291103,1.0,4,1.7000000000000002,1.5000000000000002,1.9000000000000001,0.0,0.0,0.0
63.49999999999853,27.799999999999727,30.999999999999773,30.99704751541929,3.3510321638291103,1.0,5,2.1,1.9000000000000001,2.3000000000000003,0.0,0.0,0.0
63.49999999999853,27.799999999999727,30.999999999999773,30.99704751541929,3.3510321638291103,1.0,6,2.5,2.3,2.7,0.0,0.0,0.0
63.49999999999853,27.849999999999728,30.999999999999773,30.99704751541929,3.3510321638291103,1.0,1,0.5,0.3,0.7,0.0,0.0,0.0
63.49999999999853,27.849999999999728,30.999999999999773,30.99704751541929,3.3510321638291103,1.0,2,0.9,0.7,1.1,0.0,0.0,0.0
63.49999999999853,27.849999999999728,30.999999999999773,30.99704751541929,3.3510321638291103,1.0,3,1.3,1.1,1.5,0.0,0.0,0.0
63.49999999999853,27.849999999999728,30.999999999999773,30.99704751541929,3.3510321638291103,1.0,4,1.7000000000000002,1.5000000000000002,1.9000000000000001,0.0,0.0,0.0
63.49999999999853,27.849999999999728,30.999999999999773,30.99704751541929,3.3510321638291103,1.0,5,2.1,1.9000000000000001,2.3000000000000003,0.0,0.0,0.0
63.49999999999853,27.849999999999728,30.999999999999773,30.99704751541929,3.3510321638291103,1.0,6,2.5,2.3,2.7,0.0,0.0,0.0
63.49999999999853,27.89999999999973,30.999999999999773,30.99704751541929,3.3510321638291103,1.0,1,0.5,0.3,0.7,0.0,0.0,0.0
63.49999999999853,27.89999999999973,30.999999999999773,30.99704751541929,3.3510321638291103,1.0,2,0.9,0.7,1.1,0.0,0.0,0.0
63.49999999999853,27.89999999999973,30.999999999999773,30.99704751541929,3.3510321638291103,1.0,3,1.3,1.1,1.5,0.0,0.0,0.0
63.49999999999853,27.89999999999973,30.999999999999773,30.99704751541929,3.3510321638291103,1.0,4,1.7000000000000002,1.5000000000000002,1.9000000000000001,0.0,0.0,0.0
63.49999999999853,27.89999999999973,30.999999999999773,30.99704751541929,3.3510321638291103,1.0,5,2.1,1.9000000000000001,2.3000000000000003,0.0,0.0,0.0
63.49999999999853,27.89999999999973,30.999999999999773,30.99704751541929,3.3510321638291103,1.0,6,2.5,2.3,2.7,0.0,0.0,0.0
63.49999999999853,27.94999999999973,30.999999999999773,30.99704751541929,3.3510321638291103,1.0,1,0.5,0.3,0.7,0.0,0.0,0.0
63.49999999999853,27.94999999999973,30.999999999999773,30.99704751541929,3.3510321638291103,1.0,2,0.9,0.7,1.1,0.0,0.0,0.0
63.49999999999853,27.94999999999973,30.999999999999773,30.99704751541929,3.3510321638291103,1.0,3,1.3,1.1,1.5,0.0,0.0,0.0
63.49999999999853,27.94999999999973,30.999999999999773,30.99704751541929,3.3510321638291103,1.0,4,1.7000000000000002,1.5000000000000002,1.9000000000000001,0.0,0.0,0.0
63.49999999999853,27.94999999999973,30.999999999999773,30.99704751541929,3.3510321638291103,1.0,5,2.1,1.9000000000000001,2.3000000000000003,0.0,0.0,0.0
63.49999999999853,27.94999999999973,30.999999999999773,30.99704751541929,3.3510321638291103,1.0,6,2.5,2.3,2.7,0.0,0.0,0.0
63.49999999999853,27.99999999999973,30.999999999999773,30.99704751541929,3.3510321638291103,1.0,1,0.5,0.3,0.7,0.0,0.0,0.0
63.49999999999853,27.99999999999973,30.999999999999773,30.99704751541929,3.3510321638291103,1.0,2,0.9,0.7,1.1,0.0,0.0,0.0
63.49999999999853,27.99999999999973,30.999999999999773,30.99704751541929,3.3510321638291103,1.0,3,1.3,1.1,1.5,0.0,0.0,0.0
63.49999999999853,27.99999999999973,30.999999999999773,30.99704751541929,3.3510321638291103,1.0,4,1.7000000000000002,1.5000000000000002,1.9000000000000001,0.0,0.0,0.0
63.49999999999853,27.99999999999973,30.999999999999773,30.99704751541929,3.3510321638291103,1.0,5,2.1,1.9000000000000001,2.3000000000000003,0.0,0.0,0.0
63.49999999999853,27.99999999999973,30.999999999999773,30.99704751541929,3.3510321638291103,1.0,6,2.5,2.3,2.7,0.0,0.0,0.0
63.49999999999853,28.04999999999973,30.999999999999773,30.99704751541929,3.3510321638291103,1.0,1,0.5,0.3,0.7,0.0,0.0,0.0
63.49999999999853,28.04999999999973,30.999999999999773,30.99704751541929,3.3510321638291103,1.0,2,0.9,0.7,1.1,0.0,0.0,0.0
63.49999999999853,28.04999999999973,30.999999999999773,30.99704751541929,3.3510321638291103,1.0,3,1.3,1.1,1.5,0.0,0.0,0.0
63.49999999999853,28.04999999999973,30.999999999999773,30.99704751541929,3.3510321638291103,1.0,4,1.7000000000000002,1.5000000000000002,1.9000000000000001,0.0,0.0,0.0
63.49999999999853,28.04999999999973,30.999999999999773,30.99704751541929,3.3510321638291103,1.0,5,2.1,1.9000000000000001,2.3000000000000003,0.0,0.0,0.0
63.49999999999853,28.04999999999973,30.999999999999773,30.99704751541929,3.3510321638291103,1.0,6,2.5,2.3,2.7,0.0,0.0,0.0
63.949999999998504,28.09999999999973,31.44999999999978,31.41592653589793,3.351032163829114,1.0,1,0.5,0.3,0.7,0.0,0.0,0.0
63.949999999998504,28.09999999999973,31.44999999999978,31.41592653589793,3.351032163829114,1.0,2,0.9,0.7,1.1,0.0,0.0,0.0
63.949999999998504,28.09999999999973,31.44999999999978,31.41592653589793,3.351032163829114,1.0,3,1.3,1.1,1.5,0.0,0.0,0.0
63.949999999998504,28.09999999999973,31.44999999999978,31.41592653589793,3.351032163829114,1.0,4,1.7000000000000002,1.5000000000000002,1.9000000000000001,0.0,0.0,0.0
63.949999999998504,28.09999999999973,31.44999999999978,31.41592653589793,3.351032163829114,1.0,5,2.1,1.9000000000000001,2.3000000000000003,0.0,0.0,0.0
63.949999999998504,28.09999999999973,31.44999999999978,31.41592653589793,3.351032163829114,1.0,6,2.5,2.3,2.7,0.0,0.0,0.0
63.949999999998504,28.149999999999732,31.44999999999978,31.41592653589793,3.351032163829114,1.0,1,0.5,0.3,0.7,0.0,0.0,0.0
63.949999999998504,28.149999999999732,31.44999999999978,31.41592653589793,3.351032163829114,1.0,2,0.9,0.7,1.1,0.0,0.0,0.0
63.949999999998504,28.149999999999732,31.44999999999978,31.41592653589793,3.351032163829114,1.0,3,1.3,1.1,1.5,0.0,0.0,0.0
63.949999999998504,28.149999999999732,31.44999999999978,31.41592653589793,3.351032163829114,1.0,4,1.7000000000000002,1.5000000000000002,1.9000000000000001,0.0,0.0,0.0
63.949999999998504,28.149999999999732,31.44999999999978,31.41592653589793,3.351032163829114,1.0,5,2.1,1.9000000000000001,2.3000000000000003,0.0,0.0,0.0
63.949999999998504,28.149999999999732,31.44999999999978,31.41592653589793,3.351032163829114,1.0,6,2.5,2.3,2.7,0.0,0.0,0.0
63.949999999998504,28.199999999999733,31.44999999999978,31.41592653589793,3.351032163829114,1.0,1,0.5,0.3,0.7,0.0,0.0,0.0
63.949999999998504,28.199999999999733,31.44999999999978,31.41592653589793,3.351032163829114,1.0,2,0.9,0.7,1.1,0.0,0.0,0.0
63.949999999998504,28.199999999999733,31.44999999999978,31.41592653589793,3.351032163829114,1.0,3,1.3,1.1,1.5,0.0,0.0,0.0
63.949999999998504,28.199999999999733,31.44999999999978,31.41592653589793,3.351032163829114,1.0,4,1.7000000000000002,1.5000000000000002,1.9000000000000001,0.0,0.0,0.0
63.949999999998504,28.199999999999733,31.44999999999978,31.41592653589793,3.351032163829114,1.0,5,2.1,1.9000000000000001,2.3000000000000003,0.0,0.0,0.0
63.949999999998504,28.199999999999733,31.44999999999978,31.41592653589793,3.351032163829114,1.0,6,2.5,2.3,2.7,0.0,0.0,0.0
63.949999999998504,28.249999999999734,31.44999999999978,31.41592653589793,3.351032163829114,1.0,1,0.5,0.3,0.7,0.0,0.0,0.0
63.949999999998504,28.249999999999734,31.44999999999978,31.41592653589793,3.351032163829114,1.0,2,0.9,0.7,1.1,0.0,0.0,0.0
63.949999999998504,28.249999999999734,31.44999999999978,31.41592653589793,3.351032163829114,1.0,3,1.3,1.1,1.5,0.0,0.0,0.0
63.949999999998504,28.249999999999734,31.44999999999978,31.41592653589793,3.351032163829114,1.0,4,1.7000000000000002,1.5000000000000002,1.9000000000000001,0.0,0.0,0.0
63.949999999998504,28.249999999999734,31.44999999999978,31.41592653589793,3.351032163829114,1.0,5,2.1,1.9000000000000001,2.3000000000000003,0.0,0.0,0.0
63.949999999998504,28.249999999999734,31.44999999999978,31.41592653589793,3.351032163829114,1.0,6,2.5,2.3,2.7,0.0,0.0,0.0
63.949999999998504,28.299999999999734,31.44999999999978,31.41592653589793,3.351032163829114,1.0,1,0.5,0.3,0.7,0.0,0.0,0.0
63.949999999998504,28.299999999999734,31.44999999999978,31.41592653589793,3.351032163829114,1.0,2,0.9,0.7,1.1,0.0,0.0,0.0
63.949999999998504,28.299999999999734,31.44999999999978,31.41592653589793,3.351032163829114,1.0,3,1.3,1.1,1.5,0.0,0.0,0.0
63.949999999998504,28.299999999999734,31.44999999999978,31.41592653589793,3.351032163829114,1.0,4,1.7000000000000002,1.5000000000000002,1.9000000000000001,0.0,0.0,0.0
63.949999999998504,28.299999999999734,31.44999999999978,31.41592653589793,3.351032163829114,1.0,5,2.1,1.9000000000000001,2.3000000000000003,0.0,0.0,0.0
63.949999999998504,28.299999999999734,31.44999999999978,31.41592653589793,3.351032163829114,1.0,6,2.5,2.3,2.7,0.0,0.0,0.0
63.949999999998504,28.349999999999735,31.44999999999978,31.41592653589793,3.351032163829114,1.0,1,0.5,0.3,0.7,0.0,0.0,0.0
63.949999999998504,28.349999999999735,31.44999999999978,31.41592653589793,3.351032163829114,1.0,2,0.9,0.7,1.1,0.0,0.0,0.0
63.949999999998504,28.349999999999735,31.44999999999978,31.41592653589793,3.351032163829114,1.0,3,1.3,1.1,1.5,0.0,0.0,0.0
63.949999999998504,28.349999999999735,31.44999999999978,31.41592653589793,3.351032163829114,1.0,4,1.7000000000000002,1.5000000000000002,1.9000000000000001,0.0,0.0,0.0
63.949999999998504,28.349999999999735,31.44999999999978,31.41592653589793,3.351032163829114,1.0,5,2.1,1.9000000000000001,2.3000000000000003,0.0,0.0,0.0
63.949999999998504,28.349999999999735,31.44999999999978,31.41592653589793,3.351032163829114,1.0,6,2.5,2.3,2.7,0.0,0.0,0.0
63.949999999998504,28.399999999999736,31.44999999999978,31.41592653589793,3.351032163829114,1.0,1,0.5,0.3,0.7,0.0,0.0,0.0
63.949999999998504,28.399999999999736,31.44999999999978,31.41592653589793,3.351032163829114,1.0,2,0.9,0.7,1.1,0.0,0.0,0.0
63.949999999998504,28.399999999999736,31.44999999999978,31.41592653589793,3.351032163829114,1.0,3,1.3,1.1,1.5,0.0,0.0,0.0
63.949999999998504,28.399999999999736,31.44999999999978,31.41592653589793,3.351032163829114,1.0,4,1.7000000000000002,1.5000000000000002,1.9000000000000001,0.0,0.0,0.0
63.949999999998504,28.399999999999736,31.44999999999978,31.41592653589793,3.351032163829114,1.0,5,2.1,1.9000000000000001,2.3000000000000003,0.0,0.0,0.0
63.949999999998504,28.399999999999736,31.44999999999978,31.41592653589793,3.351032163829114,1.0,6,2.5,2.3,2.7,0.0,0.0,0.0
63.949999999998504,28.449999999999736,31.44999999999978,31.41592653589793,3.351032163829114,1.0,1,0.5,0.3,0.7,0.0,0.0,0.0
63.949999999998504,28.449999999999736,31.44999999999978,31.41592653589793,3.351032163829114,1.0,2,0.9,0.7,1.1,0.0,0.0,0.0
63.949999999998504,28.449999999999736,31.44999999999978,31.41592653589793,3.351032163829114,1.0,3,1.3,1.1,1.5,0.0,0.0,0.0
63.949999999998504,28.449999999999736,31.44999999999978,31.41592653589793,3.351032163829114,1.0,4,1.7000000000000002,1.5000000000000002,1.9000000000000001,0.0,0.0,0.0
63.949999999998504,28.449999999999736,31.44999999999978,31.41592653589793,3.351032163829114,1.0,5,2.1,1.9000000000000001,2.3000000000000003,0.0,0.0,0.0
63.949999999998504,28.449999999999736,31.44999999999978,31.41592653589793,3.351032163829114,1.0,6,2.5,2.3,2.7,0.0,0.0,0.0
64.34999999999849,28.499999999999737,31.849999999999785,31.83480555637657,3.351032163829114,1.0,1,0.5,0.3,0.7,0.0,0.0,0.0
64.34999999999849,28.499999999999737,31.849999999999785,31.83480555637657,3.351032163829114,1.0,2,0.9,0.7,1.1,0.0,0.0,0.0
64.34999999999849,28.499999999999737,31.849999999999785,31.83480555637657,3.351032163829114,1.0,3,1.3,1.1,1.5,0.0,0.0,0.0
64.34999999999849,28.499999999999737,31.849999999999785,31.83480555637657,3.351032163829114,1.0,4,1.7000000000000002,1.5000000000000002,1.9000000000000001,0.0,0.0,0.0
64.34999999999849,28.499999999999737,31.849999999999785,31.83480555637657,3.351032163829114,1.0,5,2.1,1.9000000000000001,2.3000000000000003,0.0,0.0,0.0
64.34999999999849,28.499999999999737,31.849999999999785,31.83480555637657,3.351032163829114,1.0,6,2.5,2.3,2.7,0.0,0.0,0.0
64.34999999999849,28.549999999999738,31.849999999999785,31.83480555637657,3.351032163829114,1.0,1,0.5,0.3,0.7,0.0,0.0,0.0
64.34999999999849,28.549999999999738,31.849999999999785,31.83480555637657,3.351032163829114,1.0,2,0.9,0.7,1.1,0.0,0.0,0.0
64.34999999999849,28.549999999999738,31.849999999999785,31.83480555637657,3.351032163829114,1.0,3,1.3,1.1,1.5,0.0,0.0,0.0
64.34999999999849,28.549999999999738,31.849999999999785,31.83480555637657,3.351032163829114,1.0,4,1.7000000000000002,1.5000000000000002,1.9000000000000001,0.0,0.0,0.0
64.34999999999849,28.549999999999738,31.849999999999785,31.83480555637657,3.351032163829114,1.0,5,2.1,1.9000000000000001,2.3000000000000003,0.0,0.0,0.0
64.34999999999849,28.549999999999738,31.849999999999785,31.83480555637657,3.351032163829114,1.0,6,2.5,2.3,2.7,0.0,0.0,0.0
64.34999999999849,28.59999999999974,31.849999999999785,31.83480555637657,3.351032163829114,1.0,1,0.5,0.3,0.7,0.0,0.0,0.0
64.34999999999849,28.59999999999974,31.849999999999785,31.83480555637657,3.351032163829114,1.0,2,0.9,0.7,1.1,0.0,0.0,0.0
64.34999999999849,28.59999999999974,31.849999999999785,31.83480555637657,3.351032163829114,1.0,3,1.3,1.1,1.5,0.0,0.0,0.0
64.34999999999849,28.59999999999974,31.849999999999785,31.83480555637657,3.351032163829114,1.0,4,1.7000000000000002,1.5000000000000002,1.9000000000000001,0.0,0.0,0.0
64.34999999999849,28.59999999999974,31.849999999999785,31.83480555637657,3.351032163829114,1.0,5,2.1,1.9000000000000001,2.3000000000000003,0.0,0.0,0.0
64.34999999999849,28.59999999999974,31.849999999999785,31.83480555637657,3.351032163829114,1.0,6,2.5,2.3,2.7,0.0,0.0,0.0
64.34999999999849,28.64999999999974,31.849999999999785,31.83480555637657,3.351032163829114,1.0,1,0.5,0.3,0.7,0.0,0.0,0.0
64.34999999999849,28.64999999999974,31.849999999999785,31.83480555637657,3.351032163829114,1.0,2,0.9,0.7,1.1,0.0,0.0,0.0
64.34999999999849,28.64999999999974,31.849999999999785,31.83480555637657,3.351032163829114,1.0,3,1.3,1.1,1.5,0.0,0.0,0.0
64.34999999999849,28.64999999999974,31.849999999999785,31.83480555637657,3.351032163829114,1.0,4,1.7000000000000002,1.5000000000000002,1.9000000000000001,0.0,0.0,0.0
64.34999999999849,28.64999999999974,31.849999999999785,31.83480555637657,3.351032163829114,1.0,5,2.1,1.9000000000000001,2.3000000000000003,0.0,0.0,0.0
64.34999999999849,28.64999999999974,31.849999999999785,31.83480555637657,3.351032163829114,1.0,6,2.5,2.3,2.7,0.0,0.0,0.0
64.34999999999849,28.69999999999974,31.849999999999785,31.83480555637657,3.351032163829114,1.0,1,0.5,0.3,0.7,0.0,0.0,0.0
64.34999999999849,28.69999999999974,31.849999999999785,31.83480555637657,3.351032163829114,1.0,2,0.9,0.7,1.1,0.0,0.0,0.0
64.34999999999849,28.69999999999974,31.849999999999785,31.83480555637657,3.351032163829114,1.0,3,1.3,1.1,1.5,0.0,0.0,0.0
64.34999999999849,28.69999999999974,31.849999999999785,31.83480555637657,3.351032163829114,1.0,4,1.7000000000000002,1.5000000000000002,1.9000000000000001,0.0,0.0,0.0
64.34999999999849,28.69999999999974,31.849999999999785,31.83480555637657,3.351032163829114,1.0,5,2.1,1.9000000000000001,2.3000000000000003,0.0,0.0,0.0
64.34999999999849,28.69999999999974,31.849999999999785,31.83480555637657,3.351032163829114,1.0,6,2.5,2.3,2.7,0.0,0.0,0.0
64.34999999999849,28.74999999999974,31.849999999999785,31.83480555637657,3.351032163829114,1.0,1,0.5,0.3,0.7,0.0,0.0,0.0
64.34999999999849,28.74999999999974,31.849999999999785,31.83480555637657,3.351032163829114,1.0,2,0.9,0.7,1.1,0.0,0.0,0.0
64.34999999999849,28.74999999999974,31.849999999999785,31.83480555637657,3.351032163829114,1.0,3,1.3,1.1,1.5,0.0,0.0,0.0
64.34999999999849,28.74999999999974,31.849999999999785,31.83480555637657,3.351032163829114,1.0,4,1.7000000000000002,1.5000000000000002,1.9000000000000001,0.0,0.0,0.0
64.34999999999849,28.74999999999974,31.849999999999785,31.83480555637657,3.351032163829114,1.0,5,2.1,1.9000000000000001,2.3000000000000003,0.0,0.0,0.0
64.34999999999849,28.74999999999974,31.849999999999785,31.83480555637657,3.351032163829114,1.0,6,2.5,2.3,2.7,0.0,0.0,0.0
64.34999999999849,28.79999999999974,31.849999999999785,31.83480555637657,3.351032163829114,1.0,1,0.5,0.3,0.7,0.0,0.0,0.0
64.34999999999849,28.79999999999974,31.849999999999785,31.83480555637657,3.351032163829114,1.0,2,0.9,0.7,1.1,0.0,0.0,0.0
64.34999999999849,28.79999999999974,31.849999999999785,31.83480555637657,3.351032163829114,1.0,3,1.3,1.1,1.5,0.0,0.0,0.0
64.34999999999849,28.79999999999974,31.849999999999785,31.83480555637657,3.351032163829114,1.0,4,1.7000000000000002,1.5000000000000002,1.9000000000000001,0.0,0.0,0.0
64.34999999999849,28.79999999999974,31.849999999999785,31.83480555637657,3.351032163829114,1.0,5,2.1,1.9000000000000001,2.3000000000000003,0.0,0.0,0.0
64.34999999999849,28.79999999999974,31.849999999999785,31.83480555637657,3.351032163829114,1.0,6,2.5,2.3,2.7,0.0,0.0,0.0
64.34999999999849,28.849999999999742,31.849999999999785,31.83480555637657,3.351032163829114,1.0,1,0.5,0.3,0.7,0.0,0.0,0.0
64.34999999999849,28.849999999999742,31.849999999999785,31.83480555637657,3.351032163829114,1.0,2,0.9,0.7,1.1,0.1111111111111111,0.056666666666666664,15.0
64.34999999999849,28.849999999999742,31.849999999999785,31.83480555637657,3.351032163829114,1.0,3,1.3,1.1,1.5,0.2,0.10200000000000001,15.0
64.34999999999849,28.849999999999742,31.849999999999785,31.83480555637657,3.351032163829114,1.0,4,1.7000000000000002,1.5000000000000002,1.9000000000000001,0.044444444444444446,0.02266666666666667,15.0
64.34999999999849,28.849999999999742,31.849999999999785,31.83480555637657,3.351032163829114,1.0,5,2.1,1.9000000000000001,2.3000000000000003,0.10869565217391304,0.05543478260869565,15.0
64.34999999999849,28.849999999999742,31.849999999999785,31.83480555637657,3.351032163829114,1.0,6,2.5,2.3,2.7,0.0,0.0,0.0
64.34999999999849,28.899999999999743,31.849999999999785,31.83480555637657,3.351032163829114,1.0,1,0.5,0.3,0.7,0.0,0.0,0.0
64.34999999999849,28.899999999999743,31.849999999999785,31.83480555637657,3.351032163829114,1.0,2,0.9,0.7,1.1,0.08333333333333333,0.042499999999999996,15.0
64.34999999999849,28.899999999999743,31.849999999999785,31.83480555637657,3.351032163829114,1.0,3,1.3,1.1,1.5,0.3,0.153,19.124999999999996
64.34999999999849,28.899999999999743,31.849999999999785,31.83480555637657,3.351032163829114,1.0,4,1.7000000000000002,1.5000000000000002,1.9000000000000001,0.17777777777777778,0.09066666666666667,15.0
64.34999999999849,28.899999999999743,31.849999999999785,31.83480555637657,3.351032163829114,1.0,5,2.1,1.9000000000000001,2.3000000000000003,0.1956521739130435,0.09978260869565218,15.0
64.34999999999849,28.899999999999743,31.849999999999785,31.83480555637657,3.351032163829114,1.0,6,2.5,2.3,2.7,0.0,0.0,0.0
64.79999999999846,28.949999999999743,32.29999999999977,32.25368457685521,3.3510321638291103,1.0,1,0.5,0.3,0.7,0.0,0.0,0.0
64.79999999999846,28.949999999999743,32.29999999999977,32.25368457685521,3.3510321638291103,1.0,2,0.9,0.7,1.1,0.1388888888888889,0.07083333333333333,15.0
64.79999999999846,28.949999999999743,32.29999999999977,32.25368457685521,3.3510321638291103,1.0,3,1.3,1.1,1.5,0.4,0.20400000000000001,25.5
64.79999999999846,28.949999999999743,32.29999999999977,32.25368457685521,3.3510321638291103,1.0,4,1.7000000000000002,1.5000000000000002,1.9000000000000001,0.37777777777777777,0.19266666666666665,24.083333333333332
64.79999999999846,28.949999999999743,32.29999999999977,32.25368457685521,3.3510321638291103,1.0,5,2.1,1.9000000000000001,2.3000000000000003,0.30434782608695654,0.15521739130434783,19.402173913043477
64.79999999999846,28.949999999999743,32.29999999999977,32.25368457685521,3.3510321638291103,1.0,6,2.5,2.3,2.7,0.0,0.0,0.0
64.79999999999846,28.999999999999744,32.29999999999977,32.25368457685521,3.3510321638291103,1.0,1,0.5,0.3,0.7,0.0,0.0,0.0
64.79999999999846,28.999999999999744,32.29999999999977,32.25368457685521,3.3510321638291103,1.0,2,0.9,0.7,1.1,0.16666666666666666,0.08499999999999999,15.0
64.79999999999846,28.999999999999744,32.29999999999977,32.25368457685521,3.3510321638291103,1.0,3,1.3,1.1,1.5,0.35,0.1785,22.312499999999996
64.79999999999846,28.999999999999744,32.29999999999977,32.25368457685521,3.3510321638291103,1.0,4,1.7000000000000002,1.5000000000000002,1.9000000000000001,0.37777777777777777,0.19266666666666665,24.083333333333332
64.79999999999846,28.999999999999744,32.29999999999977,32.25368457685521,3.3510321638291103,1.0,5,2.1,1.9000000000000001,2.3000000000000003,0.30434782608695654,0.15521739130434783,19.402173913043477
64.79999999999846,28.999999999999744,32.29999999999977,32.25368457685521,3.3510321638291103,1.0,6,2.5,2.3,2.7,0.0,0.0,0.0
64.79999999999846,29.049999999999745,32.29999999999977,32.25368457685521,3.3510321638291103,1.0,1,0.5,0.3,0.7,0.0,0.0,0.0
64.79999999999846,29.049999999999745,32.29999999999977,32.25368457685521,3.3510321638291103,1.0,2,0.9,0.7,1.1,0.16666666666666666,0.08499999999999999,15.0
64.79999999999846,29.049999999999745,32.29999999999977,32.25368457685521,3.3510321638291103,1.0,3,1.3,1.1,1.5,0.35,0.1785,22.312499999999996
64.79999999999846,29.049999999999745,32.29999999999977,32.25368457685521,3.3510321638291103,1.0,4,1.7000000000000002,1.5000000000000002,1.9000000000000001,0.28888888888888886,0.14733333333333332,18.41666666666666
64.79999999999846,29.049999999999745,32.29999999999977,32.25368457685521,3.3510321638291103,1.0,5,2.1,1.9000000000000001,2.3000000000000003,0.2391304347826087,0.12195652173913044,15.244565217391303
64.79999999999846,29.049999999999745,32.29999999999977,32.25368457685521,3.3510321638291103,1.0,6,2.5,2.3,2.7,0.0,0.0,0.0
64.79999999999846,29.099999999999746,32.29999999999977,32.25368457685521,3.3510321638291103,1.0,1,0.5,0.3,0.7,0.0,0.0,0.0
64.79999999999846,29.099999999999746,32.29999999999977,32.25368457685521,3.3510321638291103,1.0,2,0.9,0.7,1.1,0.1111111111111111,0.056666666666666664,15.0
64.79999999999846,29.099999999999746,32.29999999999977,32.25368457685521,3.3510321638291103,1.0,3,1.3,1.1,1.5,0.225,0.11475,15.0
64.79999999999846,29.099999999999746,32.29999999999977,32.25368457685521,3.3510321638291103,1.0,4,1.7000000000000002,1.5000000000000002,1.9000000000000001,0.2222222222222222,0.11333333333333333,15.0
64.79999999999846,29.099999999999746,32.29999999999977,32.25368457685521,3.3510321638291103,1.0,5,2.1,1.9000000000000001,2.3000000000000003,0.1956521739130435,0.09978260869565218,15.0
64.79999999999846,29.099999999999746,32.29999999999977,32.25368457685521,3.3510321638291103,1.0,6,2.5,2.3,2.7,0.0,0.0,0.0
64.79999999999846,29.149999999999746,32.29999999999977,32.25368457685521,3.3510321638291103,1.0,1,0.5,0.3,0.7,0.0,0.0,0.0
64.79999999999846,29.149999999999746,32.29999999999977,32.25368457685521,3.3510321638291103,1.0,2,0.9,0.7,1.1,0.027777777777777776,0.014166666666666666,15.0
64.79999999999846,29.149999999999746,32.29999999999977,32.25368457685521,3.3510321638291103,1.0,3,1.3,1.1,1.5,0.15,0.0765,15.0
64.79999999999846,29.149999999999746,32.29999999999977,32.25368457685521,3.3510321638291103,1.0,4,1.7000000000000002,1.5000000000000002,1.9000000000000001,0.1111111111111111,0.056666666666666664,15.0
64.79999999999846,29.149999999999746,32.29999999999977,32.25368457685521,3.3510321638291103,1.0,5,2.1,1.9000000000000001,2.3000000000000003,0.06521739130434782,0.03326086956521739,15.0
64.79999999999846,29.149999999999746,32.29999999999977,32.25368457685521,3.3510321638291103,1.0,6,2.5,2.3,2.7,0.0,0.0,0.0
64.79999999999846,29.199999999999747,32.29999999999977,32.25368457685521,3.3510321638291103,1.0,1,0.5,0.3,0.7,0.0,0.0,0.0
64.79999999999846,29.199999999999747,32.29999999999977,32.25368457685521,3.3510321638291103,1.0,2,0.9,0.7,1.1,0.0,0.0,0.0
64.79999999999846,29.199999999999747,32.29999999999977,32.25368457685521,3.3510321638291103,1.0,3,1.3,1.1,1.5,0.0,0.0,0.0
64.79999999999846,29.199999999999747,32.29999999999977,32.25368457685521,3.3510321638291103,1.0,4,1.7000000000000002,1.5000000000000002,1.9000000000000001,0.0,0.0,0.0
64.79999999999846,29.199999999999747,32.29999999999977,32.25368457685521,3.3510321638291103,1.0,5,2.1,1.9000000000000001,2.3000000000000003,0.0,0.0,0.0
64.79999999999846,29.199999999999747,32.29999999999977,32.25368457685521,3.3510321638291103,1.0,6,2.5,2.3,2.7,0.0,0.0,0.0
64.79999999999846,29.249999999999748,32.29999999999977,32.25368457685521,3.3510321638291103,1.0,1,0.5,0.3,0.7,0.0,0.0,0.0
64.79999999999846,29.249999999999748,32.29999999999977,32.25368457685521,3.3510321638291103,1.0,2,0.9,0.7,1.1,0.0,0.0,0.0
64.79999999999846,29.249999999999748,32.29999999999977,32.25368457685521,3.3510321638291103,1.0,3,1.3,1.1,1.5,0.0,0.0,0.0
64.79999999999846,29.249999999999748,32.29999999999977,32.25368457685521,3.3510321638291103,1.0,4,1.7000000000000002,1.5000000000000002,1.9000000000000001,0.0,0.0,0.0
64.79999999999846,29.249999999999748,32.29999999999977,32.25368457685521,3.3510321638291103,1.0,5,2.1,1.9000000000000001,2.3000000000000003,0.0,0.0,0.0
64.79999999999846,29.249999999999748,32.29999999999977,32.25368457685521,3.3510321638291103,1.0,6,2.5,2.3,2.7,0.0,0.0,0.0
64.79999999999846,29.29999999999975,32.29999999999977,32.25368457685521,3.3510321638291103,1.0,1,0.5,0.3,0.7,0.0,0.0,0.0
64.79999999999846,29.29999999999975,32.29999999999977,32.25368457685521,3.3510321638291103,1.0,2,0.9,0.7,1.1,0.0,0.0,0.0
64.79999999999846,29.29999999999975,32.29999999999977,32.25368457685521,3.3510321638291103,1.0,3,1.3,1.1,1.5,0.0,0.0,0.0
64.79999999999846,29.29999999999975,32.29999999999977,32.25368457685521,3.3510321638291103,1.0,4,1.7000000000000002,1.5000000000000002,1.9000000000000001,0.0,0.0,0.0
64.79999999999846,29.29999999999975,32.29999999999977,32.25368457685521,3.3510321638291103,1.0,5,2.1,1.9000000000000001,2.3000000000000003,0.0,0.0,0.0
64.79999999999846,29.29999999999975,32.29999999999977,32.25368457685521,3.3510321638291103,1.0,6,2.5,2.3,2.7,0.0,0.0,0.0
65.19999999999844,29.34999999999975,32.69999999999975,32.67256359733385,3.351032163829114,1.0,1,0.5,0.3,0.7,0.0,0.0,0.0
65.19999999999844,29.34999999999975,32.69999999999975,32.67256359733385,3.351032163829114,1.0,2,0.9,0.7,1.1,0.0,0.0,0.0
65.19999999999844,29.34999999999975,32.69999999999975,32.67256359733385,3.351032163829114,1.0,3,1.3,1.1,1.5,0.0,0.0,0.0
65.19999999999844,29.34999999999975,32.69999999999975,32.67256359733385,3.351032163829114,1.0,4,1.7000000000000002,1.5000000000000002,1.9000000000000001,0.0,0.0,0.0
65.19999999999844,29.34999999999975,32.69999999999975,32.67256359733385,3.351032163829114,1.0,5,2.1,1.9000000000000001,2.3000000000000003,0.0,0.0,0.0
65.19999999999844,29.34999999999975,32.69999999999975,32.67256359733385,3.351032163829114,1.0,6,2.5,2.3,2.7,0.0,0.0,0.0
65.19999999999844,29.39999999999975,32.69999999999975,32.67256359733385,3.351032163829114,1.0,1,0.5,0.3,0.7,0.0,0.0,0.0
65.19999999999844,29.39999999999975,32.69999999999975,32.67256359733385,3.351032163829114,1.0,2,0.9,0.7,1.1,0.0,0.0,0.0
65.19999999999844,29.39999999999975,32.69999999999975,32.67256359733385,3.351032163829114,1.0,3,1.3,1.1,1.5,0.0,0.0,0.0
65.19999999999844,29.39999999999975,32.69999999999975,32.67256359733385,3.351032163829114,1.0,4,1.7000000000000002,1.5000000000000002,1.9000000000000001,0.0,0.0,0.0
65.19999999999844,29.39999999999975,32.69999999999975,32.67256359733385,3.351032163829114,1.0,5,2.1,1.9000000000000001,2.3000000000000003,0.0,0.0,0.0
65.19999999999844,29.39999999999975,32.69999999999975,32.67256359733385,3.351032163829114,1.0,6,2.5,2.3,2.7,0.0,0.0,0.0
65.19999999999844,29.44999999999975,32.69999999999975,32.67256359733385,3.351032163829114,1.0,1,0.5,0.3,0.7,0.0,0.0,0.0
65.19999999999844,29.44999999999975,32.69999999999975,32.67256359733385,3.351032163829114,1.0,2,0.9,0.7,1.1,0.0,0.0,0.0
65.19999999999844,29.44999999999975,32.69999999999975,32.67256359733385,3.351032163829114,1.0,3,1.3,1.1,1.5,0.0,0.0,0.0
65.19999999999844,29.44999999999975,32.69999999999975,32.67256359733385,3.351032163829114,1.0,4,1.7000000000000002,1.5000000000000002,1.9000000000000001,0.0,0.0,0.0
65.19999999999844,29.44999999999975,32.69999999999975,32.67256359733385,3.351032163829114,1.0,5,2.1,1.9000000000000001,2.3000000000000003,0.0,0.0,0.0
65.19999999999844,29.44999999999975,32.69999999999975,32.67256359733385,3.351032163829114,1.0,6,2.5,2.3,2.7,0.0,0.0,0.0
65.19999999999844,29.49999999999975,32.69999999999975,32.67256359733385,3.351032163829114,1.0,1,0.5,0.3,0.7,0.0,0.0,0.0
65.19999999999844,29.49999999999975,32.69999999999975,32.67256359733385,3.351032163829114,1.0,2,0.9,0.7,1.1,0.0,0.0,0.0
65.19999999999844,29.49999999999975,32.69999999999975,32.67256359733385,3.351032163829114,1.0,3,1.3,1.1,1.5,0.0,0.0,0.0
65.19999999999844,29.49999999999975,32.69999999999975,32.67256359733385,3.351032163829114,1.0,4,1.7000000000000002,1.5000000000000002,1.9000000000000001,0.0,0.0,0.0
65.19999999999844,29.49999999999975,32.69999999999975,32.67256359733385,3.351032163829114,1.0,5,2.1,1.9000000000000001,2.3000000000000003,0.0,0.0,0.0
65.19999999999844,29.49999999999975,32.69999999999975,32.67256359733385,3.351032163829114,1.0,6,2.5,2.3,2.7,0.0,0.0,0.0
65.19999999999844,29.549999999999752,32.69999999999975,32.67256359733385,3.351032163829114,1.0,1,0.5,0.3,0.7,0.0,0.0,0.0
65.19999999999844,29.549999999999752,32.69999999999975,32.67256359733385,3.351032163829114,1.0,2,0.9,0.7,1.1,0.0,0.0,0.0
65.19999999999844,29.549999999999752,32.69999999999975,32.67256359733385,3.351032163829114,1.0,3,1.3,1.1,1.5,0.0,0.0,0.0
65.19999999999844,29.549999999999752,32.69999999999975,32.67256359733385,3.351032163829114,1.0,4,1.7000000000000002,1.5000000000000002,1.9000000000000001,0.0,0.0,0.0
65.19999999999844,29.549999999999752,32.69999999999975,32.67256359733385,3.351032163829114,1.0,5,2.1,1.9000000000000001,2.3000000000000003,0.0,0.0,0.0
65.19999999999844,29.549999999999752,32.69999999999975,32.67256359733385,3.351032163829114,1.0,6,2.5,2.3,2.7,0.0,0.0,0.0
65.19999999999844,29.599999999999753,32.69999999999975,32.67256359733385,3.351032163829114,1.0,1,0.5,0.3,0.7,0.0,0.0,0.0
65.19999999999844,29.599999999999753,32.69999999999975,32.67256359733385,3.351032163829114,1.0,2,0.9,0.7,1.1,0.0,0.0,0.0
65.19999999999844,29.599999999999753,32.69999999999975,32.67256359733385,3.351032163829114,1.0,3,1.3,1.1,1.5,0.0,0.0,0.0
65.19999999999844,29.599999999999753,32.69999999999975,32.67256359733385,3.351032163829114,1.0,4,1.7000000000000002,1.5000000000000002,1.9000000000000001,0.0,0.0,0.0
65.19999999999844,29.599999999999753,32.69999999999975,32.67256359733385,3.351032163829114,1.0,5,2.1,1.9000000000000001,2.3000000000000003,0.0,0.0,0.0
65.19999999999844,29.599999999999753,32.69999999999975,32.67256359733385,3.351032163829114,1.0,6,2.5,2.3,2.7,0.0,0.0,0.0
65.19999999999844,29.649999999999753,32.69999999999975,32.67256359733385,3.351032163829114,1.0,1,0.5,0.3,0.7,0.0,0.0,0.0
65.19999999999844,29.649999999999753,32.69999999999975,32.67256359733385,3.351032163829114,1.0,2,0.9,0.7,1.1,0.0,0.0,0.0
65.19999999999844,29.649999999999753,32.69999999999975,32.67256359733385,3.351032163829114,1.0,3,1.3,1.1,1.5,0.0,0.0,0.0
65.19999999999844,29.649999999999753,32.69999999999975,32.67256359733385,3.351032163829114,1.0,4,1.7000000000000002,1.5000000000000002,1.9000000000000001,0.0,0.0,0.0
65.19999999999844,29.649999999999753,32.69999999999975,32.67256359733385,3.351032163829114,1.0,5,2.1,1.9000000000000001,2.3000000000000003,0.0,0.0,0.0
65.19999999999844,29.649999999999753,32.69999999999975,32.67256359733385,3.351032163829114,1.0,6,2.5,2.3,2.7,0.0,0.0,0.0
65.19999999999844,29.699999999999754,32.69999999999975,32.67256359733385,3.351032163829114,1.0,1,0.5,0.3,0.7,0.0,0.0,0.0
65.19999999999844,29.699999999999754,32.69999999999975,32.67256359733385,3.351032163829114,1.0,2,0.9,0.7,1.1,0.0,0.0,0.0
65.19999999999844,29.699999999999754,32.69999999999975,32.67256359733385,3.351032163829114,1.0,3,1.3,1.1,1.5,0.0,0.0,0.0
65.19999999999844,29.699999999999754,32.69999999999975,32.67256359733385,3.351032163829114,1.0,4,1.7000000000000002,1.5000000000000002,1.9000000000000001,0.0,0.0,0.0
65.19999999999844,29.699999999999754,32.69999999999975,32.67256359733385,3.351032163829114,1.0,5,2.1,1.9000000000000001,2.3000000000000003,0.0,0.0,0.0
65.19999999999844,29.699999999999754,32.69999999999975,32.67256359733385,3.351032163829114,1.0,6,2.5,2.3,2.7,0.0,0.0,0.0
65.59999999999842,29.749999999999755,33.099999999999724,33.09144261781248,3.3510321638291103,1.0,1,0.5,0.3,0.7,0.0,0.0,0.0
65.59999999999842,29.749999999999755,33.099999999999724,33.09144261781248,3.3510321638291103,1.0,2,0.9,0.7,1.1,0.0,0.0,0.0
65.59999999999842,29.749999999999755,33.099999999999724,33.09144261781248,3.3510321638291103,1.0,3,1.3,1.1,1.5,0.0,0.0,0.0
65.59999999999842,29.749999999999755,33.099999999999724,33.09144261781248,3.3510321638291103,1.0,4,1.7000000000000002,1.5000000000000002,1.9000000000000001,0.0,0.0,0.0
65.59999999999842,29.749999999999755,33.099999999999724,33.09144261781248,3.3510321638291103,1.0,5,2.1,1.9000000000000001,2.3000000000000003,0.0,0.0,0.0
65.59999999999842,29.749999999999755,33.099999999999724,33.09144261781248,3.3510321638291103,1.0,6,2.5,2.3,2.7,0.0,0.0,0.0
65.59999999999842,29.799999999999756,33.099999999999724,33.09144261781248,3.3510321638291103,1.0,1,0.5,0.3,0.7,0.0,0.0,0.0
65.59999999999842,29.799999999999756,33.099999999999724,33.09144261781248,3.3510321638291103,1.0,2,0.9,0.7,1.1,0.0,0.0,0.0
65.59999999999842,29.799999999999756,33.099999999999724,33.09144261781248,3.3510321638291103,1.0,3,1.3,1.1,1.5,0.0,0.0,0.0
65.59999999999842,29.799999999999756,33.099999999999724,33.09144261781248,3.3510321638291103,1.0,4,1.7000000000000002,1.5000000000000002,1.9000000000000001,0.0,0.0,0.0
65.59999999999842,29.799999999999756,33.099999999999724,33.09144261781248,3.3510321638291103,1.0,5,2.1,1.9000000000000001,2.3000000000000003,0.0,0.0,0.0
65.59999999999842,29.799999999999756,33.099999999999724,33.09144261781248,3.3510321638291103,1.0,6,2.5,2.3,2.7,0.0,0.0,0.0
65.59999999999842,29.849999999999756,33.099999999999724,33.09144261781248,3.3510321638291103,1.0,1,0.5,0.3,0.7,0.0,0.0,0.0
65.59999999999842,29.849999999999756,33.099999999999724,33.09144261781248,3.3510321638291103,1.0,2,0.9,0.7,1.1,0.0,0.0,0.0
65.59999999999842,29.849999999999756,33.099999999999724,33.09144261781248,3.3510321638291103,1.0,3,1.3,1.1,1.5,0.0,0.0,0.0
65.59999999999842,29.849999999999756,33.099999999999724,33.09144261781248,3.3510321638291103,1.0,4,1.7000000000000002,1.5000000000000002,1.9000000000000001,0.0,0.0,0.0
65.59999999999842,29.849999999999756,33.099999999999724,33.09144261781248,3.3510321638291103,1.0,5,2.1,1.9000000000000001,2.3000000000000003,0.0,0.0,0.0
65.59999999999842,29.849999999999756,33.099999999999724,33.09144261781248,3.3510321638291103,1.0,6,2.5,2.3,2.7,0.0,0.0,0.0
65.59999999999842,29.899999999999757,33.099999999999724,33.09144261781248,3.3510321638291103,1.0,1,0.5,0.3,0.7,0.0,0.0,0.0
65.59999999999842,29.899999999999757,33.099999999999724,33.09144261781248,3.3510321638291103,1.0,2,0.9,0.7,1.1,0.0,0.0,0.0
65.59999999999842,29.899999999999757,33.099999999999724,33.09144261781248,3.3510321638291103,1.0,3,1.3,1.1,1.5,0.0,0.0,0.0
65.59999999999842,29.899999999999757,33.099999999999724,33.09144261781248,3.3510321638291103,1.0,4,1.7000000000000002,1.5000000000000002,1.9000000000000001,0.0,0.0,0.0
65.59999999999842,29.899999999999757,33.099999999999724,33.09144261781248,3.3510321638291103,1.0,5,2.1,1.9000000000000001,2.3000000000000003,0.0,0.0,0.0
65.59999999999842,29.899999999999757,33.099999999999724,33.09144261781248,3.3510321638291103,1.0,6,2.5,2.3,2.7,0.0,0.0,0.0
65.59999999999842,29.949999999999758,33.099999999999724,33.09144261781248,3.3510321638291103,1.0,1,0.5,0.3,0.7,0.0,0.0,0.0
65.59999999999842,29.949999999999758,33.099999999999724,33.09144261781248,3.3510321638291103,1.0,2,0.9,0.7,1.1,0.0,0.0,0.0
65.59999999999842,29.949999999999758,33.099999999999724,33.09144261781248,3.3510321638291103,1.0,3,1.3,1.1,1.5,0.0,0.0,0.0
65.59999999999842,29.949999999999758,33.099999999999724,33.09144261781248,3.3510321638291103,1.0,4,1.7000000000000002,1.5000000000000002,1.9000000000000001,0.0,0.0,0.0
65.59999999999842,29.949999999999758,33.099999999999724,33.09144261781248,3.3510321638291103,1.0,5,2.1,1.9000000000000001,2.3000000000000003,0.0,0.0,0.0
65.59999999999842,29.949999999999758,33.099999999999724,33.09144261781248,3.3510321638291103,1.0,6,2.5,2.3,2.7,0.0,0.0,0.0
65.59999999999842,29.99999999999976,33.099999999999724,33.09144261781248,3.3510321638291103,1.0,1,0.5,0.3,0.7,0.0,0.0,0.0
65.59999999999842,29.99999999999976,33.099999999999724,33.09144261781248,3.3510321638291103,1.0,2,0.9,0.7,1.1,0.0,0.0,0.0
65.59999999999842,29.99999999999976,33.099999999999724,33.09144261781248,3.3510321638291103,1.0,3,1.3,1.1,1.5,0.0,0.0,0.0
65.59999999999842,29.99999999999976,33.099999999999724,33.09144261781248,3.3510321638291103,1.0,4,1.7000000000000002,1.5000000000000002,1.9000000000000001,0.0,0.0,0.0
65.59999999999842,29.99999999999976,33.099999999999724,33.09144261781248,3.3510321638291103,1.0,5,2.1,1.9000000000000001,2.3000000000000003,0.0,0.0,0.0
65.59999999999842,29.99999999999976,33.099999999999724,33.09144261781248,3.3510321638291103,1.0,6,2.5,2.3,2.7,0.0,0.0,0.0
65.59999999999842,30.04999999999976,33.099999999999724,33.09144261781248,3.3510321638291103,1.0,1,0.5,0.3,0.7,0.0,0.0,0.0
65.59999999999842,30.04999999999976,33.099999999999724,33.09144261781248,3.3510321638291103,1.0,2,0.9,0.7,1.1,0.0,0.0,0.0
65.59999999999842,30.04999999999976,33.099999999999724,33.09144261781248,3.3510321638291103,1.0,3,1.3,1.1,1.5,0.0,0.0,0.0
65.59999999999842,30.04999999999976,33.099999999999724,33.09144261781248,3.3510321638291103,1.0,4,1.7000000000000002,1.5000000000000002,1.9000000000000001,0.0,0.0,0.0
65.59999999999842,30.04999999999976,33.099999999999724,33.09144261781248,3.3510321638291103,1.0,5,2.1,1.9000000000000001,2.3000000000000003,0.0,0.0,0.0
65.59999999999842,30.04999999999976,33.099999999999724,33.09144261781248,3.3510321638291103,1.0,6,2.5,2.3,2.7,0.0,0.0,0.0
65.59999999999842,30.09999999999976,33.099999999999724,33.09144261781248,3.3510321638291103,1.0,1,0.5,0.3,0.7,0.0,0.0,0.0
65.59999999999842,30.09999999999976,33.099999999999724,33.09144261781248,3.3510321638291103,1.0,2,0.9,0.7,1.1,0.0,0.0,0.0
65.59999999999842,30.09999999999976,33.099999999999724,33.09144261781248,3.3510321638291103,1.0,3,1.3,1.1,1.5,0.0,0.0,0.0
65.59999999999842,30.09999999999976,33.099999999999724,33.09144261781248,3.3510321638291103,1.0,4,1.7000000000000002,1.5000000000000002,1.9000000000000001,0.0,0.0,0.0
65.59999999999842,30.09999999999976,33.099999999999724,33.09144261781248,3.3510321638291103,1.0,5,2.1,1.9000000000000001,2.3000000000000003,0.0,0.0,0.0
65.59999999999842,30.09999999999976,33.099999999999724,33.09144261781248,3.3510321638291103,1.0,6,2.5,2.3,2.7,0.0,0.0,0.0
65.59999999999842,30.14999999999976,33.099999999999724,33.09144261781248,3.3510321638291103,1.0,1,0.5,0.3,0.7,0.0,0.0,0.0
65.59999999999842,30.14999999999976,33.099999999999724,33.09144261781248,3.3510321638291103,1.0,2,0.9,0.7,1.1,0.0,0.0,0.0
65.59999999999842,30.14999999999976,33.099999999999724,33.09144261781248,3.3510321638291103,1.0,3,1.3,1.1,1.5,0.0,0.0,0.0
65.59999999999842,30.14999999999976,33.099999999999724,33.09144261781248,3.3510321638291103,1.0,4,1.7000000000000002,1.5000000000000002,1.9000000000000001,0.0,0.0,0.0
65.59999999999842,30.14999999999976,33.099999999999724,33.09144261781248,3.3510321638291103,1.0,5,2.1,1.9000000000000001,2.3000000000000003,0.0,0.0,0.0
65.59999999999842,30.14999999999976,33.099999999999724,33.09144261781248,3.3510321638291103,1.0,6,2.5,2.3,2.7,0.0,0.0,0.0
66.04999999999839,30.19999999999976,33.5499999999997,33.510321638291124,3.3510321638291103,1.0,1,0.5,0.3,0.7,0.0,0.0,0.0
66.04999999999839,30.19999999999976,33.5499999999997,33.510321638291124,3.3510321638291103,1.0,2,0.9,0.7,1.1,0.0,0.0,0.0
66.04999999999839,30.19999999999976,33.5499999999997,33.510321638291124,3.3510321638291103,1.0,3,1.3,1.1,1.5,0.0,0.0,0.0
66.04999999999839,30.19999999999976,33.5499999999997,33.510321638291124,3.3510321638291103,1.0,4,1.7000000000000002,1.5000000000000002,1.9000000000000001,0.0,0.0,0.0
66.04999999999839,30.19999999999976,33.5499999999997,33.510321638291124,3.3510321638291103,1.0,5,2.1,1.9000000000000001,2.3000000000000003,0.0,0.0,0.0
66.04999999999839,30.19999999999976,33.5499999999997,33.510321638291124,3.3510321638291103,1.0,6,2.5,2.3,2.7,0.0,0.0,0.0
66.04999999999839,30.249999999999762,33.5499999999997,33.510321638291124,3.3510321638291103,1.0,1,0.5,0.3,0.7,0.0,0.0,0.0
66.04999999999839,30.249999999999762,33.5499999999997,33.510321638291124,3.3510321638291103,1.0,2,0.9,0.7,1.1,0.0,0.0,0.0
66.04999999999839,30.249999999999762,33.5499999999997,33.510321638291124,3.3510321638291103,1.0,3,1.3,1.1,1.5,0.0,0.0,0.0
66.04999999999839,30.249999999999762,33.5499999999997,33.510321638291124,3.3510321638291103,1.0,4,1.7000000000000002,1.5000000000000002,1.9000000000000001,0.0,0.0,0.0
66.04999999999839,30.249999999999762,33.5499999999997,33.510321638291124,3.3510321638291103,1.0,5,2.1,1.9000000000000001,2.3000000000000003,0.0,0.0,0.0
66.04999999999839,30.249999999999762,33.5499999999997,33.510321638291124,3.3510321638291103,1.0,6,2.5,2.3,2.7,0.0,0.0,0.0
66.04999999999839,30.299999999999763,33.5499999999997,33.510321638291124,3.3510321638291103,1.0,1,0.5,0.3,0.7,0.0,0.0,0.0
66.04999999999839,30.299999999999763,33.5499999999997,33.510321638291124,3.3510321638291103,1.0,2,0.9,0.7,1.1,0.0,0.0,0.0
66.04999999999839,30.299999999999763,33.5499999999997,33.510321638291124,3.3510321638291103,1.0,3,1.3,1.1,1.5,0.0,0.0,0.0
66.04999999999839,30.299999999999763,33.5499999999997,33.510321638291124,3.3510321638291103,1.0,4,1.7000000000000002,1.5000000000000002,1.9000000000000001,0.0,0.0,0.0
66.04999999999839,30.299999999999763,33.5499999999997,33.510321638291124,3.3510321638291103,1.0,5,2.1,1.9000000000000001,2.3000000000000003,0.0,0.0,0.0
66.04999999999839,30.299999999999763,33.5499999999997,33.510321638291124,3.3510321638291103,1.0,6,2.5,2.3,2.7,0.0,0.0,0.0
66.04999999999839,30.349999999999763,33.5499999999997,33.510321638291124,3.3510321638291103,1.0,1,0.5,0.3,0.7,0.0,0.0,0.0
66.04999999999839,30.349999999999763,33.5499999999997,33.510321638291124,3.3510321638291103,1.0,2,0.9,0.7,1.1,0.0,0.0,0.0
66.04999999999839,30.349999999999763,33.5499999999997,33.510321638291124,3.3510321638291103,1.0,3,1.3,1.1,1.5,0.0,0.0,0.0
66.04999999999839,30.349999999999763,33.5499999999997,33.510321638291124,3.3510321638291103,1.0,4,1.7000000000000002,1.5000000000000002,1.9000000000000001,0.0,0.0,0.0
66.04999999999839,30.349999999999763,33.5499999999997,33.510321638291124,3.3510321638291103,1.0,5,2.1,1.9000000000000001,2.3000000000000003,0.0,0.0,0.0
66.04999999999839,30.349999999999763,33.5499999999997,33.510321638291124,3.3510321638291103,1.0,6,2.5,2.3,2.7,0.0,0.0,0.0
66.04999999999839,30.399999999999764,33.5499999999997,33.510321638291124,3.3510321638291103,1.0,1,0.5,0.3,0.7,0.0,0.0,0.0
66.04999999999839,30.399999999999764,33.5499999999997,33.510321638291124,3.3510321638291103,1.0,2,0.9,0.7,1.1,0.0,0.0,0.0
66.04999999999839,30.399999999999764,33.5499999999997,33.510321638291124,3.3510321638291103,1.0,3,1.3,1.1,1.5,0.0,0.0,0.0
66.04999999999839,30.399999999999764,33.5499999999997,33.510321638291124,3.3510321638291103,1.0,4,1.7000000000000002,1.5000000000000002,1.9000000000000001,0.0,0.0,0.0
66.04999999999839,30.399999999999764,33.5499999999997,33.510321638291124,3.3510321638291103,1.0,5,2.1,1.9000000000000001,2.3000000000000003,0.0,0.0,0.0
66.04999999999839,30.399999999999764,33.5499999999997,33.510321638291124,3.3510321638291103,1.0,6,2.5,2.3,2.7,0.0,0.0,0.0
66.04999999999839,30.449999999999765,33.5499999999997,33.510321638291124,3.3510321638291103,1.0,1,0.5,0.3,0.7,0.0,0.0,0.0
66.04999999999839,30.449999999999765,33.5499999999997,33.510321638291124,3.3510321638291103,1.0,2,0.9,0.7,1.1,0.0,0.0,0.0
66.04999999999839,30.449999999999765,33.5499999999997,33.510321638291124,3.3510321638291103,1.0,3,1.3,1.1,1.5,0.0,0.0,0.0
66.04999999999839,30.449999999999765,33.5499999999997,33.510321638291124,3.3510321638291103,1.0,4,1.7000000000000002,1.5000000000000002,1.9000000000000001,0.0,0.0,0.0
66.04999999999839,30.449999999999765,33.5499999999997,33.510321638291124,3.3510321638291103,1.0,5,2.1,1.9000000000000001,2.3000000000000003,0.0,0.0,0.0
66.04999999999839,30.449999999999765,33.5499999999997,33.510321638291124,3.3510321638291103,1.0,6,2.5,2.3,2.7,0.0,0.0,0.0
66.04999999999839,30.499999999999766,33.5499999999997,33.510321638291124,3.3510321638291103,1.0,1,0.5,0.3,0.7,0.0,0.0,0.0
66.04999999999839,30.499999999999766,33.5499999999997,33.510321638291124,3.3510321638291103,1.0,2,0.9,0.7,1.1,0.0,0.0,0.0
66.04999999999839,30.499999999999766,33.5499999999997,33.510321638291124,3.3510321638291103,1.0,3,1.3,1.1,1.5,0.0,0.0,0.0
66.04999999999839,30.499999999999766,33.5499999999997,33.510321638291124,3.3510321638291103,1.0,4,1.7000000000000002,1.5000000000000002,1.9000000000000001,0.0,0.0,0.0
66.04999999999839,30.499999999999766,33.5499999999997,33.510321638291124,3.3510321638291103,1.0,5,2.1,1.9000000000000001,2.3000000000000003,0.0,0.0,0.0
66.04999999999839,30.499999999999766,33.5499999999997,33.510321638291124,3.3510321638291103,1.0,6,2.5,2.3,2.7,0.0,0.0,0.0
66.04999999999839,30.549999999999766,33.5499999999997,33.510321638291124,3.3510321638291103,1.0,1,0.5,0.3,0.7,0.0,0.0,0.0
66.04999999999839,30.549999999999766,33.5499999999997,33.510321638291124,3.3510321638291103,1.0,2,0.9,0.7,1.1,0.0,0.0,0.0
66.04999999999839,30.549999999999766,33.5499999999997,33.510321638291124,3.3510321638291103,1.0,3,1.3,1.1,1.5,0.0,0.0,0.0
66.04999999999839,30.549999999999766,33.5499999999997,33.510321638291124,3.3510321638291103,1.0,4,1.7000000000000002,1.5000000000000002,1.9000000000000001,0.0,0.0,0.0
66.04999999999839,30.549999999999766,33.5499999999997,33.510321638291124,3.3510321638291103,1.0,5,2.1,1.9000000000000001,2.3000000000000003,0.0,0.0,0.0
66.04999999999839,30.549999999999766,33.5499999999997,33.510321638291124,3.3510321638291103,1.0,6,2.5,2.3,2.7,0.0,0.0,0.0
66.44999999999837,30.599999999999767,33.949999999999676,33.929200658769766,3.351032163829114,1.0,1,0.5,0.3,0.7,0.0,0.0,0.0
66.44999999999837,30.599999999999767,33.949999999999676,33.929200658769766,3.351032163829114,1.0,2,0.9,0.7,1.1,0.0,0.0,0.0
66.44999999999837,30.599999999999767,33.949999999999676,33.929200658769766,3.351032163829114,1.0,3,1.3,1.1,1.5,0.0,0.0,0.0
66.44999999999837,30.599999999999767,33.949999999999676,33.929200658769766,3.351032163829114,1.0,4,1.7000000000000002,1.5000000000000002,1.9000000000000001,0.0,0.0,0.0
66.44999999999837,30.599999999999767,33.949999999999676,33.929200658769766,3.351032163829114,1.0,5,2.1,1.9000000000000001,2.3000000000000003,0.0,0.0,0.0
66.44999999999837,30.599999999999767,33.949999999999676,33.929200658769766,3.351032163829114,1.0,6,2.5,2.3,2.7,0.0,0.0,0.0
66.44999999999837,30.649999999999768,33.949999999999676,33.929200658769766,3.351032163829114,1.0,1,0.5,0.3,0.7,0.0,0.0,0.0
66.44999999999837,30.649999999999768,33.949999999999676,33.929200658769766,3.351032163829114,1.0,2,0.9,0.7,1.1,0.0,0.0,0.0
66.44999999999837,30.649999999999768,33.949999999999676,33.929200658769766,3.351032163829114,1.0,3,1.3,1.1,1.5,0.0,0.0,0.0
66.44999999999837,30.649999999999768,33.949999999999676,33.929200658769766,3.351032163829114,1.0,4,1.7000000000000002,1.5000000000000002,1.9000000000000001,0.0,0.0,0.0
66.44999999999837,30.649999999999768,33.949999999999676,33.929200658769766,3.351032163829114,1.0,5,2.1,1.9000000000000001,2.3000000000000003,0.0,0.0,0.0
66.44999999999837,30.649999999999768,33.949999999999676,33.929200658769766,3.351032163829114,1.0,6,2.5,2.3,2.7,0.0,0.0,0.0
66.44999999999837,30.69999999999977,33.949999999999676,33.929200658769766,3.351032163829114,1.0,1,0.5,0.3,0.7,0.0,0.0,0.0
66.44999999999837,30.69999999999977,33.949999999999676,33.929200658769766,3.351032163829114,1.0,2,0.9,0.7,1.1,0.0,0.0,0.0
66.44999999999837,30.69999999999977,33.949999999999676,33.929200658769766,3.351032163829114,1.0,3,1.3,1.1,1.5,0.0,0.0,0.0
66.44999999999837,30.69999999999977,33.949999999999676,33.929200658769766,3.351032163829114,1.0,4,1.7000000000000002,1.5000000000000002,1.9000000000000001,0.0,0.0,0.0
66.44999999999837,30.69999999999977,33.949999999999676,33.929200658769766,3.351032163829114,1.0,5,2.1,1.9000000000000001,2.3000000000000003,0.0,0.0,0.0
66.44999999999837,30.69999999999977,33.949999999999676,33.929200658769766,3.351032163829114,1.0,6,2.5,2.3,2.7,0.0,0.0,0.0
66.44999999999837,30.74999999999977,33.949999999999676,33.929200658769766,3.351032163829114,1.0,1,0.5,0.3,0.7,0.0,0.0,0.0
66.44999999999837,30.74999999999977,33.949999999999676,33.929200658769766,3.351032163829114,1.0,2,0.9,0.7,1.1,0.0,0.0,0.0
66.44999999999837,30.74999999999977,33.949999999999676,33.929200658769766,3.351032163829114,1.0,3,1.3,1.1,1.5,0.0,0.0,0.0
66.44999999999837,30.74999999999977,33.949999999999676,33.929200658769766,3.351032163829114,1.0,4,1.7000000000000002,1.5000000000000002,1.9000000000000001,0.0,0.0,0.0
66.44999999999837,30.74999999999977,33.949999999999676,33.929200658769766,3.351032163829114,1.0,5,2.1,1.9000000000000001,2.3000000000000003,0.0,0.0,0.0
66.44999999999837,30.74999999999977,33.949999999999676,33.929200658769766,3.351032163829114,1.0,6,2.5,2.3,2.7,0.0,0.0,0.0
66.44999999999837,30.79999999999977,33.949999999999676,33.929200658769766,3.351032163829114,1.0,1,0.5,0.3,0.7,0.0,0.0,0.0
66.44999999999837,30.79999999999977,33.949999999999676,33.929200658769766,3.351032163829114,1.0,2,0.9,0.7,1.1,0.0,0.0,0.0
66.44999999999837,30.79999999999977,33.949999999999676,33.929200658769766,3.351032163829114,1.0,3,1.3,1.1,1.5,0.0,0.0,0.0
66.44999999999837,30.79999999999977,33.949999999999676,33.929200658769766,3.351032163829114,1.0,4,1.7000000000000002,1.5000000000000002,1.9000000000000001,0.0,0.0,0.0
66.44999999999837,30.79999999999977,33.949999999999676,33.929200658769766,3.351032163829114,1.0,5,2.1,1.9000000000000001,2.3000000000000003,0.0,0.0,0.0
66.44999999999837,30.79999999999977,33.949999999999676,33.929200658769766,3.351032163829114,1.0,6,2.5,2.3,2.7,0.0,0.0,0.0
66.44999999999837,30.84999999999977,33.949999999999676,33.929200658769766,3.351032163829114,1.0,1,0.5,0.3,0.7,0.0,0.0,0.0
66.44999999999837,30.84999999999977,33.949999999999676,33.929200658769766,3.351032163829114,1.0,2,0.9,0.7,1.1,0.0,0.0,0.0
66.44999999999837,30.84999999999977,33.949999999999676,33.929200658769766,3.351032163829114,1.0,3,1.3,1.1,1.5,0.0,0.0,0.0
66.44999999999837,30.84999999999977,33.949999999999676,33.929200658769766,3.351032163829114,1.0,4,1.7000000000000002,1.5000000000000002,1.9000000000000001,0.0,0.0,0.0
66.44999999999837,30.84999999999977,33.949999999999676,33.929200658769766,3.351032163829114,1.0,5,2.1,1.9000000000000001,2.3000000000000003,0.0,0.0,0.0
66.44999999999837,30.84999999999977,33.949999999999676,33.929200658769766,3.351032163829114,1.0,6,2.5,2.3,2.7,0.0,0.0,0.0
66.44999999999837,30.89999999999977,33.949999999999676,33.929200658769766,3.351032163829114,1.0,1,0.5,0.3,0.7,0.0,0.0,0.0
66.44999999999837,30.89999999999977,33.949999999999676,33.929200658769766,3.351032163829114,1.0,2,0.9,0.7,1.1,0.0,0.0,0.0
66.44999999999837,30.89999999999977,33.949999999999676,33.929200658769766,3.351032163829114,1.0,3,1.3,1.1,1.5,0.0,0.0,0.0
66.44999999999837,30.89999999999977,33.949999999999676,33.929200658769766,3.351032163829114,1.0,4,1.7000000000000002,1.5000000000000002,1.9000000000000001,0.0,0.0,0.0
66.44999999999837,30.89999999999977,33.949999999999676,33.929200658769766,3.351032163829114,1.0,5,2.1,1.9000000000000001,2.3000000000000003,0.0,0.0,0.0
66.44999999999837,30.89999999999977,33.949999999999676,33.929200658769766,3.351032163829114,1.0,6,2.5,2.3,2.7,0.0,0.0,0.0
66.44999999999837,30.949999999999772,33.949999999999676,33.929200658769766,3.351032163829114,1.0,1,0.5,0.3,0.7,0.0,0.0,0.0
66.44999999999837,30.949999999999772,33.949999999999676,33.929200658769766,3.351032163829114,1.0,2,0.9,0.7,1.1,0.0,0.0,0.0
66.44999999999837,30.949999999999772,33.949999999999676,33.929200658769766,3.351032163829114,1.0,3,1.3,1.1,1.5,0.0,0.0,0.0
66.44999999999837,30.949999999999772,33.949999999999676,33.929200658769766,3.351032163829114,1.0,4,1.7000000000000002,1.5000000000000002,1.9000000000000001,0.0,0.0,0.0
66.44999999999837,30.949999999999772,33.949999999999676,33.929200658769766,3.351032163829114,1.0,5,2.1,1.9000000000000001,2.3000000000000003,0.0,0.0,0.0
66.44999999999837,30.949999999999772,33.949999999999676,33.929200658769766,3.351032163829114,1.0,6,2.5,2.3,2.7,0.0,0.0,0.0
66.84999999999835,30.999999999999773,34.34999999999965,34.3480796792484,3.3510321638291103,1.0,1,0.5,0.3,0.7,0.0,0.0,0.0
66.84999999999835,30.999999999999773,34.34999999999965,34.3480796792484,3.3510321638291103,1.0,2,0.9,0.7,1.1,0.0,0.0,0.0
66.84999999999835,30.999999999999773,34.34999999999965,34.3480796792484,3.3510321638291103,1.0,3,1.3,1.1,1.5,0.0,0.0,0.0
66.84999999999835,30.999999999999773,34.34999999999965,34.3480796792484,3.3510321638291103,1.0,4,1.7000000000000002,1.5000000000000002,1.9000000000000001,0.0,0.0,0.0
66.84999999999835,30.999999999999773,34.34999999999965,34.3480796792484,3.3510321638291103,1.0,5,2.1,1.9000000000000001,2.3000000000000003,0.0,0.0,0.0
66.84999999999835,30.999999999999773,34.34999999999965,34.3480796792484,3.3510321638291103,1.0,6,2.5,2.3,2.7,0.0,0.0,0.0
66.84999999999835,31.049999999999773,34.34999999999965,34.3480796792484,3.3510321638291103,1.0,1,0.5,0.3,0.7,0.0,0.0,0.0
66.84999999999835,31.049999999999773,34.34999999999965,34.3480796792484,3.3510321638291103,1.0,2,0.9,0.7,1.1,0.0,0.0,0.0
66.84999999999835,31.049999999999773,34.34999999999965,34.3480796792484,3.3510321638291103,1.0,3,1.3,1.1,1.5,0.0,0.0,0.0
66.84999999999835,31.049999999999773,34.34999999999965,34.3480796792484,3.3510321638291103,1.0,4,1.7000000000000002,1.5000000000000002,1.9000000000000001,0.0,0.0,0.0
66.84999999999835,31.049999999999773,34.34999999999965,34.3480796792484,3.3510321638291103,1.0,5,2.1,1.9000000000000001,2.3000000000000003,0.0,0.0,0.0
66.84999999999835,31.049999999999773,34.34999999999965,34.3480796792484,3.3510321638291103,1.0,6,2.5,2.3,2.7,0.0,0.0,0.0
66.84999999999835,31.099999999999774,34.34999999999965,34.3480796792484,3.3510321638291103,1.0,1,0.5,0.3,0.7,0.0,0.0,0.0
66.84999999999835,31.099999999999774,34.34999999999965,34.3480796792484,3.3510321638291103,1.0,2,0.9,0.7,1.1,0.0,0.0,0.0
66.84999999999835,31.099999999999774,34.34999999999965,34.3480796792484,3.3510321638291103,1.0,3,1.3,1.1,1.5,0.0,0.0,0.0
66.84999999999835,31.099999999999774,34.34999999999965,34.3480796792484,3.3510321638291103,1.0,4,1.7000000000000002,1.5000000000000002,1.9000000000000001,0.0,0.0,0.0
66.84999999999835,31.099999999999774,34.34999999999965,34.3480796792484,3.3510321638291103,1.0,5,2.1,1.9000000000000001,2.3000000000000003,0.0,0.0,0.0
66.84999999999835,31.099999999999774,34.34999999999965,34.3480796792484,3.3510321638291103,1.0,6,2.5,2.3,2.7,0.0,0.0,0.0
66.84999999999835,31.149999999999775,34.34999999999965,34.3480796792484,3.3510321638291103,1.0,1,0.5,0.3,0.7,0.0,0.0,0.0
66.84999999999835,31.149999999999775,34.34999999999965,34.3480796792484,3.3510321638291103,1.0,2,0.9,0.7,1.1,0.0,0.0,0.0
66.84999999999835,31.149999999999775,34.34999999999965,34.3480796792484,3.3510321638291103,1.0,3,1.3,1.1,1.5,0.0,0.0,0.0
66.84999999999835,31.149999999999775,34.34999999999965,34.3480796792484,3.3510321638291103,1.0,4,1.7000000000000002,1.5000000000000002,1.9000000000000001,0.0,0.0,0.0
66.84999999999835,31.149999999999775,34.34999999999965,34.3480796792484,3.3510321638291103,1.0,5,2.1,1.9000000000000001,2.3000000000000003,0.0,0.0,0.0
66.84999999999835,31.149999999999775,34.34999999999965,34.3480796792484,3.3510321638291103,1.0,6,2.5,2.3,2.7,0.0,0.0,0.0
66.84999999999835,31.199999999999775,34.34999999999965,34.3480796792484,3.3510321638291103,1.0,1,0.5,0.3,0.7,0.0,0.0,0.0
66.84999999999835,31.199999999999775,34.34999999999965,34.3480796792484,3.3510321638291103,1.0,2,0.9,0.7,1.1,0.0,0.0,0.0
66.84999999999835,31.199999999999775,34.34999999999965,34.3480796792484,3.3510321638291103,1.0,3,1.3,1.1,1.5,0.0,0.0,0.0
66.84999999999835,31.199999999999775,34.34999999999965,34.3480796792484,3.3510321638291103,1.0,4,1.7000000000000002,1.5000000000000002,1.9000000000000001,0.0,0.0,0.0
66.84999999999835,31.199999999999775,34.34999999999965,34.3480796792484,3.3510321638291103,1.0,5,2.1,1.9000000000000001,2.3000000000000003,0.0,0.0,0.0
66.84999999999835,31.199999999999775,34.34999999999965,34.3480796792484,3.3510321638291103,1.0,6,2.5,2.3,2.7,0.0,0.0,0.0
66.84999999999835,31.249999999999776,34.34999999999965,34.3480796792484,3.3510321638291103,1.0,1,0.5,0.3,0.7,0.0,0.0,0.0
66.84999999999835,31.249999999999776,34.34999999999965,34.3480796792484,3.3510321638291103,1.0,2,0.9,0.7,1.1,0.0,0.0,0.0
66.84999999999835,31.249999999999776,34.34999999999965,34.3480796792484,3.3510321638291103,1.0,3,1.3,1.1,1.5,0.0,0.0,0.0
66.84999999999835,31.249999999999776,34.34999999999965,34.3480796792484,3.3510321638291103,1.0,4,1.7000000000000002,1.5000000000000002,1.9000000000000001,0.0,0.0,0.0
66.84999999999835,31.249999999999776,34.34999999999965,34.3480796792484,3.3510321638291103,1.0,5,2.1,1.9000000000000001,2.3000000000000003,0.0,0.0,0.0
66.84999999999835,31.249999999999776,34.34999999999965,34.3480796792484,3.3510321638291103,1.0,6,2.5,2.3,2.7,0.0,0.0,0.0
66.84999999999835,31.299999999999777,34.34999999999965,34.3480796792484,3.3510321638291103,1.0,1,0.5,0.3,0.7,0.0,0.0,0.0
66.84999999999835,31.299999999999777,34.34999999999965,34.3480796792484,3.3510321638291103,1.0,2,0.9,0.7,1.1,0.0,0.0,0.0
66.84999999999835,31.299999999999777,34.34999999999965,34.3480796792484,3.3510321638291103,1.0,3,1.3,1.1,1.5,0.0,0.0,0.0
66.84999999999835,31.299999999999777,34.34999999999965,34.3480796792484,3.3510321638291103,1.0,4,1.7000000000000002,1.5000000000000002,1.9000000000000001,0.0,0.0,0.0
66.84999999999835,31.299999999999777,34.34999999999965,34.3480796792484,3.3510321638291103,1.0,5,2.1,1.9000000000000001,2.3000000000000003,0.0,0.0,0.0
66.84999999999835,31.299999999999777,34.34999999999965,34.3480796792484,3.3510321638291103,1.0,6,2.5,2.3,2.7,0.0,0.0,0.0
66.84999999999835,31.349999999999778,34.34999999999965,34.3480796792484,3.3510321638291103,1.0,1,0.5,0.3,0.7,0.0,0.0,0.0
66.84999999999835,31.349999999999778,34.34999999999965,34.3480796792484,3.3510321638291103,1.0,2,0.9,0.7,1.1,0.0,0.0,0.0
66.84999999999835,31.349999999999778,34.34999999999965,34.3480796792484,3.3510321638291103,1.0,3,1.3,1.1,1.5,0.0,0.0,0.0
66.84999999999835,31.349999999999778,34.34999999999965,34.3480796792484,3.3510321638291103,1.0,4,1.7000000000000002,1.5000000000000002,1.9000000000000001,0.0,0.0,0.0
66.84999999999835,31.349999999999778,34.34999999999965,34.3480796792484,3.3510321638291103,1.0,5,2.1,1.9000000000000001,2.3000000000000003,0.0,0.0,0.0
66.84999999999835,31.349999999999778,34.34999999999965,34.3480796792484,3.3510321638291103,1.0,6,2.5,2.3,2.7,0.0,0.0,0.0
66.84999999999835,31.39999999999978,34.34999999999965,34.3480796792484,3.3510321638291103,1.0,1,0.5,0.3,0.7,0.0,0.0,0.0
66.84999999999835,31.39999999999978,34.34999999999965,34.3480796792484,3.3510321638291103,1.0,2,0.9,0.7,1.1,0.0,0.0,0.0
66.84999999999835,31.39999999999978,34.34999999999965,34.3480796792484,3.3510321638291103,1.0,3,1.3,1.1,1.5,0.0,0.0,0.0
66.84999999999835,31.39999999999978,34.34999999999965,34.3480796792484,3.3510321638291103,1.0,4,1.7000000000000002,1.5000000000000002,1.9000000000000001,0.0,0.0,0.0
66.84999999999835,31.39999999999978,34.34999999999965,34.3480796792484,3.3510321638291103,1.0,5,2.1,1.9000000000000001,2.3000000000000003,0.0,0.0,0.0
66.84999999999835,31.39999999999978,34.34999999999965,34.3480796792484,3.3510321638291103,1.0,6,2.5,2.3,2.7,0.0,0.0,0.0
67.29999999999832,31.44999999999978,34.79999999999963,34.76695869972704,3.3510321638291103,1.0,1,0.5,0.3,0.7,0.0,0.0,0.0
67.29999999999832,31.44999999999978,34.79999999999963,34.76695869972704,3.3510321638291103,1.0,2,0.9,0.7,1.1,0.0,0.0,0.0
67.29999999999832,31.44999999999978,34.79999999999963,34.76695869972704,3.3510321638291103,1.0,3,1.3,1.1,1.5,0.0,0.0,0.0
67.29999999999832,31.44999999999978,34.79999999999963,34.76695869972704,3.3510321638291103,1.0,4,1.7000000000000002,1.5000000000000002,1.9000000000000001,0.0,0.0,0.0
67.29999999999832,31.44999999999978,34.79999999999963,34.76695869972704,3.3510321638291103,1.0,5,2.1,1.9000000000000001,2.3000000000000003,0.0,0.0,0.0
67.29999999999832,31.44999999999978,34.79999999999963,34.76695869972704,3.3510321638291103,1.0,6,2.5,2.3,2.7,0.0,0.0,0.0
67.29999999999832,31.49999999999978,34.79999999999963,34.76695869972704,3.3510321638291103,1.0,1,0.5,0.3,0.7,0.0,0.0,0.0
67.29999999999832,31.49999999999978,34.79999999999963,34.76695869972704,3.3510321638291103,1.0,2,0.9,0.7,1.1,0.0,0.0,0.0
67.29999999999832,31.49999999999978,34.79999999999963,34.76695869972704,3.3510321638291103,1.0,3,1.3,1.1,1.5,0.0,0.0,0.0
67.29999999999832,31.49999999999978,34.79999999999963,34.76695869972704,3.3510321638291103,1.0,4,1.7000000000000002,1.5000000000000002,1.9000000000000001,0.0,0.0,0.0
67.29999999999832,31.49999999999978,34.79999999999963,34.76695869972704,3.3510321638291103,1.0,5,2.1,1.9000000000000001,2.3000000000000003,0.0,0.0,0.0
67.29999999999832,31.49999999999978,34.79999999999963,34.76695869972704,3.3510321638291103,1.0,6,2.5,2.3,2.7,0.0,0.0,0.0
67.29999999999832,31.54999999999978,34.79999999999963,34.76695869972704,3.3510321638291103,1.0,1,0.5,0.3,0.7,0.0,0.0,0.0
67.29999999999832,31.54999999999978,34.79999999999963,34.76695869972704,3.3510321638291103,1.0,2,0.9,0.7,1.1,0.0,0.0,0.0
67.29999999999832,31.54999999999978,34.79999999999963,34.76695869972704,3.3510321638291103,1.0,3,1.3,1.1,1.5,0.0,0.0,0.0
67.29999999999832,31.54999999999978,34.79999999999963,34.76695869972704,3.3510321638291103,1.0,4,1.7000000000000002,1.5000000000000002,1.9000000000000001,0.0,0.0,0.0
67.29999999999832,31.54999999999978,34.79999999999963,34.76695869972704,3.3510321638291103,1.0,5,2.1,1.9000000000000001,2.3000000000000003,0.0,0.0,0.0
67.29999999999832,31.54999999999978,34.79999999999963,34.76695869972704,3.3510321638291103,1.0,6,2.5,2.3,2.7,0.0,0.0,0.0
67.29999999999832,31.59999999999978,34.79999999999963,34.76695869972704,3.3510321638291103,1.0,1,0.5,0.3,0.7,0.0,0.0,0.0
67.29999999999832,31.59999999999978,34.79999999999963,34.76695869972704,3.3510321638291103,1.0,2,0.9,0.7,1.1,0.0,0.0,0.0
67.29999999999832,31.59999999999978,34.79999999999963,34.76695869972704,3.3510321638291103,1.0,3,1.3,1.1,1.5,0.0,0.0,0.0
67.29999999999832,31.59999999999978,34.79999999999963,34.76695869972704,3.3510321638291103,1.0,4,1.7000000000000002,1.5000000000000002,1.9000000000000001,0.0,0.0,0.0
67.29999999999832,31.59999999999978,34.79999999999963,34.76695869972704,3.3510321638291103,1.0,5,2.1,1.9000000000000001,2.3000000000000003,0.0,0.0,0.0
67.29999999999832,31.59999999999978,34.79999999999963,34.76695869972704,3.3510321638291103,1.0,6,2.5,2.3,2.7,0.0,0.0,0.0
67.29999999999832,31.649999999999782,34.79999999999963,34.76695869972704,3.3510321638291103,1.0,1,0.5,0.3,0.7,0.0,0.0,0.0
67.29999999999832,31.649999999999782,34.79999999999963,34.76695869972704,3.3510321638291103,1.0,2,0.9,0.7,1.1,0.0,0.0,0.0
67.29999999999832,31.649999999999782,34.79999999999963,34.76695869972704,3.3510321638291103,1.0,3,1.3,1.1,1.5,0.0,0.0,0.0
67.29999999999832,31.649999999999782,34.79999999999963,34.76695869972704,3.3510321638291103,1.0,4,1.7000000000000002,1.5000000000000002,1.9000000000000001,0.0,0.0,0.0
67.29999999999832,31.649999999999782,34.79999999999963,34.76695869972704,3.3510321638291103,1.0,5,2.1,1.9000000000000001,2.3000000000000003,0.0,0.0,0.0
67.29999999999832,31.649999999999782,34.79999999999963,34.76695869972704,3.3510321638291103,1.0,6,2.5,2.3,2.7,0.0,0.0,0.0
67.29999999999832,31.699999999999783,34.79999999999963,34.76695869972704,3.3510321638291103,1.0,1,0.5,0.3,0.7,0.0,0.0,0.0
67.29999999999832,31.699999999999783,34.79999999999963,34.76695869972704,3.3510321638291103,1.0,2,0.9,0.7,1.1,0.0,0.0,0.0
67.29999999999832,31.699999999999783,34.79999999999963,34.76695869972704,3.3510321638291103,1.0,3,1.3,1.1,1.5,0.0,0.0,0.0
67.29999999999832,31.699999999999783,34.79999999999963,34.76695869972704,3.3510321638291103,1.0,4,1.7000000000000002,1.5000000000000002,1.9000000000000001,0.0,0.0,0.0
67.29999999999832,31.699999999999783,34.79999999999963,34.76695869972704,3.3510321638291103,1.0,5,2.1,1.9000000000000001,2.3000000000000003,0.0,0.0,0.0
67.29999999999832,31.699999999999783,34.79999999999963,34.76695869972704,3.3510321638291103,1.0,6,2.5,2.3,2.7,0.0,0.0,0.0
67.29999999999832,31.749999999999783,34.79999999999963,34.76695869972704,3.3510321638291103,1.0,1,0.5,0.3,0.7,0.0,0.0,0.0
67.29999999999832,31.749999999999783,34.79999999999963,34.76695869972704,3.3510321638291103,1.0,2,0.9,0.7,1.1,0.0,0.0,0.0
67.29999999999832,31.749999999999783,34.79999999999963,34.76695869972704,3.3510321638291103,1.0,3,1.3,1.1,1.5,0.0,0.0,0.0
67.29999999999832,31.749999999999783,34.79999999999963,34.76695869972704,3.3510321638291103,1.0,4,1.7000000000000002,1.5000000000000002,1.9000000000000001,0.0,0.0,0.0
67.29999999999832,31.749999999999783,34.79999999999963,34.76695869972704,3.3510321638291103,1.0,5,2.1,1.9000000000000001,2.3000000000000003,0.0,0.0,0.0
67.29999999999832,31.749999999999783,34.79999999999963,34.76695869972704,3.3510321638291103,1.0,6,2.5,2.3,2.7,0.0,0.0,0.0
67.29999999999832,31.799999999999784,34.79999999999963,34.76695869972704,3.3510321638291103,1.0,1,0.5,0.3,0.7,0.0,0.0,0.0
67.29999999999832,31.799999999999784,34.79999999999963,34.76695869972704,3.3510321638291103,1.0,2,0.9,0.7,1.1,0.0,0.0,0.0
67.29999999999832,31.799999999999784,34.79999999999963,34.76695869972704,3.3510321638291103,1.0,3,1.3,1.1,1.5,0.0,0.0,0.0
67.29999999999832,31.799999999999784,34.79999999999963,34.76695869972704,3.3510321638291103,1.0,4,1.7000000000000002,1.5000000000000002,1.9000000000000001,0.0,0.0,0.0
67.29999999999832,31.799999999999784,34.79999999999963,34.76695869972704,3.3510321638291103,1.0,5,2.1,1.9000000000000001,2.3000000000000003,0.0,0.0,0.0
67.29999999999832,31.799999999999784,34.79999999999963,34.76695869972704,3.3510321638291103,1.0,6,2.5,2.3,2.7,0.0,0.0,0.0
67.6999999999983,31.849999999999785,35.199999999999605,35.18583772020568,3.351032163829114,1.0,1,0.5,0.3,0.7,0.0,0.0,0.0
67.6999999999983,31.849999999999785,35.199999999999605,35.18583772020568,3.351032163829114,1.0,2,0.9,0.7,1.1,0.0,0.0,0.0
67.6999999999983,31.849999999999785,35.199999999999605,35.18583772020568,3.351032163829114,1.0,3,1.3,1.1,1.5,0.0,0.0,0.0
67.6999999999983,31.849999999999785,35.199999999999605,35.18583772020568,3.351032163829114,1.0,4,1.7000000000000002,1.5000000000000002,1.9000000000000001,0.0,0.0,0.0
67.6999999999983,31.849999999999785,35.199999999999605,35.18583772020568,3.351032163829114,1.0,5,2.1,1.9000000000000001,2.3000000000000003,0.0,0.0,0.0
67.6999999999983,31.849999999999785,35.199999999999605,35.18583772020568,3.351032163829114,1.0,6,2.5,2.3,2.7,0.0,0.0,0.0
67.6999999999983,31.899999999999785,35.199999999999605,35.18583772020568,3.351032163829114,1.0,1,0.5,0.3,0.7,0.0,0.0,0.0
67.6999999999983,31.899999999999785,35.199999999999605,35.18583772020568,3.351032163829114,1.0,2,0.9,0.7,1.1,0.0,0.0,0.0
67.6999999999983,31.899999999999785,35.199999999999605,35.18583772020568,3.351032163829114,1.0,3,1.3,1.1,1.5,0.0,0.0,0.0
67.6999999999983,31.899999999999785,35.199999999999605,35.18583772020568,3.351032163829114,1.0,4,1.7000000000000002,1.5000000000000002,1.9000000000000001,0.0,0.0,0.0
67.6999999999983,31.899999999999785,35.199999999999605,35.18583772020568,3.351032163829114,1.0,5,2.1,1.9000000000000001,2.3000000000000003,0.0,0.0,0.0
67.6999999999983,31.899999999999785,35.199999999999605,35.18583772020568,3.351032163829114,1.0,6,2.5,2.3,2.7,0.0,0.0,0.0
67.6999999999983,31.949999999999786,35.199999999999605,35.18583772020568,3.351032163829114,1.0,1,0.5,0.3,0.7,0.0,0.0,0.0
67.6999999999983,31.949999999999786,35.199999999999605,35.18583772020568,3.351032163829114,1.0,2,0.9,0.7,1.1,0.0,0.0,0.0
67.6999999999983,31.949999999999786,35.199999999999605,35.18583772020568,3.351032163829114,1.0,3,1.3,1.1,1.5,0.0,0.0,0.0
67.6999999999983,31.949999999999786,35.199999999999605,35.18583772020568,3.351032163829114,1.0,4,1.7000000000000002,1.5000000000000002,1.9000000000000001,0.0,0.0,0.0
67.6999999999983,31.949999999999786,35.199999999999605,35.18583772020568,3.351032163829114,1.0,5,2.1,1.9000000000000001,2.3000000000000003,0.0,0.0,0.0
67.6999999999983,31.949999999999786,35.199999999999605,35.18583772020568,3.351032163829114,1.0,6,2.5,2.3,2.7,0.0,0.0,0.0
67.6999999999983,31.999999999999787,35.199999999999605,35.18583772020568,3.351032163829114,1.0,1,0.5,0.3,0.7,0.0,0.0,0.0
67.6999999999983,31.999999999999787,35.199999999999605,35.18583772020568,3.351032163829114,1.0,2,0.9,0.7,1.1,0.0,0.0,0.0
67.6999999999983,31.999999999999787,35.199999999999605,35.18583772020568,3.351032163829114,1.0,3,1.3,1.1,1.5,0.0,0.0,0.0
67.6999999999983,31.999999999999787,35.199999999999605,35.18583772020568,3.351032163829114,1.0,4,1.7000000000000002,1.5000000000000002,1.9000000000000001,0.0,0.0,0.0
67.6999999999983,31.999999999999787,35.199999999999605,35.18583772020568,3.351032163829114,1.0,5,2.1,1.9000000000000001,2.3000000000000003,0.0,0.0,0.0
67.6999999999983,31.999999999999787,35.199999999999605,35.18583772020568,3.351032163829114,1.0,6,2.5,2.3,2.7,0.0,0.0,0.0
67.6999999999983,32.049999999999784,35.199999999999605,35.18583772020568,3.351032163829114,1.0,1,0.5,0.3,0.7,0.0,0.0,0.0
67.6999999999983,32.049999999999784,35.199999999999605,35.18583772020568,3.351032163829114,1.0,2,0.9,0.7,1.1,0.0,0.0,0.0
67.6999999999983,32.049999999999784,35.199999999999605,35.18583772020568,3.351032163829114,1.0,3,1.3,1.1,1.5,0.0,0.0,0.0
67.6999999999983,32.049999999999784,35.199999999999605,35.18583772020568,3.351032163829114,1.0,4,1.7000000000000002,1.5000000000000002,1.9000000000000001,0.0,0.0,0.0
67.6999999999983,32.049999999999784,35.199999999999605,35.18583772020568,3.351032163829114,1.0,5,2.1,1.9000000000000001,2.3000000000000003,0.0,0.0,0.0
67.6999999999983,32.049999999999784,35.199999999999605,35.18583772020568,3.351032163829114,1.0,6,2.5,2.3,2.7,0.0,0.0,0.0
67.6999999999983,32.09999999999978,35.199999999999605,35.18583772020568,3.351032163829114,1.0,1,0.5,0.3,0.7,0.0,0.0,0.0
67.6999999999983,32.09999999999978,35.199999999999605,35.18583772020568,3.351032163829114,1.0,2,0.9,0.7,1.1,0.0,0.0,0.0
67.6999999999983,32.09999999999978,35.199999999999605,35.18583772020568,3.351032163829114,1.0,3,1.3,1.1,1.5,0.0,0.0,0.0
67.6999999999983,32.09999999999978,35.199999999999605,35.18583772020568,3.351032163829114,1.0,4,1.7000000000000002,1.5000000000000002,1.9000000000000001,0.0,0.0,0.0
67.6999999999983,32.09999999999978,35.199999999999605,35.18583772020568,3.351032163829114,1.0,5,2.1,1.9000000000000001,2.3000000000000003,0.0,0.0,0.0
67.6999999999983,32.09999999999978,35.199999999999605,35.18583772020568,3.351032163829114,1.0,6,2.5,2.3,2.7,0.0,0.0,0.0
67.6999999999983,32.14999999999978,35.199999999999605,35.18583772020568,3.351032163829114,1.0,1,0.5,0.3,0.7,0.0,0.0,0.0
67.6999999999983,32.14999999999978,35.199999999999605,35.18583772020568,3.351032163829114,1.0,2,0.9,0.7,1.1,0.0,0.0,0.0
67.6999999999983,32.14999999999978,35.199999999999605,35.18583772020568,3.351032163829114,1.0,3,1.3,1.1,1.5,0.0,0.0,0.0
67.6999999999983,32.14999999999978,35.199999999999605,35.18583772020568,3.351032163829114,1.0,4,1.7000000000000002,1.5000000000000002,1.9000000000000001,0.0,0.0,0.0
67.6999999999983,32.14999999999978,35.199999999999605,35.18583772020568,3.351032163829114,1.0,5,2.1,1.9000000000000001,2.3000000000000003,0.0,0.0,0.0
67.6999999999983,32.14999999999978,35.199999999999605,35.18583772020568,3.351032163829114,1.0,6,2.5,2.3,2.7,0.0,0.0,0.0
67.6999999999983,32.199999999999775,35.199999999999605,35.18583772020568,3.351032163829114,1.0,1,0.5,0.3,0.7,0.0,0.0,0.0
67.6999999999983,32.199999999999775,35.199999999999605,35.18583772020568,3.351032163829114,1.0,2,0.9,0.7,1.1,0.0,0.0,0.0
67.6999999999983,32.199999999999775,35.199999999999605,35.18583772020568,3.351032163829114,1.0,3,1.3,1.1,1.5,0.0,0.0,0.0
67.6999999999983,32.199999999999775,35.199999999999605,35.18583772020568,3.351032163829114,1.0,4,1.7000000000000002,1.5000000000000002,1.9000000000000001,0.0,0.0,0.0
67.6999999999983,32.199999999999775,35.199999999999605,35.18583772020568,3.351032163829114,1.0,5,2.1,1.9000000000000001,2.3000000000000003,0.0,0.0,0.0
67.6999999999983,32.199999999999775,35.199999999999605,35.18583772020568,3.351032163829114,1.0,6,2.5,2.3,2.7,0.0,0.0,0.0
67.6999999999983,32.24999999999977,35.199999999999605,35.18583772020568,3.351032163829114,1.0,1,0.5,0.3,0.7,0.0,0.0,0.0
67.6999999999983,32.24999999999977,35.199999999999605,35.18583772020568,3.351032163829114,1.0,2,0.9,0.7,1.1,0.0,0.0,0.0
67.6999999999983,32.24999999999977,35.199999999999605,35.18583772020568,3.351032163829114,1.0,3,1.3,1.1,1.5,0.0,0.0,0.0
67.6999999999983,32.24999999999977,35.199999999999605,35.18583772020568,3.351032163829114,1.0,4,1.7000000000000002,1.5000000000000002,1.9000000000000001,0.0,0.0,0.0
67.6999999999983,32.24999999999977,35.199999999999605,35.18583772020568,3.351032163829114,1.0,5,2.1,1.9000000000000001,2.3000000000000003,0.0,0.0,0.0
67.6999999999983,32.24999999999977,35.199999999999605,35.18583772020568,3.351032163829114,1.0,6,2.5,2.3,2.7,0.0,0.0,0.0
68.14999999999827,32.29999999999977,35.64999999999958,35.60471674068432,3.3510321638291103,1.0,1,0.5,0.3,0.7,0.0,0.0,0.0
68.14999999999827,32.29999999999977,35.64999999999958,35.60471674068432,3.3510321638291103,1.0,2,0.9,0.7,1.1,0.0,0.0,0.0
68.14999999999827,32.29999999999977,35.64999999999958,35.60471674068432,3.3510321638291103,1.0,3,1.3,1.1,1.5,0.0,0.0,0.0
68.14999999999827,32.29999999999977,35.64999999999958,35.60471674068432,3.3510321638291103,1.0,4,1.7000000000000002,1.5000000000000002,1.9000000000000001,0.0,0.0,0.0
68.14999999999827,32.29999999999977,35.64999999999958,35.60471674068432,3.3510321638291103,1.0,5,2.1,1.9000000000000001,2.3000000000000003,0.0,0.0,0.0
68.14999999999827,32.29999999999977,35.64999999999958,35.60471674068432,3.3510321638291103,1.0,6,2.5,2.3,2.7,0.0,0.0,0.0
68.14999999999827,32.34999999999977,35.64999999999958,35.60471674068432,3.3510321638291103,1.0,1,0.5,0.3,0.7,0.0,0.0,0.0
68.14999999999827,32.34999999999977,35.64999999999958,35.60471674068432,3.3510321638291103,1.0,2,0.9,0.7,1.1,0.0,0.0,0.0
68.14999999999827,32.34999999999977,35.64999999999958,35.60471674068432,3.3510321638291103,1.0,3,1.3,1.1,1.5,0.0,0.0,0.0
68.14999999999827,32.34999999999977,35.64999999999958,35.60471674068432,3.3510321638291103,1.0,4,1.7000000000000002,1.5000000000000002,1.9000000000000001,0.0,0.0,0.0
68.14999999999827,32.34999999999977,35.64999999999958,35.60471674068432,3.3510321638291103,1.0,5,2.1,1.9000000000000001,2.3000000000000003,0.0,0.0,0.0
68.14999999999827,32.34999999999977,35.64999999999958,35.60471674068432,3.3510321638291103,1.0,6,2.5,2.3,2.7,0.0,0.0,0.0
68.14999999999827,32.399999999999764,35.64999999999958,35.60471674068432,3.3510321638291103,1.0,1,0.5,0.3,0.7,0.0,0.0,0.0
68.14999999999827,32.399999999999764,35.64999999999958,35.60471674068432,3.3510321638291103,1.0,2,0.9,0.7,1.1,0.0,0.0,0.0
68.14999999999827,32.399999999999764,35.64999999999958,35.60471674068432,3.3510321638291103,1.0,3,1.3,1.1,1.5,0.0,0.0,0.0
68.14999999999827,32.399999999999764,35.64999999999958,35.60471674068432,3.3510321638291103,1.0,4,1.7000000000000002,1.5000000000000002,1.9000000000000001,0.0,0.0,0.0
68.14999999999827,32.399999999999764,35.64999999999958,35.60471674068432,3.3510321638291103,1.0,5,2.1,1.9000000000000001,2.3000000000000003,0.0,0.0,0.0
68.14999999999827,32.399999999999764,35.64999999999958,35.60471674068432,3.3510321638291103,1.0,6,2.5,2.3,2.7,0.0,0.0,0.0
68.14999999999827,32.44999999999976,35.64999999999958,35.60471674068432,3.3510321638291103,1.0,1,0.5,0.3,0.7,0.0,0.0,0.0
68.14999999999827,32.44999999999976,35.64999999999958,35.60471674068432,3.3510321638291103,1.0,2,0.9,0.7,1.1,0.0,0.0,0.0
68.14999999999827,32.44999999999976,35.64999999999958,35.60471674068432,3.3510321638291103,1.0,3,1.3,1.1,1.5,0.0,0.0,0.0
68.14999999999827,32.44999999999976,35.64999999999958,35.60471674068432,3.3510321638291103,1.0,4,1.7000000000000002,1.5000000000000002,1.9000000000000001,0.0,0.0,0.0
68.14999999999827,32.44999999999976,35.64999999999958,35.60471674068432,3.3510321638291103,1.0,5,2.1,1.9000000000000001,2.3000000000000003,0.0,0.0,0.0
68.14999999999827,32.44999999999976,35.64999999999958,35.60471674068432,3.3510321638291103,1.0,6,2.5,2.3,2.7,0.0,0.0,0.0
68.14999999999827,32.49999999999976,35.64999999999958,35.60471674068432,3.3510321638291103,1.0,1,0.5,0.3,0.7,0.0,0.0,0.0
68.14999999999827,32.49999999999976,35.64999999999958,35.60471674068432,3.3510321638291103,1.0,2,0.9,0.7,1.1,0.0,0.0,0.0
68.14999999999827,32.49999999999976,35.64999999999958,35.60471674068432,3.3510321638291103,1.0,3,1.3,1.1,1.5,0.0,0.0,0.0
68.14999999999827,32.49999999999976,35.64999999999958,35.60471674068432,3.3510321638291103,1.0,4,1.7000000000000002,1.5000000000000002,1.9000000000000001,0.0,0.0,0.0
68.14999999999827,32.49999999999976,35.64999999999958,35.60471674068432,3.3510321638291103,1.0,5,2.1,1.9000000000000001,2.3000000000000003,0.0,0.0,0.0
68.14999999999827,32.49999999999976,35.64999999999958,35.60471674068432,3.3510321638291103,1.0,6,2.5,2.3,2.7,0.0,0.0,0.0
68.14999999999827,32.549999999999756,35.64999999999958,35.60471674068432,3.3510321638291103,1.0,1,0.5,0.3,0.7,0.0,0.0,0.0
68.14999999999827,32.549999999999756,35.64999999999958,35.60471674068432,3.3510321638291103,1.0,2,0.9,0.7,1.1,0.0,0.0,0.0
68.14999999999827,32.549999999999756,35.64999999999958,35.60471674068432,3.3510321638291103,1.0,3,1.3,1.1,1.5,0.0,0.0,0.0
68.14999999999827,32.549999999999756,35.64999999999958,35.60471674068432,3.3510321638291103,1.0,4,1.7000000000000002,1.5000000000000002,1.9000000000000001,0.0,0.0,0.0
68.14999999999827,32.549999999999756,35.64999999999958,35.60471674068432,3.3510321638291103,1.0,5,2.1,1.9000000000000001,2.3000000000000003,0.0,0.0,0.0
68.14999999999827,32.549999999999756,35.64999999999958,35.60471674068432,3.3510321638291103,1.0,6,2.5,2.3,2.7,0.0,0.0,0.0
68.14999999999827,32.59999999999975,35.64999999999958,35.60471674068432,3.3510321638291103,1.0,1,0.5,0.3,0.7,0.0,0.0,0.0
68.14999999999827,32.59999999999975,35.64999999999958,35.60471674068432,3.3510321638291103,1.0,2,0.9,0.7,1.1,0.0,0.0,0.0
68.14999999999827,32.59999999999975,35.64999999999958,35.60471674068432,3.3510321638291103,1.0,3,1.3,1.1,1.5,0.0,0.0,0.0
68.14999999999827,32.59999999999975,35.64999999999958,35.60471674068432,3.3510321638291103,1.0,4,1.7000000000000002,1.5000000000000002,1.9000000000000001,0.0,0.0,0.0
68.14999999999827,32.59999999999975,35.64999999999958,35.60471674068432,3.3510321638291103,1.0,5,2.1,1.9000000000000001,2.3000000000000003,0.0,0.0,0.0
68.14999999999827,32.59999999999975,35.64999999999958,35.60471674068432,3.3510321638291103,1.0,6,2.5,2.3,2.7,0.0,0.0,0.0
68.14999999999827,32.64999999999975,35.64999999999958,35.60471674068432,3.3510321638291103,1.0,1,0.5,0.3,0.7,0.0,0.0,0.0
68.14999999999827,32.64999999999975,35.64999999999958,35.60471674068432,3.3510321638291103,1.0,2,0.9,0.7,1.1,0.0,0.0,0.0
68.14999999999827,32.64999999999975,35.64999999999958,35.60471674068432,3.3510321638291103,1.0,3,1.3,1.1,1.5,0.0,0.0,0.0
68.14999999999827,32.64999999999975,35.64999999999958,35.60471674068432,3.3510321638291103,1.0,4,1.7000000000000002,1.5000000000000002,1.9000000000000001,0.0,0.0,0.0
68.14999999999827,32.64999999999975,35.64999999999958,35.60471674068432,3.3510321638291103,1.0,5,2.1,1.9000000000000001,2.3000000000000003,0.0,0.0,0.0
68.14999999999827,32.64999999999975,35.64999999999958,35.60471674068432,3.3510321638291103,1.0,6,2.5,2.3,2.7,0.0,0.0,0.0
68.54999999999825,32.69999999999975,36.04999999999956,36.02359576116296,3.3510321638291103,1.0,1,0.5,0.3,0.7,0.0,0.0,0.0
68.54999999999825,32.69999999999975,36.04999999999956,36.02359576116296,3.3510321638291103,1.0,2,0.9,0.7,1.1,0.0,0.0,0.0
68.54999999999825,32.69999999999975,36.04999999999956,36.02359576116296,3.3510321638291103,1.0,3,1.3,1.1,1.5,0.0,0.0,0.0
68.54999999999825,32.69999999999975,36.04999999999956,36.02359576116296,3.3510321638291103,1.0,4,1.7000000000000002,1.5000000000000002,1.9000000000000001,0.0,0.0,0.0
68.54999999999825,32.69999999999975,36.04999999999956,36.02359576116296,3.3510321638291103,1.0,5,2.1,1.9000000000000001,2.3000000000000003,0.0,0.0,0.0
68.54999999999825,32.69999999999975,36.04999999999956,36.02359576116296,3.3510321638291103,1.0,6,2.5,2.3,2.7,0.0,0.0,0.0
68.54999999999825,32.749999999999744,36.04999999999956,36.02359576116296,3.3510321638291103,1.0,1,0.5,0.3,0.7,0.0,0.0,0.0
68.54999999999825,32.749999999999744,36.04999999999956,36.02359576116296,3.3510321638291103,1.0,2,0.9,0.7,1.1,0.0,0.0,0.0
68.54999999999825,32.749999999999744,36.04999999999956,36.02359576116296,3.3510321638291103,1.0,3,1.3,1.1,1.5,0.0,0.0,0.0
68.54999999999825,32.749999999999744,36.04999999999956,36.02359576116296,3.3510321638291103,1.0,4,1.7000000000000002,1.5000000000000002,1.9000000000000001,0.0,0.0,0.0
68.54999999999825,32.749999999999744,36.04999999999956,36.02359576116296,3.3510321638291103,1.0,5,2.1,1.9000000000000001,2.3000000000000003,0.0,0.0,0.0
68.54999999999825,32.749999999999744,36.04999999999956,36.02359576116296,3.3510321638291103,1.0,6,2.5,2.3,2.7,0.0,0.0,0.0
68.54999999999825,32.79999999999974,36.04999999999956,36.02359576116296,3.3510321638291103,1.0,1,0.5,0.3,0.7,0.0,0.0,0.0
68.54999999999825,32.79999999999974,36.04999999999956,36.02359576116296,3.3510321638291103,1.0,2,0.9,0.7,1.1,0.0,0.0,0.0
68.54999999999825,32.79999999999974,36.04999999999956,36.02359576116296,3.3510321638291103,1.0,3,1.3,1.1,1.5,0.0,0.0,0.0
68.54999999999825,32.79999999999974,36.04999999999956,36.02359576116296,3.3510321638291103,1.0,4,1.7000000000000002,1.5000000000000002,1.9000000000000001,0.0,0.0,0.0
68.54999999999825,32.79999999999974,36.04999999999956,36.02359576116296,3.3510321638291103,1.0,5,2.1,1.9000000000000001,2.3000000000000003,0.0,0.0,0.0
68.54999999999825,32.79999999999974,36.04999999999956,36.02359576116296,3.3510321638291103,1.0,6,2.5,2.3,2.7,0.0,0.0,0.0
68.54999999999825,32.84999999999974,36.04999999999956,36.02359576116296,3.3510321638291103,1.0,1,0.5,0.3,0.7,0.0,0.0,0.0
68.54999999999825,32.84999999999974,36.04999999999956,36.02359576116296,3.3510321638291103,1.0,2,0.9,0.7,1.1,0.027777777777777776,0.014166666666666666,15.0
68.54999999999825,32.84999999999974,36.04999999999956,36.02359576116296,3.3510321638291103,1.0,3,1.3,1.1,1.5,0.1,0.051000000000000004,15.0
68.54999999999825,32.84999999999974,36.04999999999956,36.02359576116296,3.3510321638291103,1.0,4,1.7000000000000002,1.5000000000000002,1.9000000000000001,0.06666666666666667,0.034,15.0
68.54999999999825,32.84999999999974,36.04999999999956,36.02359576116296,3.3510321638291103,1.0,5,2.1,1.9000000000000001,2.3000000000000003,0.10869565217391304,0.05543478260869565,15.0
68.54999999999825,32.84999999999974,36.04999999999956,36.02359576116296,3.3510321638291103,1.0,6,2.5,2.3,2.7,0.06976744186046512,0.03558139534883721,15.0
68.54999999999825,32.899999999999736,36.04999999999956,36.02359576116296,3.3510321638291103,1.0,1,0.5,0.3,0.7,0.0,0.0,0.0
68.54999999999825,32.899999999999736,36.04999999999956,36.02359576116296,3.3510321638291103,1.0,2,0.9,0.7,1.1,0.1111111111111111,0.056666666666666664,15.0
68.54999999999825,32.899999999999736,36.04999999999956,36.02359576116296,3.3510321638291103,1.0,3,1.3,1.1,1.5,0.25,0.1275,15.9375
68.54999999999825,32.899999999999736,36.04999999999956,36.02359576116296,3.3510321638291103,1.0,4,1.7000000000000002,1.5000000000000002,1.9000000000000001,0.17777777777777778,0.09066666666666667,15.0
68.54999999999825,32.899999999999736,36.04999999999956,36.02359576116296,3.3510321638291103,1.0,5,2.1,1.9000000000000001,2.3000000000000003,0.21739130434782608,0.1108695652173913,15.0
68.54999999999825,32.899999999999736,36.04999999999956,36.02359576116296,3.3510321638291103,1.0,6,2.5,2.3,2.7,0.16279069767441862,0.08302325581395349,15.0
68.54999999999825,32.94999999999973,36.04999999999956,36.02359576116296,3.3510321638291103,1.0,1,0.5,0.3,0.7,0.0,0.0,0.0
68.54999999999825,32.94999999999973,36.04999999999956,36.02359576116296,3.3510321638291103,1.0,2,0.9,0.7,1.1,0.1111111111111111,0.056666666666666664,15.0
68.54999999999825,32.94999999999973,36.04999999999956,36.02359576116296,3.3510321638291103,1.0,3,1.3,1.1,1.5,0.2,0.10200000000000001,15.0
68.54999999999825,32.94999999999973,36.04999999999956,36.02359576116296,3.3510321638291103,1.0,4,1.7000000000000002,1.5000000000000002,1.9000000000000001,0.24444444444444444,0.12466666666666666,15.583333333333332
68.54999999999825,32.94999999999973,36.04999999999956,36.02359576116296,3.3510321638291103,1.0,5,2.1,1.9000000000000001,2.3000000000000003,0.30434782608695654,0.15521739130434783,19.402173913043477
68.54999999999825,32.94999999999973,36.04999999999956,36.02359576116296,3.3510321638291103,1.0,6,2.5,2.3,2.7,0.32558139534883723,0.16604651162790698,20.75581395348837
68.54999999999825,32.99999999999973,36.04999999999956,36.02359576116296,3.3510321638291103,1.0,1,0.5,0.3,0.7,0.0,0.0,0.0
68.54999999999825,32.99999999999973,36.04999999999956,36.02359576116296,3.3510321638291103,1.0,2,0.9,0.7,1.1,0.1388888888888889,0.07083333333333333,15.0
68.54999999999825,32.99999999999973,36.04999999999956,36.02359576116296,3.3510321638291103,1.0,3,1.3,1.1,1.5,0.275,0.14025,17.53125
68.54999999999825,32.99999999999973,36.04999999999956,36.02359576116296,3.3510321638291103,1.0,4,1.7000000000000002,1.5000000000000002,1.9000000000000001,0.28888888888888886,0.14733333333333332,18.41666666666666
68.54999999999825,32.99999999999973,36.04999999999956,36.02359576116296,3.3510321638291103,1.0,5,2.1,1.9000000000000001,2.3000000000000003,0.3695652173913043,0.1884782608695652,23.55978260869565
68.54999999999825,32.99999999999973,36.04999999999956,36.02359576116296,3.3510321638291103,1.0,6,2.5,2.3,2.7,0.2558139534883721,0.1304651162790698,16.308139534883722
68.54999999999825,33.04999999999973,36.04999999999956,36.02359576116296,3.3510321638291103,1.0,1,0.5,0.3,0.7,0.0,0.0,0.0
68.54999999999825,33.04999999999973,36.04999999999956,36.02359576116296,3.3510321638291103,1.0,2,0.9,0.7,1.1,0.16666666666666666,0.08499999999999999,15.0
68.54999999999825,33.04999999999973,36.04999999999956,36.02359576116296,3.3510321638291103,1.0,3,1.3,1.1,1.5,0.35,0.1785,22.312499999999996
68.54999999999825,33.04999999999973,36.04999999999956,36.02359576116296,3.3510321638291103,1.0,4,1.7000000000000002,1.5000000000000002,1.9000000000000001,0.3111111111111111,0.15866666666666668,19.833333333333332
68.54999999999825,33.04999999999973,36.04999999999956,36.02359576116296,3.3510321638291103,1.0,5,2.1,1.9000000000000001,2.3000000000000003,0.3695652173913043,0.1884782608695652,23.55978260869565
68.54999999999825,33.04999999999973,36.04999999999956,36.02359576116296,3.3510321638291103,1.0,6,2.5,2.3,2.7,0.27906976744186046,0.14232558139534884,17.790697674418603
68.94999999999823,33.099999999999724,36.449999999999534,36.4424747816416,3.3510321638291174,1.0,1,0.5,0.3,0.7,0.0,0.0,0.0
68.94999999999823,33.099999999999724,36.449999999999534,36.4424747816416,3.3510321638291174,1.0,2,0.9,0.7,1.1,0.16666666666666666,0.08499999999999999,15.0
68.94999999999823,33.099999999999724,36.449999999999534,36.4424747816416,3.3510321638291174,1.0,3,1.3,1.1,1.5,0.175,0.08925,15.0
68.94999999999823,33.099999999999724,36.449999999999534,36.4424747816416,3.3510321638291174,1.0,4,1.7000000000000002,1.5000000000000002,1.9000000000000001,0.15555555555555556,0.07933333333333334,15.0
68.94999999999823,33.099999999999724,36.449999999999534,36.4424747816416,3.3510321638291174,1.0,5,2.1,1.9000000000000001,2.3000000000000003,0.2391304347826087,0.12195652173913044,15.244565217391303
68.94999999999823,33.099999999999724,36.449999999999534,36.4424747816416,3.3510321638291174,1.0,6,2.5,2.3,2.7,0.20930232558139536,0.10674418604651163,15.0
68.94999999999823,33.14999999999972,36.449999999999534,36.4424747816416,3.3510321638291174,1.0,1,0.5,0.3,0.7,0.0,0.0,0.0
68.94999999999823,33.14999999999972,36.449999999999534,36.4424747816416,3.3510321638291174,1.0,2,0.9,0.7,1.1,0.05555555555555555,0.028333333333333332,15.0
68.94999999999823,33.14999999999972,36.449999999999534,36.4424747816416,3.3510321638291174,1.0,3,1.3,1.1,1.5,0.075,0.03825,15.0
68.94999999999823,33.14999999999972,36.449999999999534,36.4424747816416,3.3510321638291174,1.0,4,1.7000000000000002,1.5000000000000002,1.9000000000000001,0.1111111111111111,0.056666666666666664,15.0
68.94999999999823,33.14999999999972,36.449999999999534,36.4424747816416,3.3510321638291174,1.0,5,2.1,1.9000000000000001,2.3000000000000003,0.13043478260869565,0.06652173913043478,15.0
68.94999999999823,33.14999999999972,36.449999999999534,36.4424747816416,3.3510321638291174,1.0,6,2.5,2.3,2.7,0.13953488372093023,0.07116279069767442,15.0
68.94999999999823,33.19999999999972,36.449999999999534,36.4424747816416,3.3510321638291174,1.0,1,0.5,0.3,0.7,0.0,0.0,0.0
68.94999999999823,33.19999999999972,36.449999999999534,36.4424747816416,3.3510321638291174,1.0,2,0.9,0.7,1.1,0.0,0.0,0.0
68.94999999999823,33.19999999999972,36.449999999999534,36.4424747816416,3.3510321638291174,1.0,3,1.3,1.1,1.5,0.0,0.0,0.0
68.94999999999823,33.19999999999972,36.449999999999534,36.4424747816416,3.3510321638291174,1.0,4,1.7000000000000002,1.5000000000000002,1.9000000000000001,0.0,0.0,0.0
68.94999999999823,33.19999999999972,36.449999999999534,36.4424747816416,3.3510321638291174,1.0,5,2.1,1.9000000000000001,2.3000000000000003,0.0,0.0,0.0
68.94999999999823,33.19999999999972,36.449999999999534,36.4424747816416,3.3510321638291174,1.0,6,2.5,2.3,2.7,0.0,0.0,0.0
68.94999999999823,33.249999999999716,36.449999999999534,36.4424747816416,3.3510321638291174,1.0,1,0.5,0.3,0.7,0.0,0.0,0.0
68.94999999999823,33.249999999999716,36.449999999999534,36.4424747816416,3.3510321638291174,1.0,2,0.9,0.7,1.1,0.0,0.0,0.0
68.94999999999823,33.249999999999716,36.449999999999534,36.4424747816416,3.3510321638291174,1.0,3,1.3,1.1,1.5,0.0,0.0,0.0
68.94999999999823,33.249999999999716,36.449999999999534,36.4424747816416,3.3510321638291174,1.0,4,1.7000000000000002,1.5000000000000002,1.9000000000000001,0.0,0.0,0.0
68.94999999999823,33.249999999999716,36.449999999999534,36.4424747816416,3.3510321638291174,1.0,5,2.1,1.9000000000000001,2.3000000000000003,0.0,0.0,0.0
68.94999999999823,33.249999999999716,36.449999999999534,36.4424747816416,3.3510321638291174,1.0,6,2.5,2.3,2.7,0.0,0.0,0.0
68.94999999999823,33.29999999999971,36.449999999999534,36.4424747816416,3.3510321638291174,1.0,1,0.5,0.3,0.7,0.0,0.0,0.0
68.94999999999823,33.29999999999971,36.449999999999534,36.4424747816416,3.3510321638291174,1.0,2,0.9,0.7,1.1,0.0,0.0,0.0
68.94999999999823,33.29999999999971,36.449999999999534,36.4424747816416,3.3510321638291174,1.0,3,1.3,1.1,1.5,0.0,0.0,0.0
68.94999999999823,33.29999999999971,36.449999999999534,36.4424747816416,3.3510321638291174,1.0,4,1.7000000000000002,1.5000000000000002,1.9000000000000001,0.0,0.0,0.0
68.94999999999823,33.29999999999971,36.449999999999534,36.4424747816416,3.3510321638291174,1.0,5,2.1,1.9000000000000001,2.3000000000000003,0.0,0.0,0.0
68.94999999999823,33.29999999999971,36.449999999999534,36.4424747816416,3.3510321638291174,1.0,6,2.5,2.3,2.7,0.0,0.0,0.0
68.94999999999823,33.34999999999971,36.449999999999534,36.4424747816416,3.3510321638291174,1.0,1,0.5,0.3,0.7,0.0,0.0,0.0
68.94999999999823,33.34999999999971,36.449999999999534,36.4424747816416,3.3510321638291174,1.0,2,0.9,0.7,1.1,0.0,0.0,0.0
68.94999999999823,33.34999999999971,36.449999999999534,36.4424747816416,3.3510321638291174,1.0,3,1.3,1.1,1.5,0.0,0.0,0.0
68.94999999999823,33.34999999999971,36.449999999999534,36.4424747816416,3.3510321638291174,1.0,4,1.7000000000000002,1.5000000000000002,1.9000000000000001,0.0,0.0,0.0
68.94999999999823,33.34999999999971,36.449999999999534,36.4424747816416,3.3510321638291174,1.0,5,2.1,1.9000000000000001,2.3000000000000003,0.0,0.0,0.0
68.94999999999823,33.34999999999971,36.449999999999534,36.4424747816416,3.3510321638291174,1.0,6,2.5,2.3,2.7,0.0,0.0,0.0
68.94999999999823,33.39999999999971,36.449999999999534,36.4424747816416,3.3510321638291174,1.0,1,0.5,0.3,0.7,0.0,0.0,0.0
68.94999999999823,33.39999999999971,36.449999999999534,36.4424747816416,3.3510321638291174,1.0,2,0.9,0.7,1.1,0.0,0.0,0.0
68.94999999999823,33.39999999999971,36.449999999999534,36.4424747816416,3.3510321638291174,1.0,3,1.3,1.1,1.5,0.0,0.0,0.0
68.94999999999823,33.39999999999971,36.449999999999534,36.4424747816416,3.3510321638291174,1.0,4,1.7000000000000002,1.5000000000000002,1.9000000000000001,0.0,0.0,0.0
68.94999999999823,33.39999999999971,36.449999999999534,36.4424747816416,3.3510321638291174,1.0,5,2.1,1.9000000000000001,2.3000000000000003,0.0,0.0,0.0
68.94999999999823,33.39999999999971,36.449999999999534,36.4424747816416,3.3510321638291174,1.0,6,2.5,2.3,2.7,0.0,0.0,0.0
68.94999999999823,33.449999999999704,36.449999999999534,36.4424747816416,3.3510321638291174,1.0,1,0.5,0.3,0.7,0.0,0.0,0.0
68.94999999999823,33.449999999999704,36.449999999999534,36.4424747816416,3.3510321638291174,1.0,2,0.9,0.7,1.1,0.0,0.0,0.0
68.94999999999823,33.449999999999704,36.449999999999534,36.4424747816416,3.3510321638291174,1.0,3,1.3,1.1,1.5,0.0,0.0,0.0
68.94999999999823,33.449999999999704,36.449999999999534,36.4424747816416,3.3510321638291174,1.0,4,1.7000000000000002,1.5000000000000002,1.9000000000000001,0.0,0.0,0.0
68.94999999999823,33.449999999999704,36.449999999999534,36.4424747816416,3.3510321638291174,1.0,5,2.1,1.9000000000000001,2.3000000000000003,0.0,0.0,0.0
68.94999999999823,33.449999999999704,36.449999999999534,36.4424747816416,3.3510321638291174,1.0,6,2.5,2.3,2.7,0.0,0.0,0.0
68.94999999999823,33.4999999999997,36.449999999999534,36.4424747816416,3.3510321638291174,1.0,1,0.5,0.3,0.7,0.0,0.0,0.0
68.94999999999823,33.4999999999997,36.449999999999534,36.4424747816416,3.3510321638291174,1.0,2,0.9,0.7,1.1,0.0,0.0,0.0
68.94999999999823,33.4999999999997,36.449999999999534,36.4424747816416,3.3510321638291174,1.0,3,1.3,1.1,1.5,0.0,0.0,0.0
68.94999999999823,33.4999999999997,36.449999999999534,36.4424747816416,3.3510321638291174,1.0,4,1.7000000000000002,1.5000000000000002,1.9000000000000001,0.0,0.0,0.0
68.94999999999823,33.4999999999997,36.449999999999534,36.4424747816416,3.3510321638291174,1.0,5,2.1,1.9000000000000001,2.3000000000000003,0.0,0.0,0.0
68.94999999999823,33.4999999999997,36.449999999999534,36.4424747816416,3.3510321638291174,1.0,6,2.5,2.3,2.7,0.0,0.0,0.0
69.3999999999982,33.5499999999997,36.89999999999951,36.861353802120234,3.3510321638291103,1.0,1,0.5,0.3,0.7,0.0,0.0,0.0
69.3999999999982,33.5499999999997,36.89999999999951,36.861353802120234,3.3510321638291103,1.0,2,0.9,0.7,1.1,0.0,0.0,0.0
69.3999999999982,33.5499999999997,36.89999999999951,36.861353802120234,3.3510321638291103,1.0,3,1.3,1.1,1.5,0.0,0.0,0.0
69.3999999999982,33.5499999999997,36.89999999999951,36.861353802120234,3.3510321638291103,1.0,4,1.7000000000000002,1.5000000000000002,1.9000000000000001,0.0,0.0,0.0
69.3999999999982,33.5499999999997,36.89999999999951,36.861353802120234,3.3510321638291103,1.0,5,2.1,1.9000000000000001,2.3000000000000003,0.0,0.0,0.0
69.3999999999982,33.5499999999997,36.89999999999951,36.861353802120234,3.3510321638291103,1.0,6,2.5,2.3,2.7,0.0,0.0,0.0
69.3999999999982,33.599999999999696,36.89999999999951,36.861353802120234,3.3510321638291103,1.0,1,0.5,0.3,0.7,0.0,0.0,0.0
69.3999999999982,33.599999999999696,36.89999999999951,36.861353802120234,3.3510321638291103,1.0,2,0.9,0.7,1.1,0.0,0.0,0.0
69.3999999999982,33.599999999999696,36.89999999999951,36.861353802120234,3.3510321638291103,1.0,3,1.3,1.1,1.5,0.0,0.0,0.0
69.3999999999982,33.599999999999696,36.89999999999951,36.861353802120234,3.3510321638291103,1.0,4,1.7000000000000002,1.5000000000000002,1.9000000000000001,0.0,0.0,0.0
69.3999999999982,33.599999999999696,36.89999999999951,36.861353802120234,3.3510321638291103,1.0,5,2.1,1.9000000000000001,2.3000000000000003,0.0,0.0,0.0
69.3999999999982,33.599999999999696,36.89999999999951,36.861353802120234,3.3510321638291103,1.0,6,2.5,2.3,2.7,0.0,0.0,0.0
69.3999999999982,33.64999999999969,36.89999999999951,36.861353802120234,3.3510321638291103,1.0,1,0.5,0.3,0.7,0.0,0.0,0.0
69.3999999999982,33.64999999999969,36.89999999999951,36.861353802120234,3.3510321638291103,1.0,2,0.9,0.7,1.1,0.0,0.0,0.0
69.3999999999982,33.64999999999969,36.89999999999951,36.861353802120234,3.3510321638291103,1.0,3,1.3,1.1,1.5,0.0,0.0,0.0
69.3999999999982,33.64999999999969,36.89999999999951,36.861353802120234,3.3510321638291103,1.0,4,1.7000000000000002,1.5000000000000002,1.9000000000000001,0.0,0.0,0.0
69.3999999999982,33.64999999999969,36.89999999999951,36.861353802120234,3.3510321638291103,1.0,5,2.1,1.9000000000000001,2.3000000000000003,0.0,0.0,0.0
69.3999999999982,33.64999999999969,36.89999999999951,36.861353802120234,3.3510321638291103,1.0,6,2.5,2.3,2.7,0.0,0.0,0.0
69.3999999999982,33.69999999999969,36.89999999999951,36.861353802120234,3.3510321638291103,1.0,1,0.5,0.3,0.7,0.0,0.0,0.0
69.3999999999982,33.69999999999969,36.89999999999951,36.861353802120234,3.3510321638291103,1.0,2,0.9,0.7,1.1,0.0,0.0,0.0
69.3999999999982,33.69999999999969,36.89999999999951,36.861353802120234,3.3510321638291103,1.0,3,1.3,1.1,1.5,0.0,0.0,0.0
69.3999999999982,33.69999999999969,36.89999999999951,36.861353802120234,3.3510321638291103,1.0,4,1.7000000000000002,1.5000000000000002,1.9000000000000001,0.0,0.0,0.0
69.3999999999982,33.69999999999969,36.89999999999951,36.861353802120234,3.3510321638291103,1.0,5,2.1,1.9000000000000001,2.3000000000000003,0.0,0.0,0.0
69.3999999999982,33.69999999999969,36.89999999999951,36.861353802120234,3.3510321638291103,1.0,6,2.5,2.3,2.7,0.0,0.0,0.0
69.3999999999982,33.74999999999969,36.89999999999951,36.861353802120234,3.3510321638291103,1.0,1,0.5,0.3,0.7,0.0,0.0,0.0
69.3999999999982,33.74999999999969,36.89999999999951,36.861353802120234,3.3510321638291103,1.0,2,0.9,0.7,1.1,0.0,0.0,0.0
69.3999999999982,33.74999999999969,36.89999999999951,36.861353802120234,3.3510321638291103,1.0,3,1.3,1.1,1.5,0.0,0.0,0.0
69.3999999999982,33.74999999999969,36.89999999999951,36.861353802120234,3.3510321638291103,1.0,4,1.7000000000000002,1.5000000000000002,1.9000000000000001,0.0,0.0,0.0
69.3999999999982,33.74999999999969,36.89999999999951,36.861353802120234,3.3510321638291103,1.0,5,2.1,1.9000000000000001,2.3000000000000003,0.0,0.0,0.0
69.3999999999982,33.74999999999969,36.89999999999951,36.861353802120234,3.3510321638291103,1.0,6,2.5,2.3,2.7,0.0,0.0,0.0
69.3999999999982,33.799999999999685,36.89999999999951,36.861353802120234,3.3510321638291103,1.0,1,0.5,0.3,0.7,0.0,0.0,0.0
69.3999999999982,33.799999999999685,36.89999999999951,36.861353802120234,3.3510321638291103,1.0,2,0.9,0.7,1.1,0.0,0.0,0.0
69.3999999999982,33.799999999999685,36.89999999999951,36.861353802120234,3.3510321638291103,1.0,3,1.3,1.1,1.5,0.0,0.0,0.0
69.3999999999982,33.799999999999685,36.89999999999951,36.861353802120234,3.3510321638291103,1.0,4,1.7000000000000002,1.5000000000000002,1.9000000000000001,0.0,0.0,0.0
69.3999999999982,33.799999999999685,36.89999999999951,36.861353802120234,3.3510321638291103,1.0,5,2.1,1.9000000000000001,2.3000000000000003,0.0,0.0,0.0
69.3999999999982,33.799999999999685,36.89999999999951,36.861353802120234,3.3510321638291103,1.0,6,2.5,2.3,2.7,0.0,0.0,0.0
69.3999999999982,33.84999999999968,36.89999999999951,36.861353802120234,3.3510321638291103,1.0,1,0.5,0.3,0.7,0.0,0.0,0.0
69.3999999999982,33.84999999999968,36.89999999999951,36.861353802120234,3.3510321638291103,1.0,2,0.9,0.7,1.1,0.0,0.0,0.0
69.3999999999982,33.84999999999968,36.89999999999951,36.861353802120234,3.3510321638291103,1.0,3,1.3,1.1,1.5,0.0,0.0,0.0
69.3999999999982,33.84999999999968,36.89999999999951,36.861353802120234,3.3510321638291103,1.0,4,1.7000000000000002,1.5000000000000002,1.9000000000000001,0.0,0.0,0.0
69.3999999999982,33.84999999999968,36.89999999999951,36.861353802120234,3.3510321638291103,1.0,5,2.1,1.9000000000000001,2.3000000000000003,0.0,0.0,0.0
69.3999999999982,33.84999999999968,36.89999999999951,36.861353802120234,3.3510321638291103,1.0,6,2.5,2.3,2.7,0.0,0.0,0.0
69.3999999999982,33.89999999999968,36.89999999999951,36.861353802120234,3.3510321638291103,1.0,1,0.5,0.3,0.7,0.0,0.0,0.0
69.3999999999982,33.89999999999968,36.89999999999951,36.861353802120234,3.3510321638291103,1.0,2,0.9,0.7,1.1,0.0,0.0,0.0
69.3999999999982,33.89999999999968,36.89999999999951,36.861353802120234,3.3510321638291103,1.0,3,1.3,1.1,1.5,0.0,0.0,0.0
69.3999999999982,33.89999999999968,36.89999999999951,36.861353802120234,3.3510321638291103,1.0,4,1.7000000000000002,1.5000000000000002,1.9000000000000001,0.0,0.0,0.0
69.3999999999982,33.89999999999968,36.89999999999951,36.861353802120234,3.3510321638291103,1.0,5,2.1,1.9000000000000001,2.3000000000000003,0.0,0.0,0.0
69.3999999999982,33.89999999999968,36.89999999999951,36.861353802120234,3.3510321638291103,1.0,6,2.5,2.3,2.7,0.0,0.0,0.0
69.79999999999818,33.949999999999676,37.299999999999486,37.280232822598876,3.3510321638291103,1.0,1,0.5,0.3,0.7,0.0,0.0,0.0
69.79999999999818,33.949999999999676,37.299999999999486,37.280232822598876,3.3510321638291103,1.0,2,0.9,0.7,1.1,0.0,0.0,0.0
69.79999999999818,33.949999999999676,37.299999999999486,37.280232822598876,3.3510321638291103,1.0,3,1.3,1.1,1.5,0.0,0.0,0.0
69.79999999999818,33.949999999999676,37.299999999999486,37.280232822598876,3.3510321638291103,1.0,4,1.7000000000000002,1.5000000000000002,1.9000000000000001,0.0,0.0,0.0
69.79999999999818,33.949999999999676,37.299999999999486,37.280232822598876,3.3510321638291103,1.0,5,2.1,1.9000000000000001,2.3000000000000003,0.0,0.0,0.0
69.79999999999818,33.949999999999676,37.299999999999486,37.280232822598876,3.3510321638291103,1.0,6,2.5,2.3,2.7,0.0,0.0,0.0
69.79999999999818,33.99999999999967,37.299999999999486,37.280232822598876,3.3510321638291103,1.0,1,0.5,0.3,0.7,0.0,0.0,0.0
69.79999999999818,33.99999999999967,37.299999999999486,37.280232822598876,3.3510321638291103,1.0,2,0.9,0.7,1.1,0.0,0.0,0.0
69.79999999999818,33.99999999999967,37.299999999999486,37.280232822598876,3.3510321638291103,1.0,3,1.3,1.1,1.5,0.0,0.0,0.0
69.79999999999818,33.99999999999967,37.299999999999486,37.280232822598876,3.3510321638291103,1.0,4,1.7000000000000002,1.5000000000000002,1.9000000000000001,0.0,0.0,0.0
69.79999999999818,33.99999999999967,37.299999999999486,37.280232822598876,3.3510321638291103,1.0,5,2.1,1.9000000000000001,2.3000000000000003,0.0,0.0,0.0
69.79999999999818,33.99999999999967,37.299999999999486,37.280232822598876,3.3510321638291103,1.0,6,2.5,2.3,2.7,0.0,0.0,0.0
69.79999999999818,34.04999999999967,37.299999999999486,37.280232822598876,3.3510321638291103,1.0,1,0.5,0.3,0.7,0.0,0.0,0.0
69.79999999999818,34.04999999999967,37.299999999999486,37.280232822598876,3.3510321638291103,1.0,2,0.9,0.7,1.1,0.0,0.0,0.0
69.79999999999818,34.04999999999967,37.299999999999486,37.280232822598876,3.3510321638291103,1.0,3,1.3,1.1,1.5,0.0,0.0,0.0
69.79999999999818,34.04999999999967,37.299999999999486,37.280232822598876,3.3510321638291103,1.0,4,1.7000000000000002,1.5000000000000002,1.9000000000000001,0.0,0.0,0.0
69.79999999999818,34.04999999999967,37.299999999999486,37.280232822598876,3.3510321638291103,1.0,5,2.1,1.9000000000000001,2.3000000000000003,0.0,0.0,0.0
69.79999999999818,34.04999999999967,37.299999999999486,37.280232822598876,3.3510321638291103,1.0,6,2.5,2.3,2.7,0.0,0.0,0.0
69.79999999999818,34.09999999999967,37.299999999999486,37.280232822598876,3.3510321638291103,1.0,1,0.5,0.3,0.7,0.0,0.0,0.0
69.79999999999818,34.09999999999967,37.299999999999486,37.280232822598876,3.3510321638291103,1.0,2,0.9,0.7,1.1,0.0,0.0,0.0
69.79999999999818,34.09999999999967,37.299999999999486,37.280232822598876,3.3510321638291103,1.0,3,1.3,1.1,1.5,0.0,0.0,0.0
69.79999999999818,34.09999999999967,37.299999999999486,37.280232822598876,3.3510321638291103,1.0,4,1.7000000000000002,1.5000000000000002,1.9000000000000001,0.0,0.0,0.0
69.79999999999818,34.09999999999967,37.299999999999486,37.280232822598876,3.3510321638291103,1.0,5,2.1,1.9000000000000001,2.3000000000000003,0.0,0.0,0.0
69.79999999999818,34.09999999999967,37.299999999999486,37.280232822598876,3.3510321638291103,1.0,6,2.5,2.3,2.7,0.0,0.0,0.0
69.79999999999818,34.149999999999665,37.299999999999486,37.280232822598876,3.3510321638291103,1.0,1,0.5,0.3,0.7,0.0,0.0,0.0
69.79999999999818,34.149999999999665,37.299999999999486,37.280232822598876,3.3510321638291103,1.0,2,0.9,0.7,1.1,0.0,0.0,0.0
69.79999999999818,34.149999999999665,37.299999999999486,37.280232822598876,3.3510321638291103,1.0,3,1.3,1.1,1.5,0.0,0.0,0.0
69.79999999999818,34.149999999999665,37.299999999999486,37.280232822598876,3.3510321638291103,1.0,4,1.7000000000000002,1.5000000000000002,1.9000000000000001,0.0,0.0,0.0
69.79999999999818,34.149999999999665,37.299999999999486,37.280232822598876,3.3510321638291103,1.0,5,2.1,1.9000000000000001,2.3000000000000003,0.0,0.0,0.0
69.79999999999818,34.149999999999665,37.299999999999486,37.280232822598876,3.3510321638291103,1.0,6,2.5,2.3,2.7,0.0,0.0,0.0
69.79999999999818,34.19999999999966,37.299999999999486,37.280232822598876,3.3510321638291103,1.0,1,0.5,0.3,0.7,0.0,0.0,0.0
69.79999999999818,34.19999999999966,37.299999999999486,37.280232822598876,3.3510321638291103,1.0,2,0.9,0.7,1.1,0.0,0.0,0.0
69.79999999999818,34.19999999999966,37.299999999999486,37.280232822598876,3.3510321638291103,1.0,3,1.3,1.1,1.5,0.0,0.0,0.0
69.79999999999818,34.19999999999966,37.299999999999486,37.280232822598876,3.3510321638291103,1.0,4,1.7000000000000002,1.5000000000000002,1.9000000000000001,0.0,0.0,0.0
69.79999999999818,34.19999999999966,37.299999999999486,37.280232822598876,3.3510321638291103,1.0,5,2.1,1.9000000000000001,2.3000000000000003,0.0,0.0,0.0
69.79999999999818,34.19999999999966,37.299999999999486,37.280232822598876,3.3510321638291103,1.0,6,2.5,2.3,2.7,0.0,0.0,0.0
69.79999999999818,34.24999999999966,37.299999999999486,37.280232822598876,3.3510321638291103,1.0,1,0.5,0.3,0.7,0.0,0.0,0.0
69.79999999999818,34.24999999999966,37.299999999999486,37.280232822598876,3.3510321638291103,1.0,2,0.9,0.7,1.1,0.0,0.0,0.0
69.79999999999818,34.24999999999966,37.299999999999486,37.280232822598876,3.3510321638291103,1.0,3,1.3,1.1,1.5,0.0,0.0,0.0
69.79999999999818,34.24999999999966,37.299999999999486,37.280232822598876,3.3510321638291103,1.0,4,1.7000000000000002,1.5000000000000002,1.9000000000000001,0.0,0.0,0.0
69.79999999999818,34.24999999999966,37.299999999999486,37.280232822598876,3.3510321638291103,1.0,5,2.1,1.9000000000000001,2.3000000000000003,0.0,0.0,0.0
69.79999999999818,34.24999999999966,37.299999999999486,37.280232822598876,3.3510321638291103,1.0,6,2.5,2.3,2.7,0.0,0.0,0.0
69.79999999999818,34.299999999999656,37.299999999999486,37.280232822598876,3.3510321638291103,1.0,1,0.5,0.3,0.7,0.0,0.0,0.0
69.79999999999818,34.299999999999656,37.299999999999486,37.280232822598876,3.3510321638291103,1.0,2,0.9,0.7,1.1,0.0,0.0,0.0
69.79999999999818,34.299999999999656,37.299999999999486,37.280232822598876,3.3510321638291103,1.0,3,1.3,1.1,1.5,0.0,0.0,0.0
69.79999999999818,34.299999999999656,37.299999999999486,37.280232822598876,3.3510321638291103,1.0,4,1.7000000000000002,1.5000000000000002,1.9000000000000001,0.0,0.0,0.0
69.79999999999818,34.299999999999656,37.299999999999486,37.280232822598876,3.3510321638291103,1.0,5,2.1,1.9000000000000001,2.3000000000000003,0.0,0.0,0.0
69.79999999999818,34.299999999999656,37.299999999999486,37.280232822598876,3.3510321638291103,1.0,6,2.5,2.3,2.7,0.0,0.0,0.0
70.19999999999816,34.34999999999965,37.69999999999946,37.69911184307752,3.3510321638291174,1.0,1,0.5,0.3,0.7,0.0,0.0,0.0
70.19999999999816,34.34999999999965,37.69999999999946,37.69911184307752,3.3510321638291174,1.0,2,0.9,0.7,1.1,0.0,0.0,0.0
70.19999999999816,34.34999999999965,37.69999999999946,37.69911184307752,3.3510321638291174,1.0,3,1.3,1.1,1.5,0.0,0.0,0.0
70.19999999999816,34.34999999999965,37.69999999999946,37.69911184307752,3.3510321638291174,1.0,4,1.7000000000000002,1.5000000000000002,1.9000000000000001,0.0,0.0,0.0
70.19999999999816,34.34999999999965,37.69999999999946,37.69911184307752,3.3510321638291174,1.0,5,2.1,1.9000000000000001,2.3000000000000003,0.0,0.0,0.0
70.19999999999816,34.34999999999965,37.69999999999946,37.69911184307752,3.3510321638291174,1.0,6,2.5,2.3,2.7,0.0,0.0,0.0
70.19999999999816,34.39999999999965,37.69999999999946,37.69911184307752,3.3510321638291174,1.0,1,0.5,0.3,0.7,0.0,0.0,0.0
70.19999999999816,34.39999999999965,37.69999999999946,37.69911184307752,3.3510321638291174,1.0,2,0.9,0.7,1.1,0.0,0.0,0.0
70.19999999999816,34.39999999999965,37.69999999999946,37.69911184307752,3.3510321638291174,1.0,3,1.3,1.1,1.5,0.0,0.0,0.0
70.19999999999816,34.39999999999965,37.69999999999946,37.69911184307752,3.3510321638291174,1.0,4,1.7000000000000002,1.5000000000000002,1.9000000000000001,0.0,0.0,0.0
70.19999999999816,34.39999999999965,37.69999999999946,37.69911184307752,3.3510321638291174,1.0,5,2.1,1.9000000000000001,2.3000000000000003,0.0,0.0,0.0
70.19999999999816,34.39999999999965,37.69999999999946,37.69911184307752,3.3510321638291174,1.0,6,2.5,2.3,2.7,0.0,0.0,0.0
70.19999999999816,34.44999999999965,37.69999999999946,37.69911184307752,3.3510321638291174,1.0,1,0.5,0.3,0.7,0.0,0.0,0.0
70.19999999999816,34.44999999999965,37.69999999999946,37.69911184307752,3.3510321638291174,1.0,2,0.9,0.7,1.1,0.0,0.0,0.0
70.19999999999816,34.44999999999965,37.69999999999946,37.69911184307752,3.3510321638291174,1.0,3,1.3,1.1,1.5,0.0,0.0,0.0
70.19999999999816,34.44999999999965,37.69999999999946,37.69911184307752,3.3510321638291174,1.0,4,1.7000000000000002,1.5000000000000002,1.9000000000000001,0.0,0.0,0.0
70.19999999999816,34.44999999999965,37.69999999999946,37.69911184307752,3.3510321638291174,1.0,5,2.1,1.9000000000000001,2.3000000000000003,0.0,0.0,0.0
70.19999999999816,34.44999999999965,37.69999999999946,37.69911184307752,3.3510321638291174,1.0,6,2.5,2.3,2.7,0.0,0.0,0.0
70.19999999999816,34.499999999999645,37.69999999999946,37.69911184307752,3.3510321638291174,1.0,1,0.5,0.3,0.7,0.0,0.0,0.0
70.19999999999816,34.499999999999645,37.69999999999946,37.69911184307752,3.3510321638291174,1.0,2,0.9,0.7,1.1,0.0,0.0,0.0
70.19999999999816,34.499999999999645,37.69999999999946,37.69911184307752,3.3510321638291174,1.0,3,1.3,1.1,1.5,0.0,0.0,0.0
70.19999999999816,34.499999999999645,37.69999999999946,37.69911184307752,3.3510321638291174,1.0,4,1.7000000000000002,1.5000000000000002,1.9000000000000001,0.0,0.0,0.0
70.19999999999816,34.499999999999645,37.69999999999946,37.69911184307752,3.3510321638291174,1.0,5,2.1,1.9000000000000001,2.3000000000000003,0.0,0.0,0.0
70.19999999999816,34.499999999999645,37.69999999999946,37.69911184307752,3.3510321638291174,1.0,6,2.5,2.3,2.7,0.0,0.0,0.0
70.19999999999816,34.54999999999964,37.69999999999946,37.69911184307752,3.3510321638291174,1.0,1,0.5,0.3,0.7,0.0,0.0,0.0
70.19999999999816,34.54999999999964,37.69999999999946,37.69911184307752,3.3510321638291174,1.0,2,0.9,0.7,1.1,0.0,0.0,0.0
70.19999999999816,34.54999999999964,37.69999999999946,37.69911184307752,3.3510321638291174,1.0,3,1.3,1.1,1.5,0.0,0.0,0.0
70.19999999999816,34.54999999999964,37.69999999999946,37.69911184307752,3.3510321638291174,1.0,4,1.7000000000000002,1.5000000000000002,1.9000000000000001,0.0,0.0,0.0
70.19999999999816,34.54999999999964,37.69999999999946,37.69911184307752,3.3510321638291174,1.0,5,2.1,1.9000000000000001,2.3000000000000003,0.0,0.0,0.0
70.19999999999816,34.54999999999964,37.69999999999946,37.69911184307752,3.3510321638291174,1.0,6,2.5,2.3,2.7,0.0,0.0,0.0
70.19999999999816,34.59999999999964,37.69999999999946,37.69911184307752,3.3510321638291174,1.0,1,0.5,0.3,0.7,0.0,0.0,0.0
70.19999999999816,34.59999999999964,37.69999999999946,37.69911184307752,3.3510321638291174,1.0,2,0.9,0.7,1.1,0.0,0.0,0.0
70.19999999999816,34.59999999999964,37.69999999999946,37.69911184307752,3.3510321638291174,1.0,3,1.3,1.1,1.5,0.0,0.0,0.0
70.19999999999816,34.59999999999964,37.69999999999946,37.69911184307752,3.3510321638291174,1.0,4,1.7000000000000002,1.5000000000000002,1.9000000000000001,0.0,0.0,0.0
70.19999999999816,34.59999999999964,37.69999999999946,37.69911184307752,3.3510321638291174,1.0,5,2.1,1.9000000000000001,2.3000000000000003,0.0,0.0,0.0
70.19999999999816,34.59999999999964,37.69999999999946,37.69911184307752,3.3510321638291174,1.0,6,2.5,2.3,2.7,0.0,0.0,0.0
70.19999999999816,34.649999999999636,37.69999999999946,37.69911184307752,3.3510321638291174,1.0,1,0.5,0.3,0.7,0.0,0.0,0.0
70.19999999999816,34.649999999999636,37.69999999999946,37.69911184307752,3.3510321638291174,1.0,2,0.9,0.7,1.1,0.0,0.0,0.0
70.19999999999816,34.649999999999636,37.69999999999946,37.69911184307752,3.3510321638291174,1.0,3,1.3,1.1,1.5,0.0,0.0,0.0
70.19999999999816,34.649999999999636,37.69999999999946,37.69911184307752,3.3510321638291174,1.0,4,1.7000000000000002,1.5000000000000002,1.9000000000000001,0.0,0.0,0.0
70.19999999999816,34.649999999999636,37.69999999999946,37.69911184307752,3.3510321638291174,1.0,5,2.1,1.9000000000000001,2.3000000000000003,0.0,0.0,0.0
70.19999999999816,34.649999999999636,37.69999999999946,37.69911184307752,3.3510321638291174,1.0,6,2.5,2.3,2.7,0.0,0.0,0.0
70.19999999999816,34.69999999999963,37.69999999999946,37.69911184307752,3.3510321638291174,1.0,1,0.5,0.3,0.7,0.0,0.0,0.0
70.19999999999816,34.69999999999963,37.69999999999946,37.69911184307752,3.3510321638291174,1.0,2,0.9,0.7,1.1,0.0,0.0,0.0
70.19999999999816,34.69999999999963,37.69999999999946,37.69911184307752,3.3510321638291174,1.0,3,1.3,1.1,1.5,0.0,0.0,0.0
70.19999999999816,34.69999999999963,37.69999999999946,37.69911184307752,3.3510321638291174,1.0,4,1.7000000000000002,1.5000000000000002,1.9000000000000001,0.0,0.0,0.0
70.19999999999816,34.69999999999963,37.69999999999946,37.69911184307752,3.3510321638291174,1.0,5,2.1,1.9000000000000001,2.3000000000000003,0.0,0.0,0.0
70.19999999999816,34.69999999999963,37.69999999999946,37.69911184307752,3.3510321638291174,1.0,6,2.5,2.3,2.7,0.0,0.0,0.0
70.19999999999816,34.74999999999963,37.69999999999946,37.69911184307752,3.3510321638291174,1.0,1,0.5,0.3,0.7,0.0,0.0,0.0
70.19999999999816,34.74999999999963,37.69999999999946,37.69911184307752,3.3510321638291174,1.0,2,0.9,0.7,1.1,0.0,0.0,0.0
70.19999999999816,34.74999999999963,37.69999999999946,37.69911184307752,3.3510321638291174,1.0,3,1.3,1.1,1.5,0.0,0.0,0.0
70.19999999999816,34.74999999999963,37.69999999999946,37.69911184307752,3.3510321638291174,1.0,4,1.7000000000000002,1.5000000000000002,1.9000000000000001,0.0,0.0,0.0
70.19999999999816,34.74999999999963,37.69999999999946,37.69911184307752,3.3510321638291174,1.0,5,2.1,1.9000000000000001,2.3000000000000003,0.0,0.0,0.0
70.19999999999816,34.74999999999963,37.69999999999946,37.69911184307752,3.3510321638291174,1.0,6,2.5,2.3,2.7,0.0,0.0,0.0
70.64999999999813,34.79999999999963,38.14999999999944,38.11799086355615,3.3510321638291103,1.0,1,0.5,0.3,0.7,0.0,0.0,0.0
70.64999999999813,34.79999999999963,38.14999999999944,38.11799086355615,3.3510321638291103,1.0,2,0.9,0.7,1.1,0.0,0.0,0.0
70.64999999999813,34.79999999999963,38.14999999999944,38.11799086355615,3.3510321638291103,1.0,3,1.3,1.1,1.5,0.0,0.0,0.0
70.64999999999813,34.79999999999963,38.14999999999944,38.11799086355615,3.3510321638291103,1.0,4,1.7000000000000002,1.5000000000000002,1.9000000000000001,0.0,0.0,0.0
70.64999999999813,34.79999999999963,38.14999999999944,38.11799086355615,3.3510321638291103,1.0,5,2.1,1.9000000000000001,2.3000000000000003,0.0,0.0,0.0
70.64999999999813,34.79999999999963,38.14999999999944,38.11799086355615,3.3510321638291103,1.0,6,2.5,2.3,2.7,0.0,0.0,0.0
70.64999999999813,34.849999999999625,38.14999999999944,38.11799086355615,3.3510321638291103,1.0,1,0.5,0.3,0.7,0.0,0.0,0.0
70.64999999999813,34.849999999999625,38.14999999999944,38.11799086355615,3.3510321638291103,1.0,2,0.9,0.7,1.1,0.0,0.0,0.0
70.64999999999813,34.849999999999625,38.14999999999944,38.11799086355615,3.3510321638291103,1.0,3,1.3,1.1,1.5,0.0,0.0,0.0
70.64999999999813,34.849999999999625,38.14999999999944,38.11799086355615,3.3510321638291103,1.0,4,1.7000000000000002,1.5000000000000002,1.9000000000000001,0.0,0.0,0.0
70.64999999999813,34.849999999999625,38.14999999999944,38.11799086355615,3.3510321638291103,1.0,5,2.1,1.9000000000000001,2.3000000000000003,0.0,0.0,0.0
70.64999999999813,34.849999999999625,38.14999999999944,38.11799086355615,3.3510321638291103,1.0,6,2.5,2.3,2.7,0.0,0.0,0.0
70.64999999999813,34.89999999999962,38.14999999999944,38.11799086355615,3.3510321638291103,1.0,1,0.5,0.3,0.7,0.0,0.0,0.0
70.64999999999813,34.89999999999962,38.14999999999944,38.11799086355615,3.3510321638291103,1.0,2,0.9,0.7,1.1,0.0,0.0,0.0
70.64999999999813,34.89999999999962,38.14999999999944,38.11799086355615,3.3510321638291103,1.0,3,1.3,1.1,1.5,0.0,0.0,0.0
70.64999999999813,34.89999999999962,38.14999999999944,38.11799086355615,3.3510321638291103,1.0,4,1.7000000000000002,1.5000000000000002,1.9000000000000001,0.0,0.0,0.0
70.64999999999813,34.89999999999962,38.14999999999944,38.11799086355615,3.3510321638291103,1.0,5,2.1,1.9000000000000001,2.3000000000000003,0.0,0.0,0.0
70.64999999999813,34.89999999999962,38.14999999999944,38.11799086355615,3.3510321638291103,1.0,6,2.5,2.3,2.7,0.0,0.0,0.0
70.64999999999813,34.94999999999962,38.14999999999944,38.11799086355615,3.3510321638291103,1.0,1,0.5,0.3,0.7,0.0,0.0,0.0
70.64999999999813,34.94999999999962,38.14999999999944,38.11799086355615,3.3510321638291103,1.0,2,0.9,0.7,1.1,0.0,0.0,0.0
70.64999999999813,34.94999999999962,38.14999999999944,38.11799086355615,3.3510321638291103,1.0,3,1.3,1.1,1.5,0.0,0.0,0.0
70.64999999999813,34.94999999999962,38.14999999999944,38.11799086355615,3.3510321638291103,1.0,4,1.7000000000000002,1.5000000000000002,1.9000000000000001,0.0,0.0,0.0
70.64999999999813,34.94999999999962,38.14999999999944,38.11799086355615,3.3510321638291103,1.0,5,2.1,1.9000000000000001,2.3000000000000003,0.0,0.0,0.0
70.64999999999813,34.94999999999962,38.14999999999944,38.11799086355615,3.3510321638291103,1.0,6,2.5,2.3,2.7,0.0,0.0,0.0
70.64999999999813,34.999999999999616,38.14999999999944,38.11799086355615,3.3510321638291103,1.0,1,0.5,0.3,0.7,0.0,0.0,0.0
70.64999999999813,34.999999999999616,38.14999999999944,38.11799086355615,3.3510321638291103,1.0,2,0.9,0.7,1.1,0.0,0.0,0.0
70.64999999999813,34.999999999999616,38.14999999999944,38.11799086355615,3.3510321638291103,1.0,3,1.3,1.1,1.5,0.0,0.0,0.0
70.64999999999813,34.999999999999616,38.14999999999944,38.11799086355615,3.3510321638291103,1.0,4,1.7000000000000002,1.5000000000000002,1.9000000000000001,0.0,0.0,0.0
70.64999999999813,34.999999999999616,38.14999999999944,38.11799086355615,3.3510321638291103,1.0,5,2.1,1.9000000000000001,2.3000000000000003,0.0,0.0,0.0
70.64999999999813,34.999999999999616,38.14999999999944,38.11799086355615,3.3510321638291103,1.0,6,2.5,2.3,2.7,0.0,0.0,0.0
70.64999999999813,35.04999999999961,38.14999999999944,38.11799086355615,3.3510321638291103,1.0,1,0.5,0.3,0.7,0.0,0.0,0.0
70.64999999999813,35.04999999999961,38.14999999999944,38.11799086355615,3.3510321638291103,1.0,2,0.9,0.7,1.1,0.0,0.0,0.0
70.64999999999813,35.04999999999961,38.14999999999944,38.11799086355615,3.3510321638291103,1.0,3,1.3,1.1,1.5,0.0,0.0,0.0
70.64999999999813,35.04999999999961,38.14999999999944,38.11799086355615,3.3510321638291103,1.0,4,1.7000000000000002,1.5000000000000002,1.9000000000000001,0.0,0.0,0.0
70.64999999999813,35.04999999999961,38.14999999999944,38.11799086355615,3.3510321638291103,1.0,5,2.1,1.9000000000000001,2.3000000000000003,0.0,0.0,0.0
70.64999999999813,35.04999999999961,38.14999999999944,38.11799086355615,3.3510321638291103,1.0,6,2.5,2.3,2.7,0.0,0.0,0.0
70.64999999999813,35.09999999999961,38.14999999999944,38.11799086355615,3.3510321638291103,1.0,1,0.5,0.3,0.7,0.0,0.0,0.0
70.64999999999813,35.09999999999961,38.14999999999944,38.11799086355615,3.3510321638291103,1.0,2,0.9,0.7,1.1,0.0,0.0,0.0
70.64999999999813,35.09999999999961,38.14999999999944,38.11799086355615,3.3510321638291103,1.0,3,1.3,1.1,1.5,0.0,0.0,0.0
70.64999999999813,35.09999999999961,38.14999999999944,38.11799086355615,3.3510321638291103,1.0,4,1.7000000000000002,1.5000000000000002,1.9000000000000001,0.0,0.0,0.0
70.64999999999813,35.09999999999961,38.14999999999944,38.11799086355615,3.3510321638291103,1.0,5,2.1,1.9000000000000001,2.3000000000000003,0.0,0.0,0.0
70.64999999999813,35.09999999999961,38.14999999999944,38.11799086355615,3.3510321638291103,1.0,6,2.5,2.3,2.7,0.0,0.0,0.0
70.64999999999813,35.14999999999961,38.14999999999944,38.11799086355615,3.3510321638291103,1.0,1,0.5,0.3,0.7,0.0,0.0,0.0
70.64999999999813,35.14999999999961,38.14999999999944,38.11799086355615,3.3510321638291103,1.0,2,0.9,0.7,1.1,0.0,0.0,0.0
70.64999999999813,35.14999999999961,38.14999999999944,38.11799086355615,3.3510321638291103,1.0,3,1.3,1.1,1.5,0.0,0.0,0.0
70.64999999999813,35.14999999999961,38.14999999999944,38.11799086355615,3.3510321638291103,1.0,4,1.7000000000000002,1.5000000000000002,1.9000000000000001,0.0,0.0,0.0
70.64999999999813,35.14999999999961,38.14999999999944,38.11799086355615,3.3510321638291103,1.0,5,2.1,1.9000000000000001,2.3000000000000003,0.0,0.0,0.0
70.64999999999813,35.14999999999961,38.14999999999944,38.11799086355615,3.3510321638291103,1.0,6,2.5,2.3,2.7,0.0,0.0,0.0
71.04999999999811,35.199999999999605,38.549999999999415,38.53686988403479,3.3510321638291103,1.0,1,0.5,0.3,0.7,0.0,0.0,0.0
71.04999999999811,35.199999999999605,38.549999999999415,38.53686988403479,3.3510321638291103,1.0,2,0.9,0.7,1.1,0.0,0.0,0.0
71.04999999999811,35.199999999999605,38.549999999999415,38.53686988403479,3.3510321638291103,1.0,3,1.3,1.1,1.5,0.0,0.0,0.0
71.04999999999811,35.199999999999605,38.549999999999415,38.53686988403479,3.3510321638291103,1.0,4,1.7000000000000002,1.5000000000000002,1.9000000000000001,0.0,0.0,0.0
71.04999999999811,35.199999999999605,38.549999999999415,38.53686988403479,3.3510321638291103,1.0,5,2.1,1.9000000000000001,2.3000000000000003,0.0,0.0,0.0
71.04999999999811,35.199999999999605,38.549999999999415,38.53686988403479,3.3510321638291103,1.0,6,2.5,2.3,2.7,0.0,0.0,0.0
71.04999999999811,35.2499999999996,38.549999999999415,38.53686988403479,3.3510321638291103,1.0,1,0.5,0.3,0.7,0.0,0.0,0.0
71.04999999999811,35.2499999999996,38.549999999999415,38.53686988403479,3.3510321638291103,1.0,2,0.9,0.7,1.1,0.0,0.0,0.0
71.04999999999811,35.2499999999996,38.549999999999415,38.53686988403479,3.3510321638291103,1.0,3,1.3,1.1,1.5,0.0,0.0,0.0
71.04999999999811,35.2499999999996,38.549999999999415,38.53686988403479,3.3510321638291103,1.0,4,1.7000000000000002,1.5000000000000002,1.9000000000000001,0.0,0.0,0.0
71.04999999999811,35.2499999999996,38.549999999999415,38.53686988403479,3.3510321638291103,1.0,5,2.1,1.9000000000000001,2.3000000000000003,0.0,0.0,0.0
71.04999999999811,35.2499999999996,38.549999999999415,38.53686988403479,3.3510321638291103,1.0,6,2.5,2.3,2.7,0.0,0.0,0.0
71.04999999999811,35.2999999999996,38.549999999999415,38.53686988403479,3.3510321638291103,1.0,1,0.5,0.3,0.7,0.0,0.0,0.0
71.04999999999811,35.2999999999996,38.549999999999415,38.53686988403479,3.3510321638291103,1.0,2,0.9,0.7,1.1,0.0,0.0,0.0
71.04999999999811,35.2999999999996,38.549999999999415,38.53686988403479,3.3510321638291103,1.0,3,1.3,1.1,1.5,0.0,0.0,0.0
71.04999999999811,35.2999999999996,38.549999999999415,38.53686988403479,3.3510321638291103,1.0,4,1.7000000000000002,1.5000000000000002,1.9000000000000001,0.0,0.0,0.0
71.04999999999811,35.2999999999996,38.549999999999415,38.53686988403479,3.3510321638291103,1.0,5,2.1,1.9000000000000001,2.3000000000000003,0.0,0.0,0.0
71.04999999999811,35.2999999999996,38.549999999999415,38.53686988403479,3.3510321638291103,1.0,6,2.5,2.3,2.7,0.0,0.0,0.0
71.04999999999811,35.349999999999596,38.549999999999415,38.53686988403479,3.3510321638291103,1.0,1,0.5,0.3,0.7,0.0,0.0,0.0
71.04999999999811,35.349999999999596,38.549999999999415,38.53686988403479,3.3510321638291103,1.0,2,0.9,0.7,1.1,0.0,0.0,0.0
71.04999999999811,35.349999999999596,38.549999999999415,38.53686988403479,3.3510321638291103,1.0,3,1.3,1.1,1.5,0.0,0.0,0.0
71.04999999999811,35.349999999999596,38.549999999999415,38.53686988403479,3.3510321638291103,1.0,4,1.7000000000000002,1.5000000000000002,1.9000000000000001,0.0,0.0,0.0
71.04999999999811,35.349999999999596,38.549999999999415,38.53686988403479,3.3510321638291103,1.0,5,2.1,1.9000000000000001,2.3000000000000003,0.0,0.0,0.0
71.04999999999811,35.349999999999596,38.549999999999415,38.53686988403479,3.3510321638291103,1.0,6,2.5,2.3,2.7,0.0,0.0,0.0
71.04999999999811,35.399999999999594,38.549999999999415,38.53686988403479,3.3510321638291103,1.0,1,0.5,0.3,0.7,0.0,0.0,0.0
71.04999999999811,35.399999999999594,38.549999999999415,38.53686988403479,3.3510321638291103,1.0,2,0.9,0.7,1.1,0.0,0.0,0.0
71.04999999999811,35.399999999999594,38.549999999999415,38.53686988403479,3.3510321638291103,1.0,3,1.3,1.1,1.5,0.0,0.0,0.0
71.04999999999811,35.399999999999594,38.549999999999415,38.53686988403479,3.3510321638291103,1.0,4,1.7000000000000002,1.5000000000000002,1.9000000000000001,0.0,0.0,0.0
71.04999999999811,35.399999999999594,38.549999999999415,38.53686988403479,3.3510321638291103,1.0,5,2.1,1.9000000000000001,2.3000000000000003,0.0,0.0,0.0
71.04999999999811,35.399999999999594,38.549999999999415,38.53686988403479,3.3510321638291103,1.0,6,2.5,2.3,2.7,0.0,0.0,0.0
71.04999999999811,35.44999999999959,38.549999999999415,38.53686988403479,3.3510321638291103,1.0,1,0.5,0.3,0.7,0.0,0.0,0.0
71.04999999999811,35.44999999999959,38.549999999999415,38.53686988403479,3.3510321638291103,1.0,2,0.9,0.7,1.1,0.0,0.0,0.0
71.04999999999811,35.44999999999959,38.549999999999415,38.53686988403479,3.3510321638291103,1.0,3,1.3,1.1,1.5,0.0,0.0,0.0
71.04999999999811,35.44999999999959,38.549999999999415,38.53686988403479,3.3510321638291103,1.0,4,1.7000000000000002,1.5000000000000002,1.9000000000000001,0.0,0.0,0.0
71.04999999999811,35.44999999999959,38.549999999999415,38.53686988403479,3.3510321638291103,1.0,5,2.1,1.9000000000000001,2.3000000000000003,0.0,0.0,0.0
71.04999999999811,35.44999999999959,38.549999999999415,38.53686988403479,3.3510321638291103,1.0,6,2.5,2.3,2.7,0.0,0.0,0.0
71.04999999999811,35.49999999999959,38.549999999999415,38.53686988403479,3.3510321638291103,1.0,1,0.5,0.3,0.7,0.0,0.0,0.0
71.04999999999811,35.49999999999959,38.549999999999415,38.53686988403479,3.3510321638291103,1.0,2,0.9,0.7,1.1,0.0,0.0,0.0
71.04999999999811,35.49999999999959,38.549999999999415,38.53686988403479,3.3510321638291103,1.0,3,1.3,1.1,1.5,0.0,0.0,0.0
71.04999999999811,35.49999999999959,38.549999999999415,38.53686988403479,3.3510321638291103,1.0,4,1.7000000000000002,1.5000000000000002,1.9000000000000001,0.0,0.0,0.0
71.04999999999811,35.49999999999959,38.549999999999415,38.53686988403479,3.3510321638291103,1.0,5,2.1,1.9000000000000001,2.3000000000000003,0.0,0.0,0.0
71.04999999999811,35.49999999999959,38.549999999999415,38.53686988403479,3.3510321638291103,1.0,6,2.5,2.3,2.7,0.0,0.0,0.0
71.04999999999811,35.549999999999585,38.549999999999415,38.53686988403479,3.3510321638291103,1.0,1,0.5,0.3,0.7,0.0,0.0,0.0
71.04999999999811,35.549999999999585,38.549999999999415,38.53686988403479,3.3510321638291103,1.0,2,0.9,0.7,1.1,0.0,0.0,0.0
71.04999999999811,35.549999999999585,38.549999999999415,38.53686988403479,3.3510321638291103,1.0,3,1.3,1.1,1.5,0.0,0.0,0.0
71.04999999999811,35.549999999999585,38.549999999999415,38.53686988403479,3.3510321638291103,1.0,4,1.7000000000000002,1.5000000000000002,1.9000000000000001,0.0,0.0,0.0
71.04999999999811,35.549999999999585,38.549999999999415,38.53686988403479,3.3510321638291103,1.0,5,2.1,1.9000000000000001,2.3000000000000003,0.0,0.0,0.0
71.04999999999811,35.549999999999585,38.549999999999415,38.53686988403479,3.3510321638291103,1.0,6,2.5,2.3,2.7,0.0,0.0,0.0
71.04999999999811,35.59999999999958,38.549999999999415,38.53686988403479,3.3510321638291103,1.0,1,0.5,0.3,0.7,0.0,0.0,0.0
71.04999999999811,35.59999999999958,38.549999999999415,38.53686988403479,3.3510321638291103,1.0,2,0.9,0.7,1.1,0.0,0.0,0.0
71.04999999999811,35.59999999999958,38.549999999999415,38.53686988403479,3.3510321638291103,1.0,3,1.3,1.1,1.5,0.0,0.0,0.0
71.04999999999811,35.59999999999958,38.549999999999415,38.53686988403479,3.3510321638291103,1.0,4,1.7000000000000002,1.5000000000000002,1.9000000000000001,0.0,0.0,0.0
71.04999999999811,35.59999999999958,38.549999999999415,38.53686988403479,3.3510321638291103,1.0,5,2.1,1.9000000000000001,2.3000000000000003,0.0,0.0,0.0
71.04999999999811,35.59999999999958,38.549999999999415,38.53686988403479,3.3510321638291103,1.0,6,2.5,2.3,2.7,0.0,0.0,0.0
71.49999999999808,35.64999999999958,38.99999999999939,38.955748904513435,3.3510321638291174,1.0,1,0.5,0.3,0.7,0.0,0.0,0.0
71.49999999999808,35.64999999999958,38.99999999999939,38.955748904513435,3.3510321638291174,1.0,2,0.9,0.7,1.1,0.0,0.0,0.0
71.49999999999808,35.64999999999958,38.99999999999939,38.955748904513435,3.3510321638291174,1.0,3,1.3,1.1,1.5,0.0,0.0,0.0
71.49999999999808,35.64999999999958,38.99999999999939,38.955748904513435,3.3510321638291174,1.0,4,1.7000000000000002,1.5000000000000002,1.9000000000000001,0.0,0.0,0.0
71.49999999999808,35.64999999999958,38.99999999999939,38.955748904513435,3.3510321638291174,1.0,5,2.1,1.9000000000000001,2.3000000000000003,0.0,0.0,0.0
71.49999999999808,35.64999999999958,38.99999999999939,38.955748904513435,3.3510321638291174,1.0,6,2.5,2.3,2.7,0.0,0.0,0.0
71.49999999999808,35.69999999999958,38.99999999999939,38.955748904513435,3.3510321638291174,1.0,1,0.5,0.3,0.7,0.0,0.0,0.0
71.49999999999808,35.69999999999958,38.99999999999939,38.955748904513435,3.3510321638291174,1.0,2,0.9,0.7,1.1,0.0,0.0,0.0
71.49999999999808,35.69999999999958,38.99999999999939,38.955748904513435,3.3510321638291174,1.0,3,1.3,1.1,1.5,0.0,0.0,0.0
71.49999999999808,35.69999999999958,38.99999999999939,38.955748904513435,3.3510321638291174,1.0,4,1.7000000000000002,1.5000000000000002,1.9000000000000001,0.0,0.0,0.0
71.49999999999808,35.69999999999958,38.99999999999939,38.955748904513435,3.3510321638291174,1.0,5,2.1,1.9000000000000001,2.3000000000000003,0.0,0.0,0.0
71.49999999999808,35.69999999999958,38.99999999999939,38.955748904513435,3.3510321638291174,1.0,6,2.5,2.3,2.7,0.0,0.0,0.0
71.49999999999808,35.749999999999574,38.99999999999939,38.955748904513435,3.3510321638291174,1.0,1,0.5,0.3,0.7,0.0,0.0,0.0
71.49999999999808,35.749999999999574,38.99999999999939,38.955748904513435,3.3510321638291174,1.0,2,0.9,0.7,1.1,0.0,0.0,0.0
71.49999999999808,35.749999999999574,38.99999999999939,38.955748904513435,3.3510321638291174,1.0,3,1.3,1.1,1.5,0.0,0.0,0.0
71.49999999999808,35.749999999999574,38.99999999999939,38.955748904513435,3.3510321638291174,1.0,4,1.7000000000000002,1.5000000000000002,1.9000000000000001,0.0,0.0,0.0
71.49999999999808,35.749999999999574,38.99999999999939,38.955748904513435,3.3510321638291174,1.0,5,2.1,1.9000000000000001,2.3000000000000003,0.0,0.0,0.0
71.49999999999808,35.749999999999574,38.99999999999939,38.955748904513435,3.3510321638291174,1.0,6,2.5,2.3,2.7,0.0,0.0,0.0
71.49999999999808,35.79999999999957,38.99999999999939,38.955748904513435,3.3510321638291174,1.0,1,0.5,0.3,0.7,0.0,0.0,0.0
71.49999999999808,35.79999999999957,38.99999999999939,38.955748904513435,3.3510321638291174,1.0,2,0.9,0.7,1.1,0.0,0.0,0.0
71.49999999999808,35.79999999999957,38.99999999999939,38.955748904513435,3.3510321638291174,1.0,3,1.3,1.1,1.5,0.0,0.0,0.0
71.49999999999808,35.79999999999957,38.99999999999939,38.955748904513435,3.3510321638291174,1.0,4,1.7000000000000002,1.5000000000000002,1.9000000000000001,0.0,0.0,0.0
71.49999999999808,35.79999999999957,38.99999999999939,38.955748904513435,3.3510321638291174,1.0,5,2.1,1.9000000000000001,2.3000000000000003,0.0,0.0,0.0
71.49999999999808,35.79999999999957,38.99999999999939,38.955748904513435,3.3510321638291174,1.0,6,2.5,2.3,2.7,0.0,0.0,0.0
71.49999999999808,35.84999999999957,38.99999999999939,38.955748904513435,3.3510321638291174,1.0,1,0.5,0.3,0.7,0.0,0.0,0.0
71.49999999999808,35.84999999999957,38.99999999999939,38.955748904513435,3.3510321638291174,1.0,2,0.9,0.7,1.1,0.0,0.0,0.0
71.49999999999808,35.84999999999957,38.99999999999939,38.955748904513435,3.3510321638291174,1.0,3,1.3,1.1,1.5,0.0,0.0,0.0
71.49999999999808,35.84999999999957,38.99999999999939,38.955748904513435,3.3510321638291174,1.0,4,1.7000000000000002,1.5000000000000002,1.9000000000000001,0.0,0.0,0.0
71.49999999999808,35.84999999999957,38.99999999999939,38.955748904513435,3.3510321638291174,1.0,5,2.1,1.9000000000000001,2.3000000000000003,0.0,0.0,0.0
71.49999999999808,35.84999999999957,38.99999999999939,38.955748904513435,3.3510321638291174,1.0,6,2.5,2.3,2.7,0.0,0.0,0.0
71.49999999999808,35.899999999999565,38.99999999999939,38.955748904513435,3.3510321638291174,1.0,1,0.5,0.3,0.7,0.0,0.0,0.0
71.49999999999808,35.899999999999565,38.99999999999939,38.955748904513435,3.3510321638291174,1.0,2,0.9,0.7,1.1,0.0,0.0,0.0
71.49999999999808,35.899999999999565,38.99999999999939,38.955748904513435,3.3510321638291174,1.0,3,1.3,1.1,1.5,0.0,0.0,0.0
71.49999999999808,35.899999999999565,38.99999999999939,38.955748904513435,3.3510321638291174,1.0,4,1.7000000000000002,1.5000000000000002,1.9000000000000001,0.0,0.0,0.0
71.49999999999808,35.899999999999565,38.99999999999939,38.955748904513435,3.3510321638291174,1.0,5,2.1,1.9000000000000001,2.3000000000000003,0.0,0.0,0.0
71.49999999999808,35.899999999999565,38.99999999999939,38.955748904513435,3.3510321638291174,1.0,6,2.5,2.3,2.7,0.0,0.0,0.0
71.49999999999808,35.94999999999956,38.99999999999939,38.955748904513435,3.3510321638291174,1.0,1,0.5,0.3,0.7,0.0,0.0,0.0
71.49999999999808,35.94999999999956,38.99999999999939,38.955748904513435,3.3510321638291174,1.0,2,0.9,0.7,1.1,0.0,0.0,0.0
71.49999999999808,35.94999999999956,38.99999999999939,38.955748904513435,3.3510321638291174,1.0,3,1.3,1.1,1.5,0.0,0.0,0.0
71.49999999999808,35.94999999999956,38.99999999999939,38.955748904513435,3.3510321638291174,1.0,4,1.7000000000000002,1.5000000000000002,1.9000000000000001,0.0,0.0,0.0
71.49999999999808,35.94999999999956,38.99999999999939,38.955748904513435,3.3510321638291174,1.0,5,2.1,1.9000000000000001,2.3000000000000003,0.0,0.0,0.0
71.49999999999808,35.94999999999956,38.99999999999939,38.955748904513435,3.3510321638291174,1.0,6,2.5,2.3,2.7,0.0,0.0,0.0
71.49999999999808,35.99999999999956,38.99999999999939,38.955748904513435,3.3510321638291174,1.0,1,0.5,0.3,0.7,0.0,0.0,0.0
71.49999999999808,35.99999999999956,38.99999999999939,38.955748904513435,3.3510321638291174,1.0,2,0.9,0.7,1.1,0.0,0.0,0.0
71.49999999999808,35.99999999999956,38.99999999999939,38.955748904513435,3.3510321638291174,1.0,3,1.3,1.1,1.5,0.0,0.0,0.0
71.49999999999808,35.99999999999956,38.99999999999939,38.955748904513435,3.3510321638291174,1.0,4,1.7000000000000002,1.5000000000000002,1.9000000000000001,0.0,0.0,0.0
71.49999999999808,35.99999999999956,38.99999999999939,38.955748904513435,3.3510321638291174,1.0,5,2.1,1.9000000000000001,2.3000000000000003,0.0,0.0,0.0
71.49999999999808,35.99999999999956,38.99999999999939,38.955748904513435,3.3510321638291174,1.0,6,2.5,2.3,2.7,0.0,0.0,0.0
71.89999999999806,36.04999999999956,39.399999999999366,39.37462792499207,3.3510321638291103,1.0,1,0.5,0.3,0.7,0.0,0.0,0.0
71.89999999999806,36.04999999999956,39.399999999999366,39.37462792499207,3.3510321638291103,1.0,2,0.9,0.7,1.1,0.0,0.0,0.0
71.89999999999806,36.04999999999956,39.399999999999366,39.37462792499207,3.3510321638291103,1.0,3,1.3,1.1,1.5,0.0,0.0,0.0
71.89999999999806,36.04999999999956,39.399999999999366,39.37462792499207,3.3510321638291103,1.0,4,1.7000000000000002,1.5000000000000002,1.9000000000000001,0.0,0.0,0.0
71.89999999999806,36.04999999999956,39.399999999999366,39.37462792499207,3.3510321638291103,1.0,5,2.1,1.9000000000000001,2.3000000000000003,0.0,0.0,0.0
71.89999999999806,36.04999999999956,39.399999999999366,39.37462792499207,3.3510321638291103,1.0,6,2.5,2.3,2.7,0.0,0.0,0.0
71.89999999999806,36.099999999999554,39.399999999999366,39.37462792499207,3.3510321638291103,1.0,1,0.5,0.3,0.7,0.0,0.0,0.0
71.89999999999806,36.099999999999554,39.399999999999366,39.37462792499207,3.3510321638291103,1.0,2,0.9,0.7,1.1,0.0,0.0,0.0
71.89999999999806,36.099999999999554,39.399999999999366,39.37462792499207,3.3510321638291103,1.0,3,1.3,1.1,1.5,0.0,0.0,0.0
71.89999999999806,36.099999999999554,39.399999999999366,39.37462792499207,3.3510321638291103,1.0,4,1.7000000000000002,1.5000000000000002,1.9000000000000001,0.0,0.0,0.0
71.89999999999806,36.099999999999554,39.399999999999366,39.37462792499207,3.3510321638291103,1.0,5,2.1,1.9000000000000001,2.3000000000000003,0.0,0.0,0.0
71.89999999999806,36.099999999999554,39.399999999999366,39.37462792499207,3.3510321638291103,1.0,6,2.5,2.3,2.7,0.0,0.0,0.0
71.89999999999806,36.14999999999955,39.399999999999366,39.37462792499207,3.3510321638291103,1.0,1,0.5,0.3,0.7,0.0,0.0,0.0
71.89999999999806,36.14999999999955,39.399999999999366,39.37462792499207,3.3510321638291103,1.0,2,0.9,0.7,1.1,0.0,0.0,0.0
71.89999999999806,36.14999999999955,39.399999999999366,39.37462792499207,3.3510321638291103,1.0,3,1.3,1.1,1.5,0.0,0.0,0.0
71.89999999999806,36.14999999999955,39.399999999999366,39.37462792499207,3.3510321638291103,1.0,4,1.7000000000000002,1.5000000000000002,1.9000000000000001,0.0,0.0,0.0
71.89999999999806,36.14999999999955,39.399999999999366,39.37462792499207,3.3510321638291103,1.0,5,2.1,1.9000000000000001,2.3000000000000003,0.0,0.0,0.0
71.89999999999806,36.14999999999955,39.399999999999366,39.37462792499207,3.3510321638291103,1.0,6,2.5,2.3,2.7,0.0,0.0,0.0
71.89999999999806,36.19999999999955,39.399999999999366,39.37462792499207,3.3510321638291103,1.0,1,0.5,0.3,0.7,0.0,0.0,0.0
71.89999999999806,36.19999999999955,39.399999999999366,39.37462792499207,3.3510321638291103,1.0,2,0.9,0.7,1.1,0.0,0.0,0.0
71.89999999999806,36.19999999999955,39.399999999999366,39.37462792499207,3.3510321638291103,1.0,3,1.3,1.1,1.5,0.0,0.0,0.0
71.89999999999806,36.19999999999955,39.399999999999366,39.37462792499207,3.3510321638291103,1.0,4,1.7000000000000002,1.5000000000000002,1.9000000000000001,0.0,0.0,0.0
71.89999999999806,36.19999999999955,39.399999999999366,39.37462792499207,3.3510321638291103,1.0,5,2.1,1.9000000000000001,2.3000000000000003,0.0,0.0,0.0
71.89999999999806,36.19999999999955,39.399999999999366,39.37462792499207,3.3510321638291103,1.0,6,2.5,2.3,2.7,0.0,0.0,0.0
71.89999999999806,36.249999999999545,39.399999999999366,39.37462792499207,3.3510321638291103,1.0,1,0.5,0.3,0.7,0.0,0.0,0.0
71.89999999999806,36.249999999999545,39.399999999999366,39.37462792499207,3.3510321638291103,1.0,2,0.9,0.7,1.1,0.0,0.0,0.0
71.89999999999806,36.249999999999545,39.399999999999366,39.37462792499207,3.3510321638291103,1.0,3,1.3,1.1,1.5,0.0,0.0,0.0
71.89999999999806,36.249999999999545,39.399999999999366,39.37462792499207,3.3510321638291103,1.0,4,1.7000000000000002,1.5000000000000002,1.9000000000000001,0.0,0.0,0.0
71.89999999999806,36.249999999999545,39.399999999999366,39.37462792499207,3.3510321638291103,1.0,5,2.1,1.9000000000000001,2.3000000000000003,0.0,0.0,0.0
71.89999999999806,36.249999999999545,39.399999999999366,39.37462792499207,3.3510321638291103,1.0,6,2.5,2.3,2.7,0.0,0.0,0.0
71.89999999999806,36.29999999999954,39.399999999999366,39.37462792499207,3.3510321638291103,1.0,1,0.5,0.3,0.7,0.0,0.0,0.0
71.89999999999806,36.29999999999954,39.399999999999366,39.37462792499207,3.3510321638291103,1.0,2,0.9,0.7,1.1,0.0,0.0,0.0
71.89999999999806,36.29999999999954,39.399999999999366,39.37462792499207,3.3510321638291103,1.0,3,1.3,1.1,1.5,0.0,0.0,0.0
71.89999999999806,36.29999999999954,39.399999999999366,39.37462792499207,3.3510321638291103,1.0,4,1.7000000000000002,1.5000000000000002,1.9000000000000001,0.0,0.0,0.0
71.89999999999806,36.29999999999954,39.399999999999366,39.37462792499207,3.3510321638291103,1.0,5,2.1,1.9000000000000001,2.3000000000000003,0.0,0.0,0.0
71.89999999999806,36.29999999999954,39.399999999999366,39.37462792499207,3.3510321638291103,1.0,6,2.5,2.3,2.7,0.0,0.0,0.0
71.89999999999806,36.34999999999954,39.399999999999366,39.37462792499207,3.3510321638291103,1.0,1,0.5,0.3,0.7,0.0,0.0,0.0
71.89999999999806,36.34999999999954,39.399999999999366,39.37462792499207,3.3510321638291103,1.0,2,0.9,0.7,1.1,0.0,0.0,0.0
71.89999999999806,36.34999999999954,39.399999999999366,39.37462792499207,3.3510321638291103,1.0,3,1.3,1.1,1.5,0.0,0.0,0.0
71.89999999999806,36.34999999999954,39.399999999999366,39.37462792499207,3.3510321638291103,1.0,4,1.7000000000000002,1.5000000000000002,1.9000000000000001,0.0,0.0,0.0
71.89999999999806,36.34999999999954,39.399999999999366,39.37462792499207,3.3510321638291103,1.0,5,2.1,1.9000000000000001,2.3000000000000003,0.0,0.0,0.0
71.89999999999806,36.34999999999954,39.399999999999366,39.37462792499207,3.3510321638291103,1.0,6,2.5,2.3,2.7,0.0,0.0,0.0
71.89999999999806,36.39999999999954,39.399999999999366,39.37462792499207,3.3510321638291103,1.0,1,0.5,0.3,0.7,0.0,0.0,0.0
71.89999999999806,36.39999999999954,39.399999999999366,39.37462792499207,3.3510321638291103,1.0,2,0.9,0.7,1.1,0.0,0.0,0.0
71.89999999999806,36.39999999999954,39.399999999999366,39.37462792499207,3.3510321638291103,1.0,3,1.3,1.1,1.5,0.0,0.0,0.0
71.89999999999806,36.39999999999954,39.399999999999366,39.37462792499207,3.3510321638291103,1.0,4,1.7000000000000002,1.5000000000000002,1.9000000000000001,0.0,0.0,0.0
71.89999999999806,36.39999999999954,39.399999999999366,39.37462792499207,3.3510321638291103,1.0,5,2.1,1.9000000000000001,2.3000000000000003,0.0,0.0,0.0
71.89999999999806,36.39999999999954,39.399999999999366,39.37462792499207,3.3510321638291103,1.0,6,2.5,2.3,2.7,0.0,0.0,0.0
72.29999999999804,36.449999999999534,39.79999999999934,39.79350694547071,3.3510321638291103,1.0,1,0.5,0.3,0.7,0.0,0.0,0.0
72.29999999999804,36.449999999999534,39.79999999999934,39.79350694547071,3.3510321638291103,1.0,2,0.9,0.7,1.1,0.0,0.0,0.0
72.29999999999804,36.449999999999534,39.79999999999934,39.79350694547071,3.3510321638291103,1.0,3,1.3,1.1,1.5,0.0,0.0,0.0
72.29999999999804,36.449999999999534,39.79999999999934,39.79350694547071,3.3510321638291103,1.0,4,1.7000000000000002,1.5000000000000002,1.9000000000000001,0.0,0.0,0.0
72.29999999999804,36.449999999999534,39.79999999999934,39.79350694547071,3.3510321638291103,1.0,5,2.1,1.9000000000000001,2.3000000000000003,0.0,0.0,0.0
72.29999999999804,36.449999999999534,39.79999999999934,39.79350694547071,3.3510321638291103,1.0,6,2.5,2.3,2.7,0.0,0.0,0.0
72.29999999999804,36.49999999999953,39.79999999999934,39.79350694547071,3.3510321638291103,1.0,1,0.5,0.3,0.7,0.0,0.0,0.0
72.29999999999804,36.49999999999953,39.79999999999934,39.79350694547071,3.3510321638291103,1.0,2,0.9,0.7,1.1,0.0,0.0,0.0
72.29999999999804,36.49999999999953,39.79999999999934,39.79350694547071,3.3510321638291103,1.0,3,1.3,1.1,1.5,0.0,0.0,0.0
72.29999999999804,36.49999999999953,39.79999999999934,39.79350694547071,3.3510321638291103,1.0,4,1.7000000000000002,1.5000000000000002,1.9000000000000001,0.0,0.0,0.0
72.29999999999804,36.49999999999953,39.79999999999934,39.79350694547071,3.3510321638291103,1.0,5,2.1,1.9000000000000001,2.3000000000000003,0.0,0.0,0.0
72.29999999999804,36.49999999999953,39.79999999999934,39.79350694547071,3.3510321638291103,1.0,6,2.5,2.3,2.7,0.0,0.0,0.0
72.29999999999804,36.54999999999953,39.79999999999934,39.79350694547071,3.3510321638291103,1.0,1,0.5,0.3,0.7,0.0,0.0,0.0
72.29999999999804,36.54999999999953,39.79999999999934,39.79350694547071,3.3510321638291103,1.0,2,0.9,0.7,1.1,0.0,0.0,0.0
72.29999999999804,36.54999999999953,39.79999999999934,39.79350694547071,3.3510321638291103,1.0,3,1.3,1.1,1.5,0.0,0.0,0.0
72.29999999999804,36.54999999999953,39.79999999999934,39.79350694547071,3.3510321638291103,1.0,4,1.7000000000000002,1.5000000000000002,1.9000000000000001,0.0,0.0,0.0
72.29999999999804,36.54999999999953,39.79999999999934,39.79350694547071,3.3510321638291103,1.0,5,2.1,1.9000000000000001,2.3000000000000003,0.0,0.0,0.0
72.29999999999804,36.54999999999953,39.79999999999934,39.79350694547071,3.3510321638291103,1.0,6,2.5,2.3,2.7,0.0,0.0,0.0
72.29999999999804,36.599999999999525,39.79999999999934,39.79350694547071,3.3510321638291103,1.0,1,0.5,0.3,0.7,0.0,0.0,0.0
72.29999999999804,36.599999999999525,39.79999999999934,39.79350694547071,3.3510321638291103,1.0,2,0.9,0.7,1.1,0.0,0.0,0.0
72.29999999999804,36.599999999999525,39.79999999999934,39.79350694547071,3.3510321638291103,1.0,3,1.3,1.1,1.5,0.0,0.0,0.0
72.29999999999804,36.599999999999525,39.79999999999934,39.79350694547071,3.3510321638291103,1.0,4,1.7000000000000002,1.5000000000000002,1.9000000000000001,0.0,0.0,0.0
72.29999999999804,36.599999999999525,39.79999999999934,39.79350694547071,3.3510321638291103,1.0,5,2.1,1.9000000000000001,2.3000000000000003,0.0,0.0,0.0
72.29999999999804,36.599999999999525,39.79999999999934,39.79350694547071,3.3510321638291103,1.0,6,2.5,2.3,2.7,0.0,0.0,0.0
72.29999999999804,36.64999999999952,39.79999999999934,39.79350694547071,3.3510321638291103,1.0,1,0.5,0.3,0.7,0.0,0.0,0.0
72.29999999999804,36.64999999999952,39.79999999999934,39.79350694547071,3.3510321638291103,1.0,2,0.9,0.7,1.1,0.0,0.0,0.0
72.29999999999804,36.64999999999952,39.79999999999934,39.79350694547071,3.3510321638291103,1.0,3,1.3,1.1,1.5,0.0,0.0,0.0
72.29999999999804,36.64999999999952,39.79999999999934,39.79350694547071,3.3510321638291103,1.0,4,1.7000000000000002,1.5000000000000002,1.9000000000000001,0.0,0.0,0.0
72.29999999999804,36.64999999999952,39.79999999999934,39.79350694547071,3.3510321638291103,1.0,5,2.1,1.9000000000000001,2.3000000000000003,0.0,0.0,0.0
72.29999999999804,36.64999999999952,39.79999999999934,39.79350694547071,3.3510321638291103,1.0,6,2.5,2.3,2.7,0.0,0.0,0.0
72.29999999999804,36.69999999999952,39.79999999999934,39.79350694547071,3.3510321638291103,1.0,1,0.5,0.3,0.7,0.0,0.0,0.0
72.29999999999804,36.69999999999952,39.79999999999934,39.79350694547071,3.3510321638291103,1.0,2,0.9,0.7,1.1,0.0,0.0,0.0
72.29999999999804,36.69999999999952,39.79999999999934,39.79350694547071,3.3510321638291103,1.0,3,1.3,1.1,1.5,0.0,0.0,0.0
72.29999999999804,36.69999999999952,39.79999999999934,39.79350694547071,3.3510321638291103,1.0,4,1.7000000000000002,1.5000000000000002,1.9000000000000001,0.0,0.0,0.0
72.29999999999804,36.69999999999952,39.79999999999934,39.79350694547071,3.3510321638291103,1.0,5,2.1,1.9000000000000001,2.3000000000000003,0.0,0.0,0.0
72.29999999999804,36.69999999999952,39.79999999999934,39.79350694547071,3.3510321638291103,1.0,6,2.5,2.3,2.7,0.0,0.0,0.0
72.29999999999804,36.74999999999952,39.79999999999934,39.79350694547071,3.3510321638291103,1.0,1,0.5,0.3,0.7,0.0,0.0,0.0
72.29999999999804,36.74999999999952,39.79999999999934,39.79350694547071,3.3510321638291103,1.0,2,0.9,0.7,1.1,0.0,0.0,0.0
72.29999999999804,36.74999999999952,39.79999999999934,39.79350694547071,3.3510321638291103,1.0,3,1.3,1.1,1.5,0.0,0.0,0.0
72.29999999999804,36.74999999999952,39.79999999999934,39.79350694547071,3.3510321638291103,1.0,4,1.7000000000000002,1.5000000000000002,1.9000000000000001,0.0,0.0,0.0
72.29999999999804,36.74999999999952,39.79999999999934,39.79350694547071,3.3510321638291103,1.0,5,2.1,1.9000000000000001,2.3000000000000003,0.0,0.0,0.0
72.29999999999804,36.74999999999952,39.79999999999934,39.79350694547071,3.3510321638291103,1.0,6,2.5,2.3,2.7,0.0,0.0,0.0
72.29999999999804,36.799999999999514,39.79999999999934,39.79350694547071,3.3510321638291103,1.0,1,0.5,0.3,0.7,0.0,0.0,0.0
72.29999999999804,36.799999999999514,39.79999999999934,39.79350694547071,3.3510321638291103,1.0,2,0.9,0.7,1.1,0.0,0.0,0.0
72.29999999999804,36.799999999999514,39.79999999999934,39.79350694547071,3.3510321638291103,1.0,3,1.3,1.1,1.5,0.0,0.0,0.0
72.29999999999804,36.799999999999514,39.79999999999934,39.79350694547071,3.3510321638291103,1.0,4,1.7000000000000002,1.5000000000000002,1.9000000000000001,0.0,0.0,0.0
72.29999999999804,36.799999999999514,39.79999999999934,39.79350694547071,3.3510321638291103,1.0,5,2.1,1.9000000000000001,2.3000000000000003,0.0,0.0,0.0
72.29999999999804,36.799999999999514,39.79999999999934,39.79350694547071,3.3510321638291103,1.0,6,2.5,2.3,2.7,0.0,0.0,0.0
72.29999999999804,36.84999999999951,39.79999999999934,39.79350694547071,3.3510321638291103,1.0,1,0.5,0.3,0.7,0.0,0.0,0.0
72.29999999999804,36.84999999999951,39.79999999999934,39.79350694547071,3.3510321638291103,1.0,2,0.9,0.7,1.1,0.0,0.0,0.0
72.29999999999804,36.84999999999951,39.79999999999934,39.79350694547071,3.3510321638291103,1.0,3,1.3,1.1,1.5,0.0,0.0,0.0
72.29999999999804,36.84999999999951,39.79999999999934,39.79350694547071,3.3510321638291103,1.0,4,1.7000000000000002,1.5000000000000002,1.9000000000000001,0.0,0.0,0.0
72.29999999999804,36.84999999999951,39.79999999999934,39.79350694547071,3.3510321638291103,1.0,5,2.1,1.9000000000000001,2.3000000000000003,0.0,0.0,0.0
72.29999999999804,36.84999999999951,39.79999999999934,39.79350694547071,3.3510321638291103,1.0,6,2.5,2.3,2.7,0.0,0.0,0.0
72.74999999999801,36.89999999999951,40.24999999999932,40.21238596594935,3.3510321638291174,1.0,1,0.5,0.3,0.7,0.0,0.0,0.0
72.74999999999801,36.89999999999951,40.24999999999932,40.21238596594935,3.3510321638291174,1.0,2,0.9,0.7,1.1,0.0,0.0,0.0
72.74999999999801,36.89999999999951,40.24999999999932,40.21238596594935,3.3510321638291174,1.0,3,1.3,1.1,1.5,0.0,0.0,0.0
72.74999999999801,36.89999999999951,40.24999999999932,40.21238596594935,3.3510321638291174,1.0,4,1.7000000000000002,1.5000000000000002,1.9000000000000001,0.0,0.0,0.0
72.74999999999801,36.89999999999951,40.24999999999932,40.21238596594935,3.3510321638291174,1.0,5,2.1,1.9000000000000001,2.3000000000000003,0.0,0.0,0.0
72.74999999999801,36.89999999999951,40.24999999999932,40.21238596594935,3.3510321638291174,1.0,6,2.5,2.3,2.7,0.0,0.0,0.0
72.74999999999801,36.949999999999505,40.24999999999932,40.21238596594935,3.3510321638291174,1.0,1,0.5,0.3,0.7,0.0,0.0,0.0
72.74999999999801,36.949999999999505,40.24999999999932,40.21238596594935,3.3510321638291174,1.0,2,0.9,0.7,1.1,0.0,0.0,0.0
72.74999999999801,36.949999999999505,40.24999999999932,40.21238596594935,3.3510321638291174,1.0,3,1.3,1.1,1.5,0.0,0.0,0.0
72.74999999999801,36.949999999999505,40.24999999999932,40.21238596594935,3.3510321638291174,1.0,4,1.7000000000000002,1.5000000000000002,1.9000000000000001,0.0,0.0,0.0
72.74999999999801,36.949999999999505,40.24999999999932,40.21238596594935,3.3510321638291174,1.0,5,2.1,1.9000000000000001,2.3000000000000003,0.0,0.0,0.0
72.74999999999801,36.949999999999505,40.24999999999932,40.21238596594935,3.3510321638291174,1.0,6,2.5,2.3,2.7,0.0,0.0,0.0
72.74999999999801,36.9999999999995,40.24999999999932,40.21238596594935,3.3510321638291174,1.0,1,0.5,0.3,0.7,0.0,0.0,0.0
72.74999999999801,36.9999999999995,40.24999999999932,40.21238596594935,3.3510321638291174,1.0,2,0.9,0.7,1.1,0.0,0.0,0.0
72.74999999999801,36.9999999999995,40.24999999999932,40.21238596594935,3.3510321638291174,1.0,3,1.3,1.1,1.5,0.0,0.0,0.0
72.74999999999801,36.9999999999995,40.24999999999932,40.21238596594935,3.3510321638291174,1.0,4,1.7000000000000002,1.5000000000000002,1.9000000000000001,0.0,0.0,0.0
72.74999999999801,36.9999999999995,40.24999999999932,40.21238596594935,3.3510321638291174,1.0,5,2.1,1.9000000000000001,2.3000000000000003,0.0,0.0,0.0
72.74999999999801,36.9999999999995,40.24999999999932,40.21238596594935,3.3510321638291174,1.0,6,2.5,2.3,2.7,0.0,0.0,0.0
72.74999999999801,37.0499999999995,40.24999999999932,40.21238596594935,3.3510321638291174,1.0,1,0.5,0.3,0.7,0.0,0.0,0.0
72.74999999999801,37.0499999999995,40.24999999999932,40.21238596594935,3.3510321638291174,1.0,2,0.9,0.7,1.1,0.0,0.0,0.0
72.74999999999801,37.0499999999995,40.24999999999932,40.21238596594935,3.3510321638291174,1.0,3,1.3,1.1,1.5,0.0,0.0,0.0
72.74999999999801,37.0499999999995,40.24999999999932,40.21238596594935,3.3510321638291174,1.0,4,1.7000000000000002,1.5000000000000002,1.9000000000000001,0.0,0.0,0.0
72.74999999999801,37.0499999999995,40.24999999999932,40.21238596594935,3.3510321638291174,1.0,5,2.1,1.9000000000000001,2.3000000000000003,0.0,0.0,0.0
72.74999999999801,37.0499999999995,40.24999999999932,40.21238596594935,3.3510321638291174,1.0,6,2.5,2.3,2.7,0.0,0.0,0.0
72.74999999999801,37.0999999999995,40.24999999999932,40.21238596594935,3.3510321638291174,1.0,1,0.5,0.3,0.7,0.0,0.0,0.0
72.74999999999801,37.0999999999995,40.24999999999932,40.21238596594935,3.3510321638291174,1.0,2,0.9,0.7,1.1,0.0,0.0,0.0
72.74999999999801,37.0999999999995,40.24999999999932,40.21238596594935,3.3510321638291174,1.0,3,1.3,1.1,1.5,0.0,0.0,0.0
72.74999999999801,37.0999999999995,40.24999999999932,40.21238596594935,3.3510321638291174,1.0,4,1.7000000000000002,1.5000000000000002,1.9000000000000001,0.0,0.0,0.0
72.74999999999801,37.0999999999995,40.24999999999932,40.21238596594935,3.3510321638291174,1.0,5,2.1,1.9000000000000001,2.3000000000000003,0.0,0.0,0.0
72.74999999999801,37.0999999999995,40.24999999999932,40.21238596594935,3.3510321638291174,1.0,6,2.5,2.3,2.7,0.0,0.0,0.0
72.74999999999801,37.149999999999494,40.24999999999932,40.21238596594935,3.3510321638291174,1.0,1,0.5,0.3,0.7,0.0,0.0,0.0
72.74999999999801,37.149999999999494,40.24999999999932,40.21238596594935,3.3510321638291174,1.0,2,0.9,0.7,1.1,0.0,0.0,0.0
72.74999999999801,37.149999999999494,40.24999999999932,40.21238596594935,3.3510321638291174,1.0,3,1.3,1.1,1.5,0.0,0.0,0.0
72.74999999999801,37.149999999999494,40.24999999999932,40.21238596594935,3.3510321638291174,1.0,4,1.7000000000000002,1.5000000000000002,1.9000000000000001,0.0,0.0,0.0
72.74999999999801,37.149999999999494,40.24999999999932,40.21238596594935,3.3510321638291174,1.0,5,2.1,1.9000000000000001,2.3000000000000003,0.0,0.0,0.0
72.74999999999801,37.149999999999494,40.24999999999932,40.21238596594935,3.3510321638291174,1.0,6,2.5,2.3,2.7,0.0,0.0,0.0
72.74999999999801,37.19999999999949,40.24999999999932,40.21238596594935,3.3510321638291174,1.0,1,0.5,0.3,0.7,0.0,0.0,0.0
72.74999999999801,37.19999999999949,40.24999999999932,40.21238596594935,3.3510321638291174,1.0,2,0.9,0.7,1.1,0.0,0.0,0.0
72.74999999999801,37.19999999999949,40.24999999999932,40.21238596594935,3.3510321638291174,1.0,3,1.3,1.1,1.5,0.0,0.0,0.0
72.74999999999801,37.19999999999949,40.24999999999932,40.21238596594935,3.3510321638291174,1.0,4,1.7000000000000002,1.5000000000000002,1.9000000000000001,0.0,0.0,0.0
72.74999999999801,37.19999999999949,40.24999999999932,40.21238596594935,3.3510321638291174,1.0,5,2.1,1.9000000000000001,2.3000000000000003,0.0,0.0,0.0
72.74999999999801,37.19999999999949,40.24999999999932,40.21238596594935,3.3510321638291174,1.0,6,2.5,2.3,2.7,0.0,0.0,0.0
72.74999999999801,37.24999999999949,40.24999999999932,40.21238596594935,3.3510321638291174,1.0,1,0.5,0.3,0.7,0.0,0.0,0.0
72.74999999999801,37.24999999999949,40.24999999999932,40.21238596594935,3.3510321638291174,1.0,2,0.9,0.7,1.1,0.0,0.0,0.0
72.74999999999801,37.24999999999949,40.24999999999932,40.21238596594935,3.3510321638291174,1.0,3,1.3,1.1,1.5,0.0,0.0,0.0
72.74999999999801,37.24999999999949,40.24999999999932,40.21238596594935,3.3510321638291174,1.0,4,1.7000000000000002,1.5000000000000002,1.9000000000000001,0.0,0.0,0.0
72.74999999999801,37.24999999999949,40.24999999999932,40.21238596594935,3.3510321638291174,1.0,5,2.1,1.9000000000000001,2.3000000000000003,0.0,0.0,0.0
72.74999999999801,37.24999999999949,40.24999999999932,40.21238596594935,3.3510321638291174,1.0,6,2.5,2.3,2.7,0.0,0.0,0.0
73.14999999999799,37.299999999999486,40.649999999999295,40.631264986427986,3.3510321638291103,1.0,1,0.5,0.3,0.7,0.0,0.0,0.0
73.14999999999799,37.299999999999486,40.649999999999295,40.631264986427986,3.3510321638291103,1.0,2,0.9,0.7,1.1,0.0,0.0,0.0
73.14999999999799,37.299999999999486,40.649999999999295,40.631264986427986,3.3510321638291103,1.0,3,1.3,1.1,1.5,0.0,0.0,0.0
73.14999999999799,37.299999999999486,40.649999999999295,40.631264986427986,3.3510321638291103,1.0,4,1.7000000000000002,1.5000000000000002,1.9000000000000001,0.0,0.0,0.0
73.14999999999799,37.299999999999486,40.649999999999295,40.631264986427986,3.3510321638291103,1.0,5,2.1,1.9000000000000001,2.3000000000000003,0.0,0.0,0.0
73.14999999999799,37.299999999999486,40.649999999999295,40.631264986427986,3.3510321638291103,1.0,6,2.5,2.3,2.7,0.0,0.0,0.0
73.14999999999799,37.34999999999948,40.649999999999295,40.631264986427986,3.3510321638291103,1.0,1,0.5,0.3,0.7,0.0,0.0,0.0
73.14999999999799,37.34999999999948,40.649999999999295,40.631264986427986,3.3510321638291103,1.0,2,0.9,0.7,1.1,0.0,0.0,0.0
73.14999999999799,37.34999999999948,40.649999999999295,40.631264986427986,3.3510321638291103,1.0,3,1.3,1.1,1.5,0.0,0.0,0.0
73.14999999999799,37.34999999999948,40.649999999999295,40.631264986427986,3.3510321638291103,1.0,4,1.7000000000000002,1.5000000000000002,1.9000000000000001,0.0,0.0,0.0
73.14999999999799,37.34999999999948,40.649999999999295,40.631264986427986,3.3510321638291103,1.0,5,2.1,1.9000000000000001,2.3000000000000003,0.0,0.0,0.0
73.14999999999799,37.34999999999948,40.649999999999295,40.631264986427986,3.3510321638291103,1.0,6,2.5,2.3,2.7,0.0,0.0,0.0
73.14999999999799,37.39999999999948,40.649999999999295,40.631264986427986,3.3510321638291103,1.0,1,0.5,0.3,0.7,0.0,0.0,0.0
73.14999999999799,37.39999999999948,40.649999999999295,40.631264986427986,3.3510321638291103,1.0,2,0.9,0.7,1.1,0.0,0.0,0.0
73.14999999999799,37.39999999999948,40.649999999999295,40.631264986427986,3.3510321638291103,1.0,3,1.3,1.1,1.5,0.0,0.0,0.0
73.14999999999799,37.39999999999948,40.649999999999295,40.631264986427986,3.3510321638291103,1.0,4,1.7000000000000002,1.5000000000000002,1.9000000000000001,0.0,0.0,0.0
73.14999999999799,37.39999999999948,40.649999999999295,40.631264986427986,3.3510321638291103,1.0,5,2.1,1.9000000000000001,2.3000000000000003,0.0,0.0,0.0
73.14999999999799,37.39999999999948,40.649999999999295,40.631264986427986,3.3510321638291103,1.0,6,2.5,2.3,2.7,0.0,0.0,0.0
73.14999999999799,37.44999999999948,40.649999999999295,40.631264986427986,3.3510321638291103,1.0,1,0.5,0.3,0.7,0.0,0.0,0.0
73.14999999999799,37.44999999999948,40.649999999999295,40.631264986427986,3.3510321638291103,1.0,2,0.9,0.7,1.1,0.0,0.0,0.0
73.14999999999799,37.44999999999948,40.649999999999295,40.631264986427986,3.3510321638291103,1.0,3,1.3,1.1,1.5,0.0,0.0,0.0
73.14999999999799,37.44999999999948,40.649999999999295,40.631264986427986,3.3510321638291103,1.0,4,1.7000000000000002,1.5000000000000002,1.9000000000000001,0.0,0.0,0.0
73.14999999999799,37.44999999999948,40.649999999999295,40.631264986427986,3.3510321638291103,1.0,5,2.1,1.9000000000000001,2.3000000000000003,0.0,0.0,0.0
73.14999999999799,37.44999999999948,40.649999999999295,40.631264986427986,3.3510321638291103,1.0,6,2.5,2.3,2.7,0.0,0.0,0.0
73.14999999999799,37.499999999999474,40.649999999999295,40.631264986427986,3.3510321638291103,1.0,1,0.5,0.3,0.7,0.0,0.0,0.0
73.14999999999799,37.499999999999474,40.649999999999295,40.631264986427986,3.3510321638291103,1.0,2,0.9,0.7,1.1,0.0,0.0,0.0
73.14999999999799,37.499999999999474,40.649999999999295,40.631264986427986,3.3510321638291103,1.0,3,1.3,1.1,1.5,0.0,0.0,0.0
73.14999999999799,37.499999999999474,40.649999999999295,40.631264986427986,3.3510321638291103,1.0,4,1.7000000000000002,1.5000000000000002,1.9000000000000001,0.0,0.0,0.0
73.14999999999799,37.499999999999474,40.649999999999295,40.631264986427986,3.3510321638291103,1.0,5,2.1,1.9000000000000001,2.3000000000000003,0.0,0.0,0.0
73.14999999999799,37.499999999999474,40.649999999999295,40.631264986427986,3.3510321638291103,1.0,6,2.5,2.3,2.7,0.0,0.0,0.0
73.14999999999799,37.54999999999947,40.649999999999295,40.631264986427986,3.3510321638291103,1.0,1,0.5,0.3,0.7,0.0,0.0,0.0
73.14999999999799,37.54999999999947,40.649999999999295,40.631264986427986,3.3510321638291103,1.0,2,0.9,0.7,1.1,0.0,0.0,0.0
73.14999999999799,37.54999999999947,40.649999999999295,40.631264986427986,3.3510321638291103,1.0,3,1.3,1.1,1.5,0.0,0.0,0.0
73.14999999999799,37.54999999999947,40.649999999999295,40.631264986427986,3.3510321638291103,1.0,4,1.7000000000000002,1.5000000000000002,1.9000000000000001,0.0,0.0,0.0
73.14999999999799,37.54999999999947,40.649999999999295,40.631264986427986,3.3510321638291103,1.0,5,2.1,1.9000000000000001,2.3000000000000003,0.0,0.0,0.0
73.14999999999799,37.54999999999947,40.649999999999295,40.631264986427986,3.3510321638291103,1.0,6,2.5,2.3,2.7,0.0,0.0,0.0
73.14999999999799,37.59999999999947,40.649999999999295,40.631264986427986,3.3510321638291103,1.0,1,0.5,0.3,0.7,0.0,0.0,0.0
73.14999999999799,37.59999999999947,40.649999999999295,40.631264986427986,3.3510321638291103,1.0,2,0.9,0.7,1.1,0.0,0.0,0.0
73.14999999999799,37.59999999999947,40.649999999999295,40.631264986427986,3.3510321638291103,1.0,3,1.3,1.1,1.5,0.0,0.0,0.0
73.14999999999799,37.59999999999947,40.649999999999295,40.631264986427986,3.3510321638291103,1.0,4,1.7000000000000002,1.5000000000000002,1.9000000000000001,0.0,0.0,0.0
73.14999999999799,37.59999999999947,40.649999999999295,40.631264986427986,3.3510321638291103,1.0,5,2.1,1.9000000000000001,2.3000000000000003,0.0,0.0,0.0
73.14999999999799,37.59999999999947,40.649999999999295,40.631264986427986,3.3510321638291103,1.0,6,2.5,2.3,2.7,0.0,0.0,0.0
73.14999999999799,37.649999999999466,40.649999999999295,40.631264986427986,3.3510321638291103,1.0,1,0.5,0.3,0.7,0.0,0.0,0.0
73.14999999999799,37.649999999999466,40.649999999999295,40.631264986427986,3.3510321638291103,1.0,2,0.9,0.7,1.1,0.0,0.0,0.0
73.14999999999799,37.649999999999466,40.649999999999295,40.631264986427986,3.3510321638291103,1.0,3,1.3,1.1,1.5,0.0,0.0,0.0
73.14999999999799,37.649999999999466,40.649999999999295,40.631264986427986,3.3510321638291103,1.0,4,1.7000000000000002,1.5000000000000002,1.9000000000000001,0.0,0.0,0.0
73.14999999999799,37.649999999999466,40.649999999999295,40.631264986427986,3.3510321638291103,1.0,5,2.1,1.9000000000000001,2.3000000000000003,0.0,0.0,0.0
73.14999999999799,37.649999999999466,40.649999999999295,40.631264986427986,3.3510321638291103,1.0,6,2.5,2.3,2.7,0.0,0.0,0.0
73.59999999999796,37.69999999999946,41.09999999999927,41.05014400690663,3.3510321638291103,1.0,1,0.5,0.3,0.7,0.0,0.0,0.0
73.59999999999796,37.69999999999946,41.09999999999927,41.05014400690663,3.3510321638291103,1.0,2,0.9,0.7,1.1,0.0,0.0,0.0
73.59999999999796,37.69999999999946,41.09999999999927,41.05014400690663,3.3510321638291103,1.0,3,1.3,1.1,1.5,0.0,0.0,0.0
73.59999999999796,37.69999999999946,41.09999999999927,41.05014400690663,3.3510321638291103,1.0,4,1.7000000000000002,1.5000000000000002,1.9000000000000001,0.0,0.0,0.0
73.59999999999796,37.69999999999946,41.09999999999927,41.05014400690663,3.3510321638291103,1.0,5,2.1,1.9000000000000001,2.3000000000000003,0.0,0.0,0.0
73.59999999999796,37.69999999999946,41.09999999999927,41.05014400690663,3.3510321638291103,1.0,6,2.5,2.3,2.7,0.0,0.0,0.0
73.59999999999796,37.74999999999946,41.09999999999927,41.05014400690663,3.3510321638291103,1.0,1,0.5,0.3,0.7,0.0,0.0,0.0
73.59999999999796,37.74999999999946,41.09999999999927,41.05014400690663,3.3510321638291103,1.0,2,0.9,0.7,1.1,0.0,0.0,0.0
73.59999999999796,37.74999999999946,41.09999999999927,41.05014400690663,3.3510321638291103,1.0,3,1.3,1.1,1.5,0.0,0.0,0.0
73.59999999999796,37.74999999999946,41.09999999999927,41.05014400690663,3.3510321638291103,1.0,4,1.7000000000000002,1.5000000000000002,1.9000000000000001,0.0,0.0,0.0
73.59999999999796,37.74999999999946,41.09999999999927,41.05014400690663,3.3510321638291103,1.0,5,2.1,1.9000000000000001,2.3000000000000003,0.0,0.0,0.0
73.59999999999796,37.74999999999946,41.09999999999927,41.05014400690663,3.3510321638291103,1.0,6,2.5,2.3,2.7,0.0,0.0,0.0
73.59999999999796,37.79999999999946,41.09999999999927,41.05014400690663,3.3510321638291103,1.0,1,0.5,0.3,0.7,0.0,0.0,0.0
73.59999999999796,37.79999999999946,41.09999999999927,41.05014400690663,3.3510321638291103,1.0,2,0.9,0.7,1.1,0.0,0.0,0.0
73.59999999999796,37.79999999999946,41.09999999999927,41.05014400690663,3.3510321638291103,1.0,3,1.3,1.1,1.5,0.0,0.0,0.0
73.59999999999796,37.79999999999946,41.09999999999927,41.05014400690663,3.3510321638291103,1.0,4,1.7000000000000002,1.5000000000000002,1.9000000000000001,0.0,0.0,0.0
73.59999999999796,37.79999999999946,41.09999999999927,41.05014400690663,3.3510321638291103,1.0,5,2.1,1.9000000000000001,2.3000000000000003,0.0,0.0,0.0
73.59999999999796,37.79999999999946,41.09999999999927,41.05014400690663,3.3510321638291103,1.0,6,2.5,2.3,2.7,0.0,0.0,0.0
73.59999999999796,37.849999999999454,41.09999999999927,41.05014400690663,3.3510321638291103,1.0,1,0.5,0.3,0.7,0.0,0.0,0.0
73.59999999999796,37.849999999999454,41.09999999999927,41.05014400690663,3.3510321638291103,1.0,2,0.9,0.7,1.1,0.0,0.0,0.0
73.59999999999796,37.849999999999454,41.09999999999927,41.05014400690663,3.3510321638291103,1.0,3,1.3,1.1,1.5,0.0,0.0,0.0
73.59999999999796,37.849999999999454,41.09999999999927,41.05014400690663,3.3510321638291103,1.0,4,1.7000000000000002,1.5000000000000002,1.9000000000000001,0.0,0.0,0.0
73.59999999999796,37.849999999999454,41.09999999999927,41.05014400690663,3.3510321638291103,1.0,5,2.1,1.9000000000000001,2.3000000000000003,0.0,0.0,0.0
73.59999999999796,37.849999999999454,41.09999999999927,41.05014400690663,3.3510321638291103,1.0,6,2.5,2.3,2.7,0.0,0.0,0.0
73.59999999999796,37.89999999999945,41.09999999999927,41.05014400690663,3.3510321638291103,1.0,1,0.5,0.3,0.7,0.0,0.0,0.0
73.59999999999796,37.89999999999945,41.09999999999927,41.05014400690663,3.3510321638291103,1.0,2,0.9,0.7,1.1,0.0,0.0,0.0
73.59999999999796,37.89999999999945,41.09999999999927,41.05014400690663,3.3510321638291103,1.0,3,1.3,1.1,1.5,0.0,0.0,0.0
73.59999999999796,37.89999999999945,41.09999999999927,41.05014400690663,3.3510321638291103,1.0,4,1.7000000000000002,1.5000000000000002,1.9000000000000001,0.0,0.0,0.0
73.59999999999796,37.89999999999945,41.09999999999927,41.05014400690663,3.3510321638291103,1.0,5,2.1,1.9000000000000001,2.3000000000000003,0.0,0.0,0.0
73.59999999999796,37.89999999999945,41.09999999999927,41.05014400690663,3.3510321638291103,1.0,6,2.5,2.3,2.7,0.0,0.0,0.0
73.59999999999796,37.94999999999945,41.09999999999927,41.05014400690663,3.3510321638291103,1.0,1,0.5,0.3,0.7,0.0,0.0,0.0
73.59999999999796,37.94999999999945,41.09999999999927,41.05014400690663,3.3510321638291103,1.0,2,0.9,0.7,1.1,0.0,0.0,0.0
73.59999999999796,37.94999999999945,41.09999999999927,41.05014400690663,3.3510321638291103,1.0,3,1.3,1.1,1.5,0.0,0.0,0.0
73.59999999999796,37.94999999999945,41.09999999999927,41.05014400690663,3.3510321638291103,1.0,4,1.7000000000000002,1.5000000000000002,1.9000000000000001,0.0,0.0,0.0
73.59999999999796,37.94999999999945,41.09999999999927,41.05014400690663,3.3510321638291103,1.0,5,2.1,1.9000000000000001,2.3000000000000003,0.0,0.0,0.0
73.59999999999796,37.94999999999945,41.09999999999927,41.05014400690663,3.3510321638291103,1.0,6,2.5,2.3,2.7,0.0,0.0,0.0
73.59999999999796,37.999999999999446,41.09999999999927,41.05014400690663,3.3510321638291103,1.0,1,0.5,0.3,0.7,0.0,0.0,0.0
73.59999999999796,37.999999999999446,41.09999999999927,41.05014400690663,3.3510321638291103,1.0,2,0.9,0.7,1.1,0.0,0.0,0.0
73.59999999999796,37.999999999999446,41.09999999999927,41.05014400690663,3.3510321638291103,1.0,3,1.3,1.1,1.5,0.0,0.0,0.0
73.59999999999796,37.999999999999446,41.09999999999927,41.05014400690663,3.3510321638291103,1.0,4,1.7000000000000002,1.5000000000000002,1.9000000000000001,0.0,0.0,0.0
73.59999999999796,37.999999999999446,41.09999999999927,41.05014400690663,3.3510321638291103,1.0,5,2.1,1.9000000000000001,2.3000000000000003,0.0,0.0,0.0
73.59999999999796,37.999999999999446,41.09999999999927,41.05014400690663,3.3510321638291103,1.0,6,2.5,2.3,2.7,0.0,0.0,0.0
73.59999999999796,38.04999999999944,41.09999999999927,41.05014400690663,3.3510321638291103,1.0,1,0.5,0.3,0.7,0.0,0.0,0.0
73.59999999999796,38.04999999999944,41.09999999999927,41.05014400690663,3.3510321638291103,1.0,2,0.9,0.7,1.1,0.0,0.0,0.0
73.59999999999796,38.04999999999944,41.09999999999927,41.05014400690663,3.3510321638291103,1.0,3,1.3,1.1,1.5,0.0,0.0,0.0
73.59999999999796,38.04999999999944,41.09999999999927,41.05014400690663,3.3510321638291103,1.0,4,1.7000000000000002,1.5000000000000002,1.9000000000000001,0.0,0.0,0.0
73.59999999999796,38.04999999999944,41.09999999999927,41.05014400690663,3.3510321638291103,1.0,5,2.1,1.9000000000000001,2.3000000000000003,0.0,0.0,0.0
73.59999999999796,38.04999999999944,41.09999999999927,41.05014400690663,3.3510321638291103,1.0,6,2.5,2.3,2.7,0.0,0.0,0.0
73.59999999999796,38.09999999999944,41.09999999999927,41.05014400690663,3.3510321638291103,1.0,1,0.5,0.3,0.7,0.0,0.0,0.0
73.59999999999796,38.09999999999944,41.09999999999927,41.05014400690663,3.3510321638291103,1.0,2,0.9,0.7,1.1,0.0,0.0,0.0
73.59999999999796,38.09999999999944,41.09999999999927,41.05014400690663,3.3510321638291103,1.0,3,1.3,1.1,1.5,0.0,0.0,0.0
73.59999999999796,38.09999999999944,41.09999999999927,41.05014400690663,3.3510321638291103,1.0,4,1.7000000000000002,1.5000000000000002,1.9000000000000001,0.0,0.0,0.0
73.59999999999796,38.09999999999944,41.09999999999927,41.05014400690663,3.3510321638291103,1.0,5,2.1,1.9000000000000001,2.3000000000000003,0.0,0.0,0.0
73.59999999999796,38.09999999999944,41.09999999999927,41.05014400690663,3.3510321638291103,1.0,6,2.5,2.3,2.7,0.0,0.0,0.0
73.99999999999794,38.14999999999944,41.49999999999925,41.46902302738527,3.3510321638291174,1.0,1,0.5,0.3,0.7,0.0,0.0,0.0
73.99999999999794,38.14999999999944,41.49999999999925,41.46902302738527,3.3510321638291174,1.0,2,0.9,0.7,1.1,0.0,0.0,0.0
73.99999999999794,38.14999999999944,41.49999999999925,41.46902302738527,3.3510321638291174,1.0,3,1.3,1.1,1.5,0.0,0.0,0.0
73.99999999999794,38.14999999999944,41.49999999999925,41.46902302738527,3.3510321638291174,1.0,4,1.7000000000000002,1.5000000000000002,1.9000000000000001,0.0,0.0,0.0
73.99999999999794,38.14999999999944,41.49999999999925,41.46902302738527,3.3510321638291174,1.0,5,2.1,1.9000000000000001,2.3000000000000003,0.0,0.0,0.0
73.99999999999794,38.14999999999944,41.49999999999925,41.46902302738527,3.3510321638291174,1.0,6,2.5,2.3,2.7,0.0,0.0,0.0
73.99999999999794,38.199999999999434,41.49999999999925,41.46902302738527,3.3510321638291174,1.0,1,0.5,0.3,0.7,0.0,0.0,0.0
73.99999999999794,38.199999999999434,41.49999999999925,41.46902302738527,3.3510321638291174,1.0,2,0.9,0.7,1.1,0.0,0.0,0.0
73.99999999999794,38.199999999999434,41.49999999999925,41.46902302738527,3.3510321638291174,1.0,3,1.3,1.1,1.5,0.0,0.0,0.0
73.99999999999794,38.199999999999434,41.49999999999925,41.46902302738527,3.3510321638291174,1.0,4,1.7000000000000002,1.5000000000000002,1.9000000000000001,0.0,0.0,0.0
73.99999999999794,38.199999999999434,41.49999999999925,41.46902302738527,3.3510321638291174,1.0,5,2.1,1.9000000000000001,2.3000000000000003,0.0,0.0,0.0
73.99999999999794,38.199999999999434,41.49999999999925,41.46902302738527,3.3510321638291174,1.0,6,2.5,2.3,2.7,0.0,0.0,0.0
73.99999999999794,38.24999999999943,41.49999999999925,41.46902302738527,3.3510321638291174,1.0,1,0.5,0.3,0.7,0.0,0.0,0.0
73.99999999999794,38.24999999999943,41.49999999999925,41.46902302738527,3.3510321638291174,1.0,2,0.9,0.7,1.1,0.0,0.0,0.0
73.99999999999794,38.24999999999943,41.49999999999925,41.46902302738527,3.3510321638291174,1.0,3,1.3,1.1,1.5,0.0,0.0,0.0
73.99999999999794,38.24999999999943,41.49999999999925,41.46902302738527,3.3510321638291174,1.0,4,1.7000000000000002,1.5000000000000002,1.9000000000000001,0.0,0.0,0.0
73.99999999999794,38.24999999999943,41.49999999999925,41.46902302738527,3.3510321638291174,1.0,5,2.1,1.9000000000000001,2.3000000000000003,0.0,0.0,0.0
73.99999999999794,38.24999999999943,41.49999999999925,41.46902302738527,3.3510321638291174,1.0,6,2.5,2.3,2.7,0.0,0.0,0.0
73.99999999999794,38.29999999999943,41.49999999999925,41.46902302738527,3.3510321638291174,1.0,1,0.5,0.3,0.7,0.0,0.0,0.0
73.99999999999794,38.29999999999943,41.49999999999925,41.46902302738527,3.3510321638291174,1.0,2,0.9,0.7,1.1,0.0,0.0,0.0
73.99999999999794,38.29999999999943,41.49999999999925,41.46902302738527,3.3510321638291174,1.0,3,1.3,1.1,1.5,0.0,0.0,0.0
73.99999999999794,38.29999999999943,41.49999999999925,41.46902302738527,3.3510321638291174,1.0,4,1.7000000000000002,1.5000000000000002,1.9000000000000001,0.0,0.0,0.0
73.99999999999794,38.29999999999943,41.49999999999925,41.46902302738527,3.3510321638291174,1.0,5,2.1,1.9000000000000001,2.3000000000000003,0.0,0.0,0.0
73.99999999999794,38.29999999999943,41.49999999999925,41.46902302738527,3.3510321638291174,1.0,6,2.5,2.3,2.7,0.0,0.0,0.0
73.99999999999794,38.349999999999426,41.49999999999925,41.46902302738527,3.3510321638291174,1.0,1,0.5,0.3,0.7,0.0,0.0,0.0
73.99999999999794,38.349999999999426,41.49999999999925,41.46902302738527,3.3510321638291174,1.0,2,0.9,0.7,1.1,0.0,0.0,0.0
73.99999999999794,38.349999999999426,41.49999999999925,41.46902302738527,3.3510321638291174,1.0,3,1.3,1.1,1.5,0.0,0.0,0.0
73.99999999999794,38.349999999999426,41.49999999999925,41.46902302738527,3.3510321638291174,1.0,4,1.7000000000000002,1.5000000000000002,1.9000000000000001,0.0,0.0,0.0
73.99999999999794,38.349999999999426,41.49999999999925,41.46902302738527,3.3510321638291174,1.0,5,2.1,1.9000000000000001,2.3000000000000003,0.0,0.0,0.0
73.99999999999794,38.349999999999426,41.49999999999925,41.46902302738527,3.3510321638291174,1.0,6,2.5,2.3,2.7,0.0,0.0,0.0
73.99999999999794,38.39999999999942,41.49999999999925,41.46902302738527,3.3510321638291174,1.0,1,0.5,0.3,0.7,0.0,0.0,0.0
73.99999999999794,38.39999999999942,41.49999999999925,41.46902302738527,3.3510321638291174,1.0,2,0.9,0.7,1.1,0.0,0.0,0.0
73.99999999999794,38.39999999999942,41.49999999999925,41.46902302738527,3.3510321638291174,1.0,3,1.3,1.1,1.5,0.0,0.0,0.0
73.99999999999794,38.39999999999942,41.49999999999925,41.46902302738527,3.3510321638291174,1.0,4,1.7000000000000002,1.5000000000000002,1.9000000000000001,0.0,0.0,0.0
73.99999999999794,38.39999999999942,41.49999999999925,41.46902302738527,3.3510321638291174,1.0,5,2.1,1.9000000000000001,2.3000000000000003,0.0,0.0,0.0
73.99999999999794,38.39999999999942,41.49999999999925,41.46902302738527,3.3510321638291174,1.0,6,2.5,2.3,2.7,0.0,0.0,0.0
73.99999999999794,38.44999999999942,41.49999999999925,41.46902302738527,3.3510321638291174,1.0,1,0.5,0.3,0.7,0.0,0.0,0.0
73.99999999999794,38.44999999999942,41.49999999999925,41.46902302738527,3.3510321638291174,1.0,2,0.9,0.7,1.1,0.0,0.0,0.0
73.99999999999794,38.44999999999942,41.49999999999925,41.46902302738527,3.3510321638291174,1.0,3,1.3,1.1,1.5,0.0,0.0,0.0
73.99999999999794,38.44999999999942,41.49999999999925,41.46902302738527,3.3510321638291174,1.0,4,1.7000000000000002,1.5000000000000002,1.9000000000000001,0.0,0.0,0.0
73.99999999999794,38.44999999999942,41.49999999999925,41.46902302738527,3.3510321638291174,1.0,5,2.1,1.9000000000000001,2.3000000000000003,0.0,0.0,0.0
73.99999999999794,38.44999999999942,41.49999999999925,41.46902302738527,3.3510321638291174,1.0,6,2.5,2.3,2.7,0.0,0.0,0.0
73.99999999999794,38.49999999999942,41.49999999999925,41.46902302738527,3.3510321638291174,1.0,1,0.5,0.3,0.7,0.0,0.0,0.0
73.99999999999794,38.49999999999942,41.49999999999925,41.46902302738527,3.3510321638291174,1.0,2,0.9,0.7,1.1,0.0,0.0,0.0
73.99999999999794,38.49999999999942,41.49999999999925,41.46902302738527,3.3510321638291174,1.0,3,1.3,1.1,1.5,0.0,0.0,0.0
73.99999999999794,38.49999999999942,41.49999999999925,41.46902302738527,3.3510321638291174,1.0,4,1.7000000000000002,1.5000000000000002,1.9000000000000001,0.0,0.0,0.0
73.99999999999794,38.49999999999942,41.49999999999925,41.46902302738527,3.3510321638291174,1.0,5,2.1,1.9000000000000001,2.3000000000000003,0.0,0.0,0.0
73.99999999999794,38.49999999999942,41.49999999999925,41.46902302738527,3.3510321638291174,1.0,6,2.5,2.3,2.7,0.0,0.0,0.0
74.39999999999792,38.549999999999415,41.899999999999224,41.8879020478639,3.3510321638291103,1.0,1,0.5,0.3,0.7,0.0,0.0,0.0
74.39999999999792,38.549999999999415,41.899999999999224,41.8879020478639,3.3510321638291103,1.0,2,0.9,0.7,1.1,0.0,0.0,0.0
74.39999999999792,38.549999999999415,41.899999999999224,41.8879020478639,3.3510321638291103,1.0,3,1.3,1.1,1.5,0.0,0.0,0.0
74.39999999999792,38.549999999999415,41.899999999999224,41.8879020478639,3.3510321638291103,1.0,4,1.7000000000000002,1.5000000000000002,1.9000000000000001,0.0,0.0,0.0
74.39999999999792,38.549999999999415,41.899999999999224,41.8879020478639,3.3510321638291103,1.0,5,2.1,1.9000000000000001,2.3000000000000003,0.0,0.0,0.0
74.39999999999792,38.549999999999415,41.899999999999224,41.8879020478639,3.3510321638291103,1.0,6,2.5,2.3,2.7,0.0,0.0,0.0
74.39999999999792,38.59999999999941,41.899999999999224,41.8879020478639,3.3510321638291103,1.0,1,0.5,0.3,0.7,0.0,0.0,0.0
74.39999999999792,38.59999999999941,41.899999999999224,41.8879020478639,3.3510321638291103,1.0,2,0.9,0.7,1.1,0.0,0.0,0.0
74.39999999999792,38.59999999999941,41.899999999999224,41.8879020478639,3.3510321638291103,1.0,3,1.3,1.1,1.5,0.0,0.0,0.0
74.39999999999792,38.59999999999941,41.899999999999224,41.8879020478639,3.3510321638291103,1.0,4,1.7000000000000002,1.5000000000000002,1.9000000000000001,0.0,0.0,0.0
74.39999999999792,38.59999999999941,41.899999999999224,41.8879020478639,3.3510321638291103,1.0,5,2.1,1.9000000000000001,2.3000000000000003,0.0,0.0,0.0
74.39999999999792,38.59999999999941,41.899999999999224,41.8879020478639,3.3510321638291103,1.0,6,2.5,2.3,2.7,0.0,0.0,0.0
74.39999999999792,38.64999999999941,41.899999999999224,41.8879020478639,3.3510321638291103,1.0,1,0.5,0.3,0.7,0.0,0.0,0.0
74.39999999999792,38.64999999999941,41.899999999999224,41.8879020478639,3.3510321638291103,1.0,2,0.9,0.7,1.1,0.0,0.0,0.0
74.39999999999792,38.64999999999941,41.899999999999224,41.8879020478639,3.3510321638291103,1.0,3,1.3,1.1,1.5,0.0,0.0,0.0
74.39999999999792,38.64999999999941,41.899999999999224,41.8879020478639,3.3510321638291103,1.0,4,1.7000000000000002,1.5000000000000002,1.9000000000000001,0.0,0.0,0.0
74.39999999999792,38.64999999999941,41.899999999999224,41.8879020478639,3.3510321638291103,1.0,5,2.1,1.9000000000000001,2.3000000000000003,0.0,0.0,0.0
74.39999999999792,38.64999999999941,41.899999999999224,41.8879020478639,3.3510321638291103,1.0,6,2.5,2.3,2.7,0.0,0.0,0.0
74.39999999999792,38.699999999999406,41.899999999999224,41.8879020478639,3.3510321638291103,1.0,1,0.5,0.3,0.7,0.0,0.0,0.0
74.39999999999792,38.699999999999406,41.899999999999224,41.8879020478639,3.3510321638291103,1.0,2,0.9,0.7,1.1,0.0,0.0,0.0
74.39999999999792,38.699999999999406,41.899999999999224,41.8879020478639,3.3510321638291103,1.0,3,1.3,1.1,1.5,0.0,0.0,0.0
74.39999999999792,38.699999999999406,41.899999999999224,41.8879020478639,3.3510321638291103,1.0,4,1.7000000000000002,1.5000000000000002,1.9000000000000001,0.0,0.0,0.0
74.39999999999792,38.699999999999406,41.899999999999224,41.8879020478639,3.3510321638291103,1.0,5,2.1,1.9000000000000001,2.3000000000000003,0.0,0.0,0.0
74.39999999999792,38.699999999999406,41.899999999999224,41.8879020478639,3.3510321638291103,1.0,6,2.5,2.3,2.7,0.0,0.0,0.0
74.39999999999792,38.7499999999994,41.899999999999224,41.8879020478639,3.3510321638291103,1.0,1,0.5,0.3,0.7,0.0,0.0,0.0
74.39999999999792,38.7499999999994,41.899999999999224,41.8879020478639,3.3510321638291103,1.0,2,0.9,0.7,1.1,0.0,0.0,0.0
74.39999999999792,38.7499999999994,41.899999999999224,41.8879020478639,3.3510321638291103,1.0,3,1.3,1.1,1.5,0.0,0.0,0.0
74.39999999999792,38.7499999999994,41.899999999999224,41.8879020478639,3.3510321638291103,1.0,4,1.7000000000000002,1.5000000000000002,1.9000000000000001,0.0,0.0,0.0
74.39999999999792,38.7499999999994,41.899999999999224,41.8879020478639,3.3510321638291103,1.0,5,2.1,1.9000000000000001,2.3000000000000003,0.0,0.0,0.0
74.39999999999792,38.7499999999994,41.899999999999224,41.8879020478639,3.3510321638291103,1.0,6,2.5,2.3,2.7,0.0,0.0,0.0
74.39999999999792,38.7999999999994,41.899999999999224,41.8879020478639,3.3510321638291103,1.0,1,0.5,0.3,0.7,0.0,0.0,0.0
74.39999999999792,38.7999999999994,41.899999999999224,41.8879020478639,3.3510321638291103,1.0,2,0.9,0.7,1.1,0.0,0.0,0.0
74.39999999999792,38.7999999999994,41.899999999999224,41.8879020478639,3.3510321638291103,1.0,3,1.3,1.1,1.5,0.0,0.0,0.0
74.39999999999792,38.7999999999994,41.899999999999224,41.8879020478639,3.3510321638291103,1.0,4,1.7000000000000002,1.5000000000000002,1.9000000000000001,0.0,0.0,0.0
74.39999999999792,38.7999999999994,41.899999999999224,41.8879020478639,3.3510321638291103,1.0,5,2.1,1.9000000000000001,2.3000000000000003,0.0,0.0,0.0
74.39999999999792,38.7999999999994,41.899999999999224,41.8879020478639,3.3510321638291103,1.0,6,2.5,2.3,2.7,0.0,0.0,0.0
74.39999999999792,38.8499999999994,41.899999999999224,41.8879020478639,3.3510321638291103,1.0,1,0.5,0.3,0.7,0.0,0.0,0.0
74.39999999999792,38.8499999999994,41.899999999999224,41.8879020478639,3.3510321638291103,1.0,2,0.9,0.7,1.1,0.0,0.0,0.0
74.39999999999792,38.8499999999994,41.899999999999224,41.8879020478639,3.3510321638291103,1.0,3,1.3,1.1,1.5,0.0,0.0,0.0
74.39999999999792,38.8499999999994,41.899999999999224,41.8879020478639,3.3510321638291103,1.0,4,1.7000000000000002,1.5000000000000002,1.9000000000000001,0.0,0.0,0.0
74.39999999999792,38.8499999999994,41.899999999999224,41.8879020478639,3.3510321638291103,1.0,5,2.1,1.9000000000000001,2.3000000000000003,0.0,0.0,0.0
74.39999999999792,38.8499999999994,41.899999999999224,41.8879020478639,3.3510321638291103,1.0,6,2.5,2.3,2.7,0.0,0.0,0.0
74.39999999999792,38.899999999999395,41.899999999999224,41.8879020478639,3.3510321638291103,1.0,1,0.5,0.3,0.7,0.0,0.0,0.0
74.39999999999792,38.899999999999395,41.899999999999224,41.8879020478639,3.3510321638291103,1.0,2,0.9,0.7,1.1,0.0,0.0,0.0
74.39999999999792,38.899999999999395,41.899999999999224,41.8879020478639,3.3510321638291103,1.0,3,1.3,1.1,1.5,0.0,0.0,0.0
74.39999999999792,38.899999999999395,41.899999999999224,41.8879020478639,3.3510321638291103,1.0,4,1.7000000000000002,1.5000000000000002,1.9000000000000001,0.0,0.0,0.0
74.39999999999792,38.899999999999395,41.899999999999224,41.8879020478639,3.3510321638291103,1.0,5,2.1,1.9000000000000001,2.3000000000000003,0.0,0.0,0.0
74.39999999999792,38.899999999999395,41.899999999999224,41.8879020478639,3.3510321638291103,1.0,6,2.5,2.3,2.7,0.0,0.0,0.0
74.39999999999792,38.94999999999939,41.899999999999224,41.8879020478639,3.3510321638291103,1.0,1,0.5,0.3,0.7,0.0,0.0,0.0
74.39999999999792,38.94999999999939,41.899999999999224,41.8879020478639,3.3510321638291103,1.0,2,0.9,0.7,1.1,0.0,0.0,0.0
74.39999999999792,38.94999999999939,41.899999999999224,41.8879020478639,3.3510321638291103,1.0,3,1.3,1.1,1.5,0.0,0.0,0.0
74.39999999999792,38.94999999999939,41.899999999999224,41.8879020478639,3.3510321638291103,1.0,4,1.7000000000000002,1.5000000000000002,1.9000000000000001,0.0,0.0,0.0
74.39999999999792,38.94999999999939,41.899999999999224,41.8879020478639,3.3510321638291103,1.0,5,2.1,1.9000000000000001,2.3000000000000003,0.0,0.0,0.0
74.39999999999792,38.94999999999939,41.899999999999224,41.8879020478639,3.3510321638291103,1.0,6,2.5,2.3,2.7,0.0,0.0,0.0
74.84999999999789,38.99999999999939,42.3499999999992,42.306781068342545,3.3510321638291103,1.0,1,0.5,0.3,0.7,0.0,0.0,0.0
74.84999999999789,38.99999999999939,42.3499999999992,42.306781068342545,3.3510321638291103,1.0,2,0.9,0.7,1.1,0.0,0.0,0.0
74.84999999999789,38.99999999999939,42.3499999999992,42.306781068342545,3.3510321638291103,1.0,3,1.3,1.1,1.5,0.0,0.0,0.0
74.84999999999789,38.99999999999939,42.3499999999992,42.306781068342545,3.3510321638291103,1.0,4,1.7000000000000002,1.5000000000000002,1.9000000000000001,0.0,0.0,0.0
74.84999999999789,38.99999999999939,42.3499999999992,42.306781068342545,3.3510321638291103,1.0,5,2.1,1.9000000000000001,2.3000000000000003,0.0,0.0,0.0
74.84999999999789,38.99999999999939,42.3499999999992,42.306781068342545,3.3510321638291103,1.0,6,2.5,2.3,2.7,0.0,0.0,0.0
74.84999999999789,39.049999999999386,42.3499999999992,42.306781068342545,3.3510321638291103,1.0,1,0.5,0.3,0.7,0.0,0.0,0.0
74.84999999999789,39.049999999999386,42.3499999999992,42.306781068342545,3.3510321638291103,1.0,2,0.9,0.7,1.1,0.0,0.0,0.0
74.84999999999789,39.049999999999386,42.3499999999992,42.306781068342545,3.3510321638291103,1.0,3,1.3,1.1,1.5,0.0,0.0,0.0
74.84999999999789,39.049999999999386,42.3499999999992,42.306781068342545,3.3510321638291103,1.0,4,1.7000000000000002,1.5000000000000002,1.9000000000000001,0.0,0.0,0.0
74.84999999999789,39.049999999999386,42.3499999999992,42.306781068342545,3.3510321638291103,1.0,5,2.1,1.9000000000000001,2.3000000000000003,0.0,0.0,0.0
74.84999999999789,39.049999999999386,42.3499999999992,42.306781068342545,3.3510321638291103,1.0,6,2.5,2.3,2.7,0.0,0.0,0.0
74.84999999999789,39.09999999999938,42.3499999999992,42.306781068342545,3.3510321638291103,1.0,1,0.5,0.3,0.7,0.0,0.0,0.0
74.84999999999789,39.09999999999938,42.3499999999992,42.306781068342545,3.3510321638291103,1.0,2,0.9,0.7,1.1,0.0,0.0,0.0
74.84999999999789,39.09999999999938,42.3499999999992,42.306781068342545,3.3510321638291103,1.0,3,1.3,1.1,1.5,0.0,0.0,0.0
74.84999999999789,39.09999999999938,42.3499999999992,42.306781068342545,3.3510321638291103,1.0,4,1.7000000000000002,1.5000000000000002,1.9000000000000001,0.0,0.0,0.0
74.84999999999789,39.09999999999938,42.3499999999992,42.306781068342545,3.3510321638291103,1.0,5,2.1,1.9000000000000001,2.3000000000000003,0.0,0.0,0.0
74.84999999999789,39.09999999999938,42.3499999999992,42.306781068342545,3.3510321638291103,1.0,6,2.5,2.3,2.7,0.0,0.0,0.0
74.84999999999789,39.14999999999938,42.3499999999992,42.306781068342545,3.3510321638291103,1.0,1,0.5,0.3,0.7,0.0,0.0,0.0
74.84999999999789,39.14999999999938,42.3499999999992,42.306781068342545,3.3510321638291103,1.0,2,0.9,0.7,1.1,0.0,0.0,0.0
74.84999999999789,39.14999999999938,42.3499999999992,42.306781068342545,3.3510321638291103,1.0,3,1.3,1.1,1.5,0.0,0.0,0.0
74.84999999999789,39.14999999999938,42.3499999999992,42.306781068342545,3.3510321638291103,1.0,4,1.7000000000000002,1.5000000000000002,1.9000000000000001,0.0,0.0,0.0
74.84999999999789,39.14999999999938,42.3499999999992,42.306781068342545,3.3510321638291103,1.0,5,2.1,1.9000000000000001,2.3000000000000003,0.0,0.0,0.0
74.84999999999789,39.14999999999938,42.3499999999992,42.306781068342545,3.3510321638291103,1.0,6,2.5,2.3,2.7,0.0,0.0,0.0
74.84999999999789,39.19999999999938,42.3499999999992,42.306781068342545,3.3510321638291103,1.0,1,0.5,0.3,0.7,0.0,0.0,0.0
74.84999999999789,39.19999999999938,42.3499999999992,42.306781068342545,3.3510321638291103,1.0,2,0.9,0.7,1.1,0.0,0.0,0.0
74.84999999999789,39.19999999999938,42.3499999999992,42.306781068342545,3.3510321638291103,1.0,3,1.3,1.1,1.5,0.0,0.0,0.0
74.84999999999789,39.19999999999938,42.3499999999992,42.306781068342545,3.3510321638291103,1.0,4,1.7000000000000002,1.5000000000000002,1.9000000000000001,0.0,0.0,0.0
74.84999999999789,39.19999999999938,42.3499999999992,42.306781068342545,3.3510321638291103,1.0,5,2.1,1.9000000000000001,2.3000000000000003,0.0,0.0,0.0
74.84999999999789,39.19999999999938,42.3499999999992,42.306781068342545,3.3510321638291103,1.0,6,2.5,2.3,2.7,0.0,0.0,0.0
74.84999999999789,39.249999999999375,42.3499999999992,42.306781068342545,3.3510321638291103,1.0,1,0.5,0.3,0.7,0.0,0.0,0.0
74.84999999999789,39.249999999999375,42.3499999999992,42.306781068342545,3.3510321638291103,1.0,2,0.9,0.7,1.1,0.0,0.0,0.0
74.84999999999789,39.249999999999375,42.3499999999992,42.306781068342545,3.3510321638291103,1.0,3,1.3,1.1,1.5,0.0,0.0,0.0
74.84999999999789,39.249999999999375,42.3499999999992,42.306781068342545,3.3510321638291103,1.0,4,1.7000000000000002,1.5000000000000002,1.9000000000000001,0.0,0.0,0.0
74.84999999999789,39.249999999999375,42.3499999999992,42.306781068342545,3.3510321638291103,1.0,5,2.1,1.9000000000000001,2.3000000000000003,0.0,0.0,0.0
74.84999999999789,39.249999999999375,42.3499999999992,42.306781068342545,3.3510321638291103,1.0,6,2.5,2.3,2.7,0.0,0.0,0.0
74.84999999999789,39.29999999999937,42.3499999999992,42.306781068342545,3.3510321638291103,1.0,1,0.5,0.3,0.7,0.0,0.0,0.0
74.84999999999789,39.29999999999937,42.3499999999992,42.306781068342545,3.3510321638291103,1.0,2,0.9,0.7,1.1,0.0,0.0,0.0
74.84999999999789,39.29999999999937,42.3499999999992,42.306781068342545,3.3510321638291103,1.0,3,1.3,1.1,1.5,0.0,0.0,0.0
74.84999999999789,39.29999999999937,42.3499999999992,42.306781068342545,3.3510321638291103,1.0,4,1.7000000000000002,1.5000000000000002,1.9000000000000001,0.0,0.0,0.0
74.84999999999789,39.29999999999937,42.3499999999992,42.306781068342545,3.3510321638291103,1.0,5,2.1,1.9000000000000001,2.3000000000000003,0.0,0.0,0.0
74.84999999999789,39.29999999999937,42.3499999999992,42.306781068342545,3.3510321638291103,1.0,6,2.5,2.3,2.7,0.0,0.0,0.0
74.84999999999789,39.34999999999937,42.3499999999992,42.306781068342545,3.3510321638291103,1.0,1,0.5,0.3,0.7,0.0,0.0,0.0
74.84999999999789,39.34999999999937,42.3499999999992,42.306781068342545,3.3510321638291103,1.0,2,0.9,0.7,1.1,0.0,0.0,0.0
74.84999999999789,39.34999999999937,42.3499999999992,42.306781068342545,3.3510321638291103,1.0,3,1.3,1.1,1.5,0.0,0.0,0.0
74.84999999999789,39.34999999999937,42.3499999999992,42.306781068342545,3.3510321638291103,1.0,4,1.7000000000000002,1.5000000000000002,1.9000000000000001,0.0,0.0,0.0
74.84999999999789,39.34999999999937,42.3499999999992,42.306781068342545,3.3510321638291103,1.0,5,2.1,1.9000000000000001,2.3000000000000003,0.0,0.0,0.0
74.84999999999789,39.34999999999937,42.3499999999992,42.306781068342545,3.3510321638291103,1.0,6,2.5,2.3,2.7,0.0,0.0,0.0
75.24999999999787,39.399999999999366,42.749999999999176,42.725660088821186,3.3510321638291174,1.0,1,0.5,0.3,0.7,0.0,0.0,0.0
75.24999999999787,39.399999999999366,42.749999999999176,42.725660088821186,3.3510321638291174,1.0,2,0.9,0.7,1.1,0.0,0.0,0.0
75.24999999999787,39.399999999999366,42.749999999999176,42.725660088821186,3.3510321638291174,1.0,3,1.3,1.1,1.5,0.0,0.0,0.0
75.24999999999787,39.399999999999366,42.749999999999176,42.725660088821186,3.3510321638291174,1.0,4,1.7000000000000002,1.5000000000000002,1.9000000000000001,0.0,0.0,0.0
75.24999999999787,39.399999999999366,42.749999999999176,42.725660088821186,3.3510321638291174,1.0,5,2.1,1.9000000000000001,2.3000000000000003,0.0,0.0,0.0
75.24999999999787,39.399999999999366,42.749999999999176,42.725660088821186,3.3510321638291174,1.0,6,2.5,2.3,2.7,0.0,0.0,0.0
75.24999999999787,39.44999999999936,42.749999999999176,42.725660088821186,3.3510321638291174,1.0,1,0.5,0.3,0.7,0.0,0.0,0.0
75.24999999999787,39.44999999999936,42.749999999999176,42.725660088821186,3.3510321638291174,1.0,2,0.9,0.7,1.1,0.0,0.0,0.0
75.24999999999787,39.44999999999936,42.749999999999176,42.725660088821186,3.3510321638291174,1.0,3,1.3,1.1,1.5,0.0,0.0,0.0
75.24999999999787,39.44999999999936,42.749999999999176,42.725660088821186,3.3510321638291174,1.0,4,1.7000000000000002,1.5000000000000002,1.9000000000000001,0.0,0.0,0.0
75.24999999999787,39.44999999999936,42.749999999999176,42.725660088821186,3.3510321638291174,1.0,5,2.1,1.9000000000000001,2.3000000000000003,0.0,0.0,0.0
75.24999999999787,39.44999999999936,42.749999999999176,42.725660088821186,3.3510321638291174,1.0,6,2.5,2.3,2.7,0.0,0.0,0.0
75.24999999999787,39.49999999999936,42.749999999999176,42.725660088821186,3.3510321638291174,1.0,1,0.5,0.3,0.7,0.0,0.0,0.0
75.24999999999787,39.49999999999936,42.749999999999176,42.725660088821186,3.3510321638291174,1.0,2,0.9,0.7,1.1,0.0,0.0,0.0
75.24999999999787,39.49999999999936,42.749999999999176,42.725660088821186,3.3510321638291174,1.0,3,1.3,1.1,1.5,0.0,0.0,0.0
75.24999999999787,39.49999999999936,42.749999999999176,42.725660088821186,3.3510321638291174,1.0,4,1.7000000000000002,1.5000000000000002,1.9000000000000001,0.0,0.0,0.0
75.24999999999787,39.49999999999936,42.749999999999176,42.725660088821186,3.3510321638291174,1.0,5,2.1,1.9000000000000001,2.3000000000000003,0.0,0.0,0.0
75.24999999999787,39.49999999999936,42.749999999999176,42.725660088821186,3.3510321638291174,1.0,6,2.5,2.3,2.7,0.0,0.0,0.0
75.24999999999787,39.54999999999936,42.749999999999176,42.725660088821186,3.3510321638291174,1.0,1,0.5,0.3,0.7,0.0,0.0,0.0
75.24999999999787,39.54999999999936,42.749999999999176,42.725660088821186,3.3510321638291174,1.0,2,0.9,0.7,1.1,0.0,0.0,0.0
75.24999999999787,39.54999999999936,42.749999999999176,42.725660088821186,3.3510321638291174,1.0,3,1.3,1.1,1.5,0.0,0.0,0.0
75.24999999999787,39.54999999999936,42.749999999999176,42.725660088821186,3.3510321638291174,1.0,4,1.7000000000000002,1.5000000000000002,1.9000000000000001,0.0,0.0,0.0
75.24999999999787,39.54999999999936,42.749999999999176,42.725660088821186,3.3510321638291174,1.0,5,2.1,1.9000000000000001,2.3000000000000003,0.0,0.0,0.0
75.24999999999787,39.54999999999936,42.749999999999176,42.725660088821186,3.3510321638291174,1.0,6,2.5,2.3,2.7,0.0,0.0,0.0
75.24999999999787,39.599999999999355,42.749999999999176,42.725660088821186,3.3510321638291174,1.0,1,0.5,0.3,0.7,0.0,0.0,0.0
75.24999999999787,39.599999999999355,42.749999999999176,42.725660088821186,3.3510321638291174,1.0,2,0.9,0.7,1.1,0.0,0.0,0.0
75.24999999999787,39.599999999999355,42.749999999999176,42.725660088821186,3.3510321638291174,1.0,3,1.3,1.1,1.5,0.0,0.0,0.0
75.24999999999787,39.599999999999355,42.749999999999176,42.725660088821186,3.3510321638291174,1.0,4,1.7000000000000002,1.5000000000000002,1.9000000000000001,0.0,0.0,0.0
75.24999999999787,39.599999999999355,42.749999999999176,42.725660088821186,3.3510321638291174,1.0,5,2.1,1.9000000000000001,2.3000000000000003,0.0,0.0,0.0
75.24999999999787,39.599999999999355,42.749999999999176,42.725660088821186,3.3510321638291174,1.0,6,2.5,2.3,2.7,0.0,0.0,0.0
75.24999999999787,39.64999999999935,42.749999999999176,42.725660088821186,3.3510321638291174,1.0,1,0.5,0.3,0.7,0.0,0.0,0.0
75.24999999999787,39.64999999999935,42.749999999999176,42.725660088821186,3.3510321638291174,1.0,2,0.9,0.7,1.1,0.0,0.0,0.0
75.24999999999787,39.64999999999935,42.749999999999176,42.725660088821186,3.3510321638291174,1.0,3,1.3,1.1,1.5,0.0,0.0,0.0
75.24999999999787,39.64999999999935,42.749999999999176,42.725660088821186,3.3510321638291174,1.0,4,1.7000000000000002,1.5000000000000002,1.9000000000000001,0.0,0.0,0.0
75.24999999999787,39.64999999999935,42.749999999999176,42.725660088821186,3.3510321638291174,1.0,5,2.1,1.9000000000000001,2.3000000000000003,0.0,0.0,0.0
75.24999999999787,39.64999999999935,42.749999999999176,42.725660088821186,3.3510321638291174,1.0,6,2.5,2.3,2.7,0.0,0.0,0.0
75.24999999999787,39.69999999999935,42.749999999999176,42.725660088821186,3.3510321638291174,1.0,1,0.5,0.3,0.7,0.0,0.0,0.0
75.24999999999787,39.69999999999935,42.749999999999176,42.725660088821186,3.3510321638291174,1.0,2,0.9,0.7,1.1,0.0,0.0,0.0
75.24999999999787,39.69999999999935,42.749999999999176,42.725660088821186,3.3510321638291174,1.0,3,1.3,1.1,1.5,0.0,0.0,0.0
75.24999999999787,39.69999999999935,42.749999999999176,42.725660088821186,3.3510321638291174,1.0,4,1.7000000000000002,1.5000000000000002,1.9000000000000001,0.0,0.0,0.0
75.24999999999787,39.69999999999935,42.749999999999176,42.725660088821186,3.3510321638291174,1.0,5,2.1,1.9000000000000001,2.3000000000000003,0.0,0.0,0.0
75.24999999999787,39.69999999999935,42.749999999999176,42.725660088821186,3.3510321638291174,1.0,6,2.5,2.3,2.7,0.0,0.0,0.0
75.24999999999787,39.749999999999346,42.749999999999176,42.725660088821186,3.3510321638291174,1.0,1,0.5,0.3,0.7,0.0,0.0,0.0
75.24999999999787,39.749999999999346,42.749999999999176,42.725660088821186,3.3510321638291174,1.0,2,0.9,0.7,1.1,0.0,0.0,0.0
75.24999999999787,39.749999999999346,42.749999999999176,42.725660088821186,3.3510321638291174,1.0,3,1.3,1.1,1.5,0.0,0.0,0.0
75.24999999999787,39.749999999999346,42.749999999999176,42.725660088821186,3.3510321638291174,1.0,4,1.7000000000000002,1.5000000000000002,1.9000000000000001,0.0,0.0,0.0
75.24999999999787,39.749999999999346,42.749999999999176,42.725660088821186,3.3510321638291174,1.0,5,2.1,1.9000000000000001,2.3000000000000003,0.0,0.0,0.0
75.24999999999787,39.749999999999346,42.749999999999176,42.725660088821186,3.3510321638291174,1.0,6,2.5,2.3,2.7,0.0,0.0,0.0
75.64999999999785,39.79999999999934,43.14999999999915,43.14453910929982,3.3510321638291103,1.0,1,0.5,0.3,0.7,0.0,0.0,0.0
75.64999999999785,39.79999999999934,43.14999999999915,43.14453910929982,3.3510321638291103,1.0,2,0.9,0.7,1.1,0.0,0.0,0.0
75.64999999999785,39.79999999999934,43.14999999999915,43.14453910929982,3.3510321638291103,1.0,3,1.3,1.1,1.5,0.0,0.0,0.0
75.64999999999785,39.79999999999934,43.14999999999915,43.14453910929982,3.3510321638291103,1.0,4,1.7000000000000002,1.5000000000000002,1.9000000000000001,0.0,0.0,0.0
75.64999999999785,39.79999999999934,43.14999999999915,43.14453910929982,3.3510321638291103,1.0,5,2.1,1.9000000000000001,2.3000000000000003,0.0,0.0,0.0
75.64999999999785,39.79999999999934,43.14999999999915,43.14453910929982,3.3510321638291103,1.0,6,2.5,2.3,2.7,0.0,0.0,0.0
75.64999999999785,39.84999999999934,43.14999999999915,43.14453910929982,3.3510321638291103,1.0,1,0.5,0.3,0.7,0.0,0.0,0.0
75.64999999999785,39.84999999999934,43.14999999999915,43.14453910929982,3.3510321638291103,1.0,2,0.9,0.7,1.1,0.0,0.0,0.0
75.64999999999785,39.84999999999934,43.14999999999915,43.14453910929982,3.3510321638291103,1.0,3,1.3,1.1,1.5,0.0,0.0,0.0
75.64999999999785,39.84999999999934,43.14999999999915,43.14453910929982,3.3510321638291103,1.0,4,1.7000000000000002,1.5000000000000002,1.9000000000000001,0.0,0.0,0.0
75.64999999999785,39.84999999999934,43.14999999999915,43.14453910929982,3.3510321638291103,1.0,5,2.1,1.9000000000000001,2.3000000000000003,0.0,0.0,0.0
75.64999999999785,39.84999999999934,43.14999999999915,43.14453910929982,3.3510321638291103,1.0,6,2.5,2.3,2.7,0.0,0.0,0.0
75.64999999999785,39.89999999999934,43.14999999999915,43.14453910929982,3.3510321638291103,1.0,1,0.5,0.3,0.7,0.0,0.0,0.0
75.64999999999785,39.89999999999934,43.14999999999915,43.14453910929982,3.3510321638291103,1.0,2,0.9,0.7,1.1,0.0,0.0,0.0
75.64999999999785,39.89999999999934,43.14999999999915,43.14453910929982,3.3510321638291103,1.0,3,1.3,1.1,1.5,0.0,0.0,0.0
75.64999999999785,39.89999999999934,43.14999999999915,43.14453910929982,3.3510321638291103,1.0,4,1.7000000000000002,1.5000000000000002,1.9000000000000001,0.0,0.0,0.0
75.64999999999785,39.89999999999934,43.14999999999915,43.14453910929982,3.3510321638291103,1.0,5,2.1,1.9000000000000001,2.3000000000000003,0.0,0.0,0.0
75.64999999999785,39.89999999999934,43.14999999999915,43.14453910929982,3.3510321638291103,1.0,6,2.5,2.3,2.7,0.0,0.0,0.0
75.64999999999785,39.949999999999335,43.14999999999915,43.14453910929982,3.3510321638291103,1.0,1,0.5,0.3,0.7,0.0,0.0,0.0
75.64999999999785,39.949999999999335,43.14999999999915,43.14453910929982,3.3510321638291103,1.0,2,0.9,0.7,1.1,0.0,0.0,0.0
75.64999999999785,39.949999999999335,43.14999999999915,43.14453910929982,3.3510321638291103,1.0,3,1.3,1.1,1.5,0.0,0.0,0.0
75.64999999999785,39.949999999999335,43.14999999999915,43.14453910929982,3.3510321638291103,1.0,4,1.7000000000000002,1.5000000000000002,1.9000000000000001,0.0,0.0,0.0
75.64999999999785,39.949999999999335,43.14999999999915,43.14453910929982,3.3510321638291103,1.0,5,2.1,1.9000000000000001,2.3000000000000003,0.0,0.0,0.0
75.64999999999785,39.949999999999335,43.14999999999915,43.14453910929982,3.3510321638291103,1.0,6,2.5,2.3,2.7,0.0,0.0,0.0
75.64999999999785,39.99999999999933,43.14999999999915,43.14453910929982,3.3510321638291103,1.0,1,0.5,0.3,0.7,0.0,0.0,0.0
75.64999999999785,39.99999999999933,43.14999999999915,43.14453910929982,3.3510321638291103,1.0,2,0.9,0.7,1.1,0.0,0.0,0.0
75.64999999999785,39.99999999999933,43.14999999999915,43.14453910929982,3.3510321638291103,1.0,3,1.3,1.1,1.5,0.0,0.0,0.0
75.64999999999785,39.99999999999933,43.14999999999915,43.14453910929982,3.3510321638291103,1.0,4,1.7000000000000002,1.5000000000000002,1.9000000000000001,0.0,0.0,0.0
75.64999999999785,39.99999999999933,43.14999999999915,43.14453910929982,3.3510321638291103,1.0,5,2.1,1.9000000000000001,2.3000000000000003,0.0,0.0,0.0
75.64999999999785,39.99999999999933,43.14999999999915,43.14453910929982,3.3510321638291103,1.0,6,2.5,2.3,2.7,0.0,0.0,0.0
75.64999999999785,40.04999999999933,43.14999999999915,43.14453910929982,3.3510321638291103,1.0,1,0.5,0.3,0.7,0.0,0.0,0.0
75.64999999999785,40.04999999999933,43.14999999999915,43.14453910929982,3.3510321638291103,1.0,2,0.9,0.7,1.1,0.0,0.0,0.0
75.64999999999785,40.04999999999933,43.14999999999915,43.14453910929982,3.3510321638291103,1.0,3,1.3,1.1,1.5,0.0,0.0,0.0
75.64999999999785,40.04999999999933,43.14999999999915,43.14453910929982,3.3510321638291103,1.0,4,1.7000000000000002,1.5000000000000002,1.9000000000000001,0.0,0.0,0.0
75.64999999999785,40.04999999999933,43.14999999999915,43.14453910929982,3.3510321638291103,1.0,5,2.1,1.9000000000000001,2.3000000000000003,0.0,0.0,0.0
75.64999999999785,40.04999999999933,43.14999999999915,43.14453910929982,3.3510321638291103,1.0,6,2.5,2.3,2.7,0.0,0.0,0.0
75.64999999999785,40.099999999999326,43.14999999999915,43.14453910929982,3.3510321638291103,1.0,1,0.5,0.3,0.7,0.0,0.0,0.0
75.64999999999785,40.099999999999326,43.14999999999915,43.14453910929982,3.3510321638291103,1.0,2,0.9,0.7,1.1,0.0,0.0,0.0
75.64999999999785,40.099999999999326,43.14999999999915,43.14453910929982,3.3510321638291103,1.0,3,1.3,1.1,1.5,0.0,0.0,0.0
75.64999999999785,40.099999999999326,43.14999999999915,43.14453910929982,3.3510321638291103,1.0,4,1.7000000000000002,1.5000000000000002,1.9000000000000001,0.0,0.0,0.0
75.64999999999785,40.099999999999326,43.14999999999915,43.14453910929982,3.3510321638291103,1.0,5,2.1,1.9000000000000001,2.3000000000000003,0.0,0.0,0.0
75.64999999999785,40.099999999999326,43.14999999999915,43.14453910929982,3.3510321638291103,1.0,6,2.5,2.3,2.7,0.0,0.0,0.0
75.64999999999785,40.149999999999324,43.14999999999915,43.14453910929982,3.3510321638291103,1.0,1,0.5,0.3,0.7,0.0,0.0,0.0
75.64999999999785,40.149999999999324,43.14999999999915,43.14453910929982,3.3510321638291103,1.0,2,0.9,0.7,1.1,0.0,0.0,0.0
75.64999999999785,40.149999999999324,43.14999999999915,43.14453910929982,3.3510321638291103,1.0,3,1.3,1.1,1.5,0.0,0.0,0.0
75.64999999999785,40.149999999999324,43.14999999999915,43.14453910929982,3.3510321638291103,1.0,4,1.7000000000000002,1.5000000000000002,1.9000000000000001,0.0,0.0,0.0
75.64999999999785,40.149999999999324,43.14999999999915,43.14453910929982,3.3510321638291103,1.0,5,2.1,1.9000000000000001,2.3000000000000003,0.0,0.0,0.0
75.64999999999785,40.149999999999324,43.14999999999915,43.14453910929982,3.3510321638291103,1.0,6,2.5,2.3,2.7,0.0,0.0,0.0
75.64999999999785,40.19999999999932,43.14999999999915,43.14453910929982,3.3510321638291103,1.0,1,0.5,0.3,0.7,0.0,0.0,0.0
75.64999999999785,40.19999999999932,43.14999999999915,43.14453910929982,3.3510321638291103,1.0,2,0.9,0.7,1.1,0.0,0.0,0.0
75.64999999999785,40.19999999999932,43.14999999999915,43.14453910929982,3.3510321638291103,1.0,3,1.3,1.1,1.5,0.0,0.0,0.0
75.64999999999785,40.19999999999932,43.14999999999915,43.14453910929982,3.3510321638291103,1.0,4,1.7000000000000002,1.5000000000000002,1.9000000000000001,0.0,0.0,0.0
75.64999999999785,40.19999999999932,43.14999999999915,43.14453910929982,3.3510321638291103,1.0,5,2.1,1.9000000000000001,2.3000000000000003,0.0,0.0,0.0
75.64999999999785,40.19999999999932,43.14999999999915,43.14453910929982,3.3510321638291103,1.0,6,2.5,2.3,2.7,0.0,0.0,0.0
76.09999999999782,40.24999999999932,43.59999999999913,43.56341812977846,3.3510321638291103,1.0,1,0.5,0.3,0.7,0.0,0.0,0.0
76.09999999999782,40.24999999999932,43.59999999999913,43.56341812977846,3.3510321638291103,1.0,2,0.9,0.7,1.1,0.0,0.0,0.0
76.09999999999782,40.24999999999932,43.59999999999913,43.56341812977846,3.3510321638291103,1.0,3,1.3,1.1,1.5,0.0,0.0,0.0
76.09999999999782,40.24999999999932,43.59999999999913,43.56341812977846,3.3510321638291103,1.0,4,1.7000000000000002,1.5000000000000002,1.9000000000000001,0.0,0.0,0.0
76.09999999999782,40.24999999999932,43.59999999999913,43.56341812977846,3.3510321638291103,1.0,5,2.1,1.9000000000000001,2.3000000000000003,0.0,0.0,0.0
76.09999999999782,40.24999999999932,43.59999999999913,43.56341812977846,3.3510321638291103,1.0,6,2.5,2.3,2.7,0.0,0.0,0.0
76.09999999999782,40.299999999999315,43.59999999999913,43.56341812977846,3.3510321638291103,1.0,1,0.5,0.3,0.7,0.0,0.0,0.0
76.09999999999782,40.299999999999315,43.59999999999913,43.56341812977846,3.3510321638291103,1.0,2,0.9,0.7,1.1,0.0,0.0,0.0
76.09999999999782,40.299999999999315,43.59999999999913,43.56341812977846,3.3510321638291103,1.0,3,1.3,1.1,1.5,0.0,0.0,0.0
76.09999999999782,40.299999999999315,43.59999999999913,43.56341812977846,3.3510321638291103,1.0,4,1.7000000000000002,1.5000000000000002,1.9000000000000001,0.0,0.0,0.0
76.09999999999782,40.299999999999315,43.59999999999913,43.56341812977846,3.3510321638291103,1.0,5,2.1,1.9000000000000001,2.3000000000000003,0.0,0.0,0.0
76.09999999999782,40.299999999999315,43.59999999999913,43.56341812977846,3.3510321638291103,1.0,6,2.5,2.3,2.7,0.0,0.0,0.0
76.09999999999782,40.34999999999931,43.59999999999913,43.56341812977846,3.3510321638291103,1.0,1,0.5,0.3,0.7,0.0,0.0,0.0
76.09999999999782,40.34999999999931,43.59999999999913,43.56341812977846,3.3510321638291103,1.0,2,0.9,0.7,1.1,0.0,0.0,0.0
76.09999999999782,40.34999999999931,43.59999999999913,43.56341812977846,3.3510321638291103,1.0,3,1.3,1.1,1.5,0.0,0.0,0.0
76.09999999999782,40.34999999999931,43.59999999999913,43.56341812977846,3.3510321638291103,1.0,4,1.7000000000000002,1.5000000000000002,1.9000000000000001,0.0,0.0,0.0
76.09999999999782,40.34999999999931,43.59999999999913,43.56341812977846,3.3510321638291103,1.0,5,2.1,1.9000000000000001,2.3000000000000003,0.0,0.0,0.0
76.09999999999782,40.34999999999931,43.59999999999913,43.56341812977846,3.3510321638291103,1.0,6,2.5,2.3,2.7,0.0,0.0,0.0
76.09999999999782,40.39999999999931,43.59999999999913,43.56341812977846,3.3510321638291103,1.0,1,0.5,0.3,0.7,0.0,0.0,0.0
76.09999999999782,40.39999999999931,43.59999999999913,43.56341812977846,3.3510321638291103,1.0,2,0.9,0.7,1.1,0.0,0.0,0.0
76.09999999999782,40.39999999999931,43.59999999999913,43.56341812977846,3.3510321638291103,1.0,3,1.3,1.1,1.5,0.0,0.0,0.0
76.09999999999782,40.39999999999931,43.59999999999913,43.56341812977846,3.3510321638291103,1.0,4,1.7000000000000002,1.5000000000000002,1.9000000000000001,0.0,0.0,0.0
76.09999999999782,40.39999999999931,43.59999999999913,43.56341812977846,3.3510321638291103,1.0,5,2.1,1.9000000000000001,2.3000000000000003,0.0,0.0,0.0
76.09999999999782,40.39999999999931,43.59999999999913,43.56341812977846,3.3510321638291103,1.0,6,2.5,2.3,2.7,0.0,0.0,0.0
76.09999999999782,40.44999999999931,43.59999999999913,43.56341812977846,3.3510321638291103,1.0,1,0.5,0.3,0.7,0.0,0.0,0.0
76.09999999999782,40.44999999999931,43.59999999999913,43.56341812977846,3.3510321638291103,1.0,2,0.9,0.7,1.1,0.0,0.0,0.0
76.09999999999782,40.44999999999931,43.59999999999913,43.56341812977846,3.3510321638291103,1.0,3,1.3,1.1,1.5,0.0,0.0,0.0
76.09999999999782,40.44999999999931,43.59999999999913,43.56341812977846,3.3510321638291103,1.0,4,1.7000000000000002,1.5000000000000002,1.9000000000000001,0.0,0.0,0.0
76.09999999999782,40.44999999999931,43.59999999999913,43.56341812977846,3.3510321638291103,1.0,5,2.1,1.9000000000000001,2.3000000000000003,0.0,0.0,0.0
76.09999999999782,40.44999999999931,43.59999999999913,43.56341812977846,3.3510321638291103,1.0,6,2.5,2.3,2.7,0.0,0.0,0.0
76.09999999999782,40.499999999999304,43.59999999999913,43.56341812977846,3.3510321638291103,1.0,1,0.5,0.3,0.7,0.0,0.0,0.0
76.09999999999782,40.499999999999304,43.59999999999913,43.56341812977846,3.3510321638291103,1.0,2,0.9,0.7,1.1,0.0,0.0,0.0
76.09999999999782,40.499999999999304,43.59999999999913,43.56341812977846,3.3510321638291103,1.0,3,1.3,1.1,1.5,0.0,0.0,0.0
76.09999999999782,40.499999999999304,43.59999999999913,43.56341812977846,3.3510321638291103,1.0,4,1.7000000000000002,1.5000000000000002,1.9000000000000001,0.0,0.0,0.0
76.09999999999782,40.499999999999304,43.59999999999913,43.56341812977846,3.3510321638291103,1.0,5,2.1,1.9000000000000001,2.3000000000000003,0.0,0.0,0.0
76.09999999999782,40.499999999999304,43.59999999999913,43.56341812977846,3.3510321638291103,1.0,6,2.5,2.3,2.7,0.0,0.0,0.0
76.09999999999782,40.5499999999993,43.59999999999913,43.56341812977846,3.3510321638291103,1.0,1,0.5,0.3,0.7,0.0,0.0,0.0
76.09999999999782,40.5499999999993,43.59999999999913,43.56341812977846,3.3510321638291103,1.0,2,0.9,0.7,1.1,0.0,0.0,0.0
76.09999999999782,40.5499999999993,43.59999999999913,43.56341812977846,3.3510321638291103,1.0,3,1.3,1.1,1.5,0.0,0.0,0.0
76.09999999999782,40.5499999999993,43.59999999999913,43.56341812977846,3.3510321638291103,1.0,4,1.7000000000000002,1.5000000000000002,1.9000000000000001,0.0,0.0,0.0
76.09999999999782,40.5499999999993,43.59999999999913,43.56341812977846,3.3510321638291103,1.0,5,2.1,1.9000000000000001,2.3000000000000003,0.0,0.0,0.0
76.09999999999782,40.5499999999993,43.59999999999913,43.56341812977846,3.3510321638291103,1.0,6,2.5,2.3,2.7,0.0,0.0,0.0
76.09999999999782,40.5999999999993,43.59999999999913,43.56341812977846,3.3510321638291103,1.0,1,0.5,0.3,0.7,0.0,0.0,0.0
76.09999999999782,40.5999999999993,43.59999999999913,43.56341812977846,3.3510321638291103,1.0,2,0.9,0.7,1.1,0.0,0.0,0.0
76.09999999999782,40.5999999999993,43.59999999999913,43.56341812977846,3.3510321638291103,1.0,3,1.3,1.1,1.5,0.0,0.0,0.0
76.09999999999782,40.5999999999993,43.59999999999913,43.56341812977846,3.3510321638291103,1.0,4,1.7000000000000002,1.5000000000000002,1.9000000000000001,0.0,0.0,0.0
76.09999999999782,40.5999999999993,43.59999999999913,43.56341812977846,3.3510321638291103,1.0,5,2.1,1.9000000000000001,2.3000000000000003,0.0,0.0,0.0
76.09999999999782,40.5999999999993,43.59999999999913,43.56341812977846,3.3510321638291103,1.0,6,2.5,2.3,2.7,0.0,0.0,0.0
76.4999999999978,40.649999999999295,43.999999999999105,43.982297150257104,3.3510321638291174,1.0,1,0.5,0.3,0.7,0.0,0.0,0.0
76.4999999999978,40.649999999999295,43.999999999999105,43.982297150257104,3.3510321638291174,1.0,2,0.9,0.7,1.1,0.0,0.0,0.0
76.4999999999978,40.649999999999295,43.999999999999105,43.982297150257104,3.3510321638291174,1.0,3,1.3,1.1,1.5,0.0,0.0,0.0
76.4999999999978,40.649999999999295,43.999999999999105,43.982297150257104,3.3510321638291174,1.0,4,1.7000000000000002,1.5000000000000002,1.9000000000000001,0.0,0.0,0.0
76.4999999999978,40.649999999999295,43.999999999999105,43.982297150257104,3.3510321638291174,1.0,5,2.1,1.9000000000000001,2.3000000000000003,0.0,0.0,0.0
76.4999999999978,40.649999999999295,43.999999999999105,43.982297150257104,3.3510321638291174,1.0,6,2.5,2.3,2.7,0.0,0.0,0.0
76.4999999999978,40.69999999999929,43.999999999999105,43.982297150257104,3.3510321638291174,1.0,1,0.5,0.3,0.7,0.0,0.0,0.0
76.4999999999978,40.69999999999929,43.999999999999105,43.982297150257104,3.3510321638291174,1.0,2,0.9,0.7,1.1,0.0,0.0,0.0
76.4999999999978,40.69999999999929,43.999999999999105,43.982297150257104,3.3510321638291174,1.0,3,1.3,1.1,1.5,0.0,0.0,0.0
76.4999999999978,40.69999999999929,43.999999999999105,43.982297150257104,3.3510321638291174,1.0,4,1.7000000000000002,1.5000000000000002,1.9000000000000001,0.0,0.0,0.0
76.4999999999978,40.69999999999929,43.999999999999105,43.982297150257104,3.3510321638291174,1.0,5,2.1,1.9000000000000001,2.3000000000000003,0.0,0.0,0.0
76.4999999999978,40.69999999999929,43.999999999999105,43.982297150257104,3.3510321638291174,1.0,6,2.5,2.3,2.7,0.0,0.0,0.0
76.4999999999978,40.74999999999929,43.999999999999105,43.982297150257104,3.3510321638291174,1.0,1,0.5,0.3,0.7,0.0,0.0,0.0
76.4999999999978,40.74999999999929,43.999999999999105,43.982297150257104,3.3510321638291174,1.0,2,0.9,0.7,1.1,0.0,0.0,0.0
76.4999999999978,40.74999999999929,43.999999999999105,43.982297150257104,3.3510321638291174,1.0,3,1.3,1.1,1.5,0.0,0.0,0.0
76.4999999999978,40.74999999999929,43.999999999999105,43.982297150257104,3.3510321638291174,1.0,4,1.7000000000000002,1.5000000000000002,1.9000000000000001,0.0,0.0,0.0
76.4999999999978,40.74999999999929,43.999999999999105,43.982297150257104,3.3510321638291174,1.0,5,2.1,1.9000000000000001,2.3000000000000003,0.0,0.0,0.0
76.4999999999978,40.74999999999929,43.999999999999105,43.982297150257104,3.3510321638291174,1.0,6,2.5,2.3,2.7,0.0,0.0,0.0
76.4999999999978,40.79999999999929,43.999999999999105,43.982297150257104,3.3510321638291174,1.0,1,0.5,0.3,0.7,0.0,0.0,0.0
76.4999999999978,40.79999999999929,43.999999999999105,43.982297150257104,3.3510321638291174,1.0,2,0.9,0.7,1.1,0.0,0.0,0.0
76.4999999999978,40.79999999999929,43.999999999999105,43.982297150257104,3.3510321638291174,1.0,3,1.3,1.1,1.5,0.0,0.0,0.0
76.4999999999978,40.79999999999929,43.999999999999105,43.982297150257104,3.3510321638291174,1.0,4,1.7000000000000002,1.5000000000000002,1.9000000000000001,0.0,0.0,0.0
76.4999999999978,40.79999999999929,43.999999999999105,43.982297150257104,3.3510321638291174,1.0,5,2.1,1.9000000000000001,2.3000000000000003,0.0,0.0,0.0
76.4999999999978,40.79999999999929,43.999999999999105,43.982297150257104,3.3510321638291174,1.0,6,2.5,2.3,2.7,0.0,0.0,0.0
76.4999999999978,40.849999999999284,43.999999999999105,43.982297150257104,3.3510321638291174,1.0,1,0.5,0.3,0.7,0.0,0.0,0.0
76.4999999999978,40.849999999999284,43.999999999999105,43.982297150257104,3.3510321638291174,1.0,2,0.9,0.7,1.1,0.08333333333333333,0.042499999999999996,15.0
76.4999999999978,40.849999999999284,43.999999999999105,43.982297150257104,3.3510321638291174,1.0,3,1.3,1.1,1.5,0.15,0.0765,15.0
76.4999999999978,40.849999999999284,43.999999999999105,43.982297150257104,3.3510321638291174,1.0,4,1.7000000000000002,1.5000000000000002,1.9000000000000001,0.044444444444444446,0.02266666666666667,15.0
76.4999999999978,40.849999999999284,43.999999999999105,43.982297150257104,3.3510321638291174,1.0,5,2.1,1.9000000000000001,2.3000000000000003,0.0,0.0,0.0
76.4999999999978,40.849999999999284,43.999999999999105,43.982297150257104,3.3510321638291174,1.0,6,2.5,2.3,2.7,0.0,0.0,0.0
76.4999999999978,40.89999999999928,43.999999999999105,43.982297150257104,3.3510321638291174,1.0,1,0.5,0.3,0.7,0.0,0.0,0.0
76.4999999999978,40.89999999999928,43.999999999999105,43.982297150257104,3.3510321638291174,1.0,2,0.9,0.7,1.1,0.2222222222222222,0.11333333333333333,15.0
76.4999999999978,40.89999999999928,43.999999999999105,43.982297150257104,3.3510321638291174,1.0,3,1.3,1.1,1.5,0.35,0.1785,22.312499999999996
76.4999999999978,40.89999999999928,43.999999999999105,43.982297150257104,3.3510321638291174,1.0,4,1.7000000000000002,1.5000000000000002,1.9000000000000001,0.022222222222222223,0.011333333333333334,15.0
76.4999999999978,40.89999999999928,43.999999999999105,43.982297150257104,3.3510321638291174,1.0,5,2.1,1.9000000000000001,2.3000000000000003,0.0,0.0,0.0
76.4999999999978,40.89999999999928,43.999999999999105,43.982297150257104,3.3510321638291174,1.0,6,2.5,2.3,2.7,0.0,0.0,0.0
76.4999999999978,40.94999999999928,43.999999999999105,43.982297150257104,3.3510321638291174,1.0,1,0.5,0.3,0.7,0.0,0.0,0.0
76.4999999999978,40.94999999999928,43.999999999999105,43.982297150257104,3.3510321638291174,1.0,2,0.9,0.7,1.1,0.19444444444444445,0.09916666666666667,15.0
76.4999999999978,40.94999999999928,43.999999999999105,43.982297150257104,3.3510321638291174,1.0,3,1.3,1.1,1.5,0.7,0.357,44.62499999999999
76.4999999999978,40.94999999999928,43.999999999999105,43.982297150257104,3.3510321638291174,1.0,4,1.7000000000000002,1.5000000000000002,1.9000000000000001,0.0,0.0,0.0
76.4999999999978,40.94999999999928,43.999999999999105,43.982297150257104,3.3510321638291174,1.0,5,2.1,1.9000000000000001,2.3000000000000003,0.0,0.0,0.0
76.4999999999978,40.94999999999928,43.999999999999105,43.982297150257104,3.3510321638291174,1.0,6,2.5,2.3,2.7,0.0,0.0,0.0
76.4999999999978,40.999999999999275,43.999999999999105,43.982297150257104,3.3510321638291174,1.0,1,0.5,0.3,0.7,0.0,0.0,0.0
76.4999999999978,40.999999999999275,43.999999999999105,43.982297150257104,3.3510321638291174,1.0,2,0.9,0.7,1.1,0.2777777777777778,0.14166666666666666,17.708333333333332
76.4999999999978,40.999999999999275,43.999999999999105,43.982297150257104,3.3510321638291174,1.0,3,1.3,1.1,1.5,0.925,0.47175000000000006,58.96875
76.4999999999978,40.999999999999275,43.999999999999105,43.982297150257104,3.3510321638291174,1.0,4,1.7000000000000002,1.5000000000000002,1.9000000000000001,0.022222222222222223,0.011333333333333334,15.0
76.4999999999978,40.999999999999275,43.999999999999105,43.982297150257104,3.3510321638291174,1.0,5,2.1,1.9000000000000001,2.3000000000000003,0.0,0.0,0.0
76.4999999999978,40.999999999999275,43.999999999999105,43.982297150257104,3.3510321638291174,1.0,6,2.5,2.3,2.7,0.0,0.0,0.0
76.4999999999978,41.04999999999927,43.999999999999105,43.982297150257104,3.3510321638291174,1.0,1,0.5,0.3,0.7,0.0,0.0,0.0
76.4999999999978,41.04999999999927,43.999999999999105,43.982297150257104,3.3510321638291174,1.0,2,0.9,0.7,1.1,0.16666666666666666,0.08499999999999999,15.0
76.4999999999978,41.04999999999927,43.999999999999105,43.982297150257104,3.3510321638291174,1.0,3,1.3,1.1,1.5,0.725,0.36974999999999997,46.21874999999999
76.4999999999978,41.04999999999927,43.999999999999105,43.982297150257104,3.3510321638291174,1.0,4,1.7000000000000002,1.5000000000000002,1.9000000000000001,0.022222222222222223,0.011333333333333334,15.0
76.4999999999978,41.04999999999927,43.999999999999105,43.982297150257104,3.3510321638291174,1.0,5,2.1,1.9000000000000001,2.3000000000000003,0.0,0.0,0.0
76.4999999999978,41.04999999999927,43.999999999999105,43.982297150257104,3.3510321638291174,1.0,6,2.5,2.3,2.7,0.0,0.0,0.0
76.94999999999777,41.09999999999927,44.44999999999908,44.40117617073574,3.3510321638291103,1.0,1,0.5,0.3,0.7,0.0,0.0,0.0
76.94999999999777,41.09999999999927,44.44999999999908,44.40117617073574,3.3510321638291103,1.0,2,0.9,0.7,1.1,0.16666666666666666,0.08499999999999999,15.0
76.94999999999777,41.09999999999927,44.44999999999908,44.40117617073574,3.3510321638291103,1.0,3,1.3,1.1,1.5,0.4,0.20400000000000001,25.5
76.94999999999777,41.09999999999927,44.44999999999908,44.40117617073574,3.3510321638291103,1.0,4,1.7000000000000002,1.5000000000000002,1.9000000000000001,0.022222222222222223,0.011333333333333334,15.0
76.94999999999777,41.09999999999927,44.44999999999908,44.40117617073574,3.3510321638291103,1.0,5,2.1,1.9000000000000001,2.3000000000000003,0.0,0.0,0.0
76.94999999999777,41.09999999999927,44.44999999999908,44.40117617073574,3.3510321638291103,1.0,6,2.5,2.3,2.7,0.0,0.0,0.0
76.94999999999777,41.14999999999927,44.44999999999908,44.40117617073574,3.3510321638291103,1.0,1,0.5,0.3,0.7,0.0,0.0,0.0
76.94999999999777,41.14999999999927,44.44999999999908,44.40117617073574,3.3510321638291103,1.0,2,0.9,0.7,1.1,0.027777777777777776,0.014166666666666666,15.0
76.94999999999777,41.14999999999927,44.44999999999908,44.40117617073574,3.3510321638291103,1.0,3,1.3,1.1,1.5,0.25,0.1275,15.9375
76.94999999999777,41.14999999999927,44.44999999999908,44.40117617073574,3.3510321638291103,1.0,4,1.7000000000000002,1.5000000000000002,1.9000000000000001,0.0,0.0,0.0
76.94999999999777,41.14999999999927,44.44999999999908,44.40117617073574,3.3510321638291103,1.0,5,2.1,1.9000000000000001,2.3000000000000003,0.0,0.0,0.0
76.94999999999777,41.14999999999927,44.44999999999908,44.40117617073574,3.3510321638291103,1.0,6,2.5,2.3,2.7,0.0,0.0,0.0
76.94999999999777,41.199999999999264,44.44999999999908,44.40117617073574,3.3510321638291103,1.0,1,0.5,0.3,0.7,0.0,0.0,0.0
76.94999999999777,41.199999999999264,44.44999999999908,44.40117617073574,3.3510321638291103,1.0,2,0.9,0.7,1.1,0.0,0.0,0.0
76.94999999999777,41.199999999999264,44.44999999999908,44.40117617073574,3.3510321638291103,1.0,3,1.3,1.1,1.5,0.0,0.0,0.0
76.94999999999777,41.199999999999264,44.44999999999908,44.40117617073574,3.3510321638291103,1.0,4,1.7000000000000002,1.5000000000000002,1.9000000000000001,0.0,0.0,0.0
76.94999999999777,41.199999999999264,44.44999999999908,44.40117617073574,3.3510321638291103,1.0,5,2.1,1.9000000000000001,2.3000000000000003,0.0,0.0,0.0
76.94999999999777,41.199999999999264,44.44999999999908,44.40117617073574,3.3510321638291103,1.0,6,2.5,2.3,2.7,0.0,0.0,0.0
76.94999999999777,41.24999999999926,44.44999999999908,44.40117617073574,3.3510321638291103,1.0,1,0.5,0.3,0.7,0.0,0.0,0.0
76.94999999999777,41.24999999999926,44.44999999999908,44.40117617073574,3.3510321638291103,1.0,2,0.9,0.7,1.1,0.0,0.0,0.0
76.94999999999777,41.24999999999926,44.44999999999908,44.40117617073574,3.3510321638291103,1.0,3,1.3,1.1,1.5,0.0,0.0,0.0
76.94999999999777,41.24999999999926,44.44999999999908,44.40117617073574,3.3510321638291103,1.0,4,1.7000000000000002,1.5000000000000002,1.9000000000000001,0.0,0.0,0.0
76.94999999999777,41.24999999999926,44.44999999999908,44.40117617073574,3.3510321638291103,1.0,5,2.1,1.9000000000000001,2.3000000000000003,0.0,0.0,0.0
76.94999999999777,41.24999999999926,44.44999999999908,44.40117617073574,3.3510321638291103,1.0,6,2.5,2.3,2.7,0.0,0.0,0.0
76.94999999999777,41.29999999999926,44.44999999999908,44.40117617073574,3.3510321638291103,1.0,1,0.5,0.3,0.7,0.0,0.0,0.0
76.94999999999777,41.29999999999926,44.44999999999908,44.40117617073574,3.3510321638291103,1.0,2,0.9,0.7,1.1,0.0,0.0,0.0
76.94999999999777,41.29999999999926,44.44999999999908,44.40117617073574,3.3510321638291103,1.0,3,1.3,1.1,1.5,0.0,0.0,0.0
76.94999999999777,41.29999999999926,44.44999999999908,44.40117617073574,3.3510321638291103,1.0,4,1.7000000000000002,1.5000000000000002,1.9000000000000001,0.0,0.0,0.0
76.94999999999777,41.29999999999926,44.44999999999908,44.40117617073574,3.3510321638291103,1.0,5,2.1,1.9000000000000001,2.3000000000000003,0.0,0.0,0.0
76.94999999999777,41.29999999999926,44.44999999999908,44.40117617073574,3.3510321638291103,1.0,6,2.5,2.3,2.7,0.0,0.0,0.0
76.94999999999777,41.349999999999255,44.44999999999908,44.40117617073574,3.3510321638291103,1.0,1,0.5,0.3,0.7,0.0,0.0,0.0
76.94999999999777,41.349999999999255,44.44999999999908,44.40117617073574,3.3510321638291103,1.0,2,0.9,0.7,1.1,0.0,0.0,0.0
76.94999999999777,41.349999999999255,44.44999999999908,44.40117617073574,3.3510321638291103,1.0,3,1.3,1.1,1.5,0.0,0.0,0.0
76.94999999999777,41.349999999999255,44.44999999999908,44.40117617073574,3.3510321638291103,1.0,4,1.7000000000000002,1.5000000000000002,1.9000000000000001,0.0,0.0,0.0
76.94999999999777,41.349999999999255,44.44999999999908,44.40117617073574,3.3510321638291103,1.0,5,2.1,1.9000000000000001,2.3000000000000003,0.0,0.0,0.0
76.94999999999777,41.349999999999255,44.44999999999908,44.40117617073574,3.3510321638291103,1.0,6,2.5,2.3,2.7,0.0,0.0,0.0
76.94999999999777,41.39999999999925,44.44999999999908,44.40117617073574,3.3510321638291103,1.0,1,0.5,0.3,0.7,0.0,0.0,0.0
76.94999999999777,41.39999999999925,44.44999999999908,44.40117617073574,3.3510321638291103,1.0,2,0.9,0.7,1.1,0.0,0.0,0.0
76.94999999999777,41.39999999999925,44.44999999999908,44.40117617073574,3.3510321638291103,1.0,3,1.3,1.1,1.5,0.0,0.0,0.0
76.94999999999777,41.39999999999925,44.44999999999908,44.40117617073574,3.3510321638291103,1.0,4,1.7000000000000002,1.5000000000000002,1.9000000000000001,0.0,0.0,0.0
76.94999999999777,41.39999999999925,44.44999999999908,44.40117617073574,3.3510321638291103,1.0,5,2.1,1.9000000000000001,2.3000000000000003,0.0,0.0,0.0
76.94999999999777,41.39999999999925,44.44999999999908,44.40117617073574,3.3510321638291103,1.0,6,2.5,2.3,2.7,0.0,0.0,0.0
76.94999999999777,41.44999999999925,44.44999999999908,44.40117617073574,3.3510321638291103,1.0,1,0.5,0.3,0.7,0.0,0.0,0.0
76.94999999999777,41.44999999999925,44.44999999999908,44.40117617073574,3.3510321638291103,1.0,2,0.9,0.7,1.1,0.0,0.0,0.0
76.94999999999777,41.44999999999925,44.44999999999908,44.40117617073574,3.3510321638291103,1.0,3,1.3,1.1,1.5,0.0,0.0,0.0
76.94999999999777,41.44999999999925,44.44999999999908,44.40117617073574,3.3510321638291103,1.0,4,1.7000000000000002,1.5000000000000002,1.9000000000000001,0.0,0.0,0.0
76.94999999999777,41.44999999999925,44.44999999999908,44.40117617073574,3.3510321638291103,1.0,5,2.1,1.9000000000000001,2.3000000000000003,0.0,0.0,0.0
76.94999999999777,41.44999999999925,44.44999999999908,44.40117617073574,3.3510321638291103,1.0,6,2.5,2.3,2.7,0.0,0.0,0.0
77.34999999999775,41.49999999999925,44.849999999999056,44.82005519121438,3.3510321638291103,1.0,1,0.5,0.3,0.7,0.0,0.0,0.0
77.34999999999775,41.49999999999925,44.849999999999056,44.82005519121438,3.3510321638291103,1.0,2,0.9,0.7,1.1,0.0,0.0,0.0
77.34999999999775,41.49999999999925,44.849999999999056,44.82005519121438,3.3510321638291103,1.0,3,1.3,1.1,1.5,0.0,0.0,0.0
77.34999999999775,41.49999999999925,44.849999999999056,44.82005519121438,3.3510321638291103,1.0,4,1.7000000000000002,1.5000000000000002,1.9000000000000001,0.0,0.0,0.0
77.34999999999775,41.49999999999925,44.849999999999056,44.82005519121438,3.3510321638291103,1.0,5,2.1,1.9000000000000001,2.3000000000000003,0.0,0.0,0.0
77.34999999999775,41.49999999999925,44.849999999999056,44.82005519121438,3.3510321638291103,1.0,6,2.5,2.3,2.7,0.0,0.0,0.0
77.34999999999775,41.549999999999244,44.849999999999056,44.82005519121438,3.3510321638291103,1.0,1,0.5,0.3,0.7,0.0,0.0,0.0
77.34999999999775,41.549999999999244,44.849999999999056,44.82005519121438,3.3510321638291103,1.0,2,0.9,0.7,1.1,0.0,0.0,0.0
77.34999999999775,41.549999999999244,44.849999999999056,44.82005519121438,3.3510321638291103,1.0,3,1.3,1.1,1.5,0.0,0.0,0.0
77.34999999999775,41.549999999999244,44.849999999999056,44.82005519121438,3.3510321638291103,1.0,4,1.7000000000000002,1.5000000000000002,1.9000000000000001,0.0,0.0,0.0
77.34999999999775,41.549999999999244,44.849999999999056,44.82005519121438,3.3510321638291103,1.0,5,2.1,1.9000000000000001,2.3000000000000003,0.0,0.0,0.0
77.34999999999775,41.549999999999244,44.849999999999056,44.82005519121438,3.3510321638291103,1.0,6,2.5,2.3,2.7,0.0,0.0,0.0
77.34999999999775,41.59999999999924,44.849999999999056,44.82005519121438,3.3510321638291103,1.0,1,0.5,0.3,0.7,0.0,0.0,0.0
77.34999999999775,41.59999999999924,44.849999999999056,44.82005519121438,3.3510321638291103,1.0,2,0.9,0.7,1.1,0.0,0.0,0.0
77.34999999999775,41.59999999999924,44.849999999999056,44.82005519121438,3.3510321638291103,1.0,3,1.3,1.1,1.5,0.0,0.0,0.0
77.34999999999775,41.59999999999924,44.849999999999056,44.82005519121438,3.3510321638291103,1.0,4,1.7000000000000002,1.5000000000000002,1.9000000000000001,0.0,0.0,0.0
77.34999999999775,41.59999999999924,44.849999999999056,44.82005519121438,3.3510321638291103,1.0,5,2.1,1.9000000000000001,2.3000000000000003,0.0,0.0,0.0
77.34999999999775,41.59999999999924,44.849999999999056,44.82005519121438,3.3510321638291103,1.0,6,2.5,2.3,2.7,0.0,0.0,0.0
77.34999999999775,41.64999999999924,44.849999999999056,44.82005519121438,3.3510321638291103,1.0,1,0.5,0.3,0.7,0.0,0.0,0.0
77.34999999999775,41.64999999999924,44.849999999999056,44.82005519121438,3.3510321638291103,1.0,2,0.9,0.7,1.1,0.0,0.0,0.0
77.34999999999775,41.64999999999924,44.849999999999056,44.82005519121438,3.3510321638291103,1.0,3,1.3,1.1,1.5,0.0,0.0,0.0
77.34999999999775,41.64999999999924,44.849999999999056,44.82005519121438,3.3510321638291103,1.0,4,1.7000000000000002,1.5000000000000002,1.9000000000000001,0.0,0.0,0.0
77.34999999999775,41.64999999999924,44.849999999999056,44.82005519121438,3.3510321638291103,1.0,5,2.1,1.9000000000000001,2.3000000000000003,0.0,0.0,0.0
77.34999999999775,41.64999999999924,44.849999999999056,44.82005519121438,3.3510321638291103,1.0,6,2.5,2.3,2.7,0.0,0.0,0.0
77.34999999999775,41.699999999999235,44.849999999999056,44.82005519121438,3.3510321638291103,1.0,1,0.5,0.3,0.7,0.0,0.0,0.0
77.34999999999775,41.699999999999235,44.849999999999056,44.82005519121438,3.3510321638291103,1.0,2,0.9,0.7,1.1,0.0,0.0,0.0
77.34999999999775,41.699999999999235,44.849999999999056,44.82005519121438,3.3510321638291103,1.0,3,1.3,1.1,1.5,0.0,0.0,0.0
77.34999999999775,41.699999999999235,44.849999999999056,44.82005519121438,3.3510321638291103,1.0,4,1.7000000000000002,1.5000000000000002,1.9000000000000001,0.0,0.0,0.0
77.34999999999775,41.699999999999235,44.849999999999056,44.82005519121438,3.3510321638291103,1.0,5,2.1,1.9000000000000001,2.3000000000000003,0.0,0.0,0.0
77.34999999999775,41.699999999999235,44.849999999999056,44.82005519121438,3.3510321638291103,1.0,6,2.5,2.3,2.7,0.0,0.0,0.0
77.34999999999775,41.74999999999923,44.849999999999056,44.82005519121438,3.3510321638291103,1.0,1,0.5,0.3,0.7,0.0,0.0,0.0
77.34999999999775,41.74999999999923,44.849999999999056,44.82005519121438,3.3510321638291103,1.0,2,0.9,0.7,1.1,0.0,0.0,0.0
77.34999999999775,41.74999999999923,44.849999999999056,44.82005519121438,3.3510321638291103,1.0,3,1.3,1.1,1.5,0.0,0.0,0.0
77.34999999999775,41.74999999999923,44.849999999999056,44.82005519121438,3.3510321638291103,1.0,4,1.7000000000000002,1.5000000000000002,1.9000000000000001,0.0,0.0,0.0
77.34999999999775,41.74999999999923,44.849999999999056,44.82005519121438,3.3510321638291103,1.0,5,2.1,1.9000000000000001,2.3000000000000003,0.0,0.0,0.0
77.34999999999775,41.74999999999923,44.849999999999056,44.82005519121438,3.3510321638291103,1.0,6,2.5,2.3,2.7,0.0,0.0,0.0
77.34999999999775,41.79999999999923,44.849999999999056,44.82005519121438,3.3510321638291103,1.0,1,0.5,0.3,0.7,0.0,0.0,0.0
77.34999999999775,41.79999999999923,44.849999999999056,44.82005519121438,3.3510321638291103,1.0,2,0.9,0.7,1.1,0.0,0.0,0.0
77.34999999999775,41.79999999999923,44.849999999999056,44.82005519121438,3.3510321638291103,1.0,3,1.3,1.1,1.5,0.0,0.0,0.0
77.34999999999775,41.79999999999923,44.849999999999056,44.82005519121438,3.3510321638291103,1.0,4,1.7000000000000002,1.5000000000000002,1.9000000000000001,0.0,0.0,0.0
77.34999999999775,41.79999999999923,44.849999999999056,44.82005519121438,3.3510321638291103,1.0,5,2.1,1.9000000000000001,2.3000000000000003,0.0,0.0,0.0
77.34999999999775,41.79999999999923,44.849999999999056,44.82005519121438,3.3510321638291103,1.0,6,2.5,2.3,2.7,0.0,0.0,0.0
77.34999999999775,41.84999999999923,44.849999999999056,44.82005519121438,3.3510321638291103,1.0,1,0.5,0.3,0.7,0.0,0.0,0.0
77.34999999999775,41.84999999999923,44.849999999999056,44.82005519121438,3.3510321638291103,1.0,2,0.9,0.7,1.1,0.0,0.0,0.0
77.34999999999775,41.84999999999923,44.849999999999056,44.82005519121438,3.3510321638291103,1.0,3,1.3,1.1,1.5,0.0,0.0,0.0
77.34999999999775,41.84999999999923,44.849999999999056,44.82005519121438,3.3510321638291103,1.0,4,1.7000000000000002,1.5000000000000002,1.9000000000000001,0.0,0.0,0.0
77.34999999999775,41.84999999999923,44.849999999999056,44.82005519121438,3.3510321638291103,1.0,5,2.1,1.9000000000000001,2.3000000000000003,0.0,0.0,0.0
77.34999999999775,41.84999999999923,44.849999999999056,44.82005519121438,3.3510321638291103,1.0,6,2.5,2.3,2.7,0.0,0.0,0.0
77.74999999999773,41.899999999999224,45.249999999999034,45.23893421169302,3.3510321638291174,1.0,1,0.5,0.3,0.7,0.0,0.0,0.0
77.74999999999773,41.899999999999224,45.249999999999034,45.23893421169302,3.3510321638291174,1.0,2,0.9,0.7,1.1,0.0,0.0,0.0
77.74999999999773,41.899999999999224,45.249999999999034,45.23893421169302,3.3510321638291174,1.0,3,1.3,1.1,1.5,0.0,0.0,0.0
77.74999999999773,41.899999999999224,45.249999999999034,45.23893421169302,3.3510321638291174,1.0,4,1.7000000000000002,1.5000000000000002,1.9000000000000001,0.0,0.0,0.0
77.74999999999773,41.899999999999224,45.249999999999034,45.23893421169302,3.3510321638291174,1.0,5,2.1,1.9000000000000001,2.3000000000000003,0.0,0.0,0.0
77.74999999999773,41.899999999999224,45.249999999999034,45.23893421169302,3.3510321638291174,1.0,6,2.5,2.3,2.7,0.0,0.0,0.0
77.74999999999773,41.94999999999922,45.249999999999034,45.23893421169302,3.3510321638291174,1.0,1,0.5,0.3,0.7,0.0,0.0,0.0
77.74999999999773,41.94999999999922,45.249999999999034,45.23893421169302,3.3510321638291174,1.0,2,0.9,0.7,1.1,0.0,0.0,0.0
77.74999999999773,41.94999999999922,45.249999999999034,45.23893421169302,3.3510321638291174,1.0,3,1.3,1.1,1.5,0.0,0.0,0.0
77.74999999999773,41.94999999999922,45.249999999999034,45.23893421169302,3.3510321638291174,1.0,4,1.7000000000000002,1.5000000000000002,1.9000000000000001,0.0,0.0,0.0
77.74999999999773,41.94999999999922,45.249999999999034,45.23893421169302,3.3510321638291174,1.0,5,2.1,1.9000000000000001,2.3000000000000003,0.0,0.0,0.0
77.74999999999773,41.94999999999922,45.249999999999034,45.23893421169302,3.3510321638291174,1.0,6,2.5,2.3,2.7,0.0,0.0,0.0
77.74999999999773,41.99999999999922,45.249999999999034,45.23893421169302,3.3510321638291174,1.0,1,0.5,0.3,0.7,0.0,0.0,0.0
77.74999999999773,41.99999999999922,45.249999999999034,45.23893421169302,3.3510321638291174,1.0,2,0.9,0.7,1.1,0.0,0.0,0.0
77.74999999999773,41.99999999999922,45.249999999999034,45.23893421169302,3.3510321638291174,1.0,3,1.3,1.1,1.5,0.0,0.0,0.0
77.74999999999773,41.99999999999922,45.249999999999034,45.23893421169302,3.3510321638291174,1.0,4,1.7000000000000002,1.5000000000000002,1.9000000000000001,0.0,0.0,0.0
77.74999999999773,41.99999999999922,45.249999999999034,45.23893421169302,3.3510321638291174,1.0,5,2.1,1.9000000000000001,2.3000000000000003,0.0,0.0,0.0
77.74999999999773,41.99999999999922,45.249999999999034,45.23893421169302,3.3510321638291174,1.0,6,2.5,2.3,2.7,0.0,0.0,0.0
77.74999999999773,42.049999999999216,45.249999999999034,45.23893421169302,3.3510321638291174,1.0,1,0.5,0.3,0.7,0.0,0.0,0.0
77.74999999999773,42.049999999999216,45.249999999999034,45.23893421169302,3.3510321638291174,1.0,2,0.9,0.7,1.1,0.0,0.0,0.0
77.74999999999773,42.049999999999216,45.249999999999034,45.23893421169302,3.3510321638291174,1.0,3,1.3,1.1,1.5,0.0,0.0,0.0
77.74999999999773,42.049999999999216,45.249999999999034,45.23893421169302,3.3510321638291174,1.0,4,1.7000000000000002,1.5000000000000002,1.9000000000000001,0.0,0.0,0.0
77.74999999999773,42.049999999999216,45.249999999999034,45.23893421169302,3.3510321638291174,1.0,5,2.1,1.9000000000000001,2.3000000000000003,0.0,0.0,0.0
77.74999999999773,42.049999999999216,45.249999999999034,45.23893421169302,3.3510321638291174,1.0,6,2.5,2.3,2.7,0.0,0.0,0.0
77.74999999999773,42.09999999999921,45.249999999999034,45.23893421169302,3.3510321638291174,1.0,1,0.5,0.3,0.7,0.0,0.0,0.0
77.74999999999773,42.09999999999921,45.249999999999034,45.23893421169302,3.3510321638291174,1.0,2,0.9,0.7,1.1,0.0,0.0,0.0
77.74999999999773,42.09999999999921,45.249999999999034,45.23893421169302,3.3510321638291174,1.0,3,1.3,1.1,1.5,0.0,0.0,0.0
77.74999999999773,42.09999999999921,45.249999999999034,45.23893421169302,3.3510321638291174,1.0,4,1.7000000000000002,1.5000000000000002,1.9000000000000001,0.0,0.0,0.0
77.74999999999773,42.09999999999921,45.249999999999034,45.23893421169302,3.3510321638291174,1.0,5,2.1,1.9000000000000001,2.3000000000000003,0.0,0.0,0.0
77.74999999999773,42.09999999999921,45.249999999999034,45.23893421169302,3.3510321638291174,1.0,6,2.5,2.3,2.7,0.0,0.0,0.0
77.74999999999773,42.14999999999921,45.249999999999034,45.23893421169302,3.3510321638291174,1.0,1,0.5,0.3,0.7,0.0,0.0,0.0
77.74999999999773,42.14999999999921,45.249999999999034,45.23893421169302,3.3510321638291174,1.0,2,0.9,0.7,1.1,0.0,0.0,0.0
77.74999999999773,42.14999999999921,45.249999999999034,45.23893421169302,3.3510321638291174,1.0,3,1.3,1.1,1.5,0.0,0.0,0.0
77.74999999999773,42.14999999999921,45.249999999999034,45.23893421169302,3.3510321638291174,1.0,4,1.7000000000000002,1.5000000000000002,1.9000000000000001,0.0,0.0,0.0
77.74999999999773,42.14999999999921,45.249999999999034,45.23893421169302,3.3510321638291174,1.0,5,2.1,1.9000000000000001,2.3000000000000003,0.0,0.0,0.0
77.74999999999773,42.14999999999921,45.249999999999034,45.23893421169302,3.3510321638291174,1.0,6,2.5,2.3,2.7,0.0,0.0,0.0
77.74999999999773,42.19999999999921,45.249999999999034,45.23893421169302,3.3510321638291174,1.0,1,0.5,0.3,0.7,0.0,0.0,0.0
77.74999999999773,42.19999999999921,45.249999999999034,45.23893421169302,3.3510321638291174,1.0,2,0.9,0.7,1.1,0.0,0.0,0.0
77.74999999999773,42.19999999999921,45.249999999999034,45.23893421169302,3.3510321638291174,1.0,3,1.3,1.1,1.5,0.0,0.0,0.0
77.74999999999773,42.19999999999921,45.249999999999034,45.23893421169302,3.3510321638291174,1.0,4,1.7000000000000002,1.5000000000000002,1.9000000000000001,0.0,0.0,0.0
77.74999999999773,42.19999999999921,45.249999999999034,45.23893421169302,3.3510321638291174,1.0,5,2.1,1.9000000000000001,2.3000000000000003,0.0,0.0,0.0
77.74999999999773,42.19999999999921,45.249999999999034,45.23893421169302,3.3510321638291174,1.0,6,2.5,2.3,2.7,0.0,0.0,0.0
77.74999999999773,42.249999999999204,45.249999999999034,45.23893421169302,3.3510321638291174,1.0,1,0.5,0.3,0.7,0.0,0.0,0.0
77.74999999999773,42.249999999999204,45.249999999999034,45.23893421169302,3.3510321638291174,1.0,2,0.9,0.7,1.1,0.0,0.0,0.0
77.74999999999773,42.249999999999204,45.249999999999034,45.23893421169302,3.3510321638291174,1.0,3,1.3,1.1,1.5,0.0,0.0,0.0
77.74999999999773,42.249999999999204,45.249999999999034,45.23893421169302,3.3510321638291174,1.0,4,1.7000000000000002,1.5000000000000002,1.9000000000000001,0.0,0.0,0.0
77.74999999999773,42.249999999999204,45.249999999999034,45.23893421169302,3.3510321638291174,1.0,5,2.1,1.9000000000000001,2.3000000000000003,0.0,0.0,0.0
77.74999999999773,42.249999999999204,45.249999999999034,45.23893421169302,3.3510321638291174,1.0,6,2.5,2.3,2.7,0.0,0.0,0.0
77.74999999999773,42.2999999999992,45.249999999999034,45.23893421169302,3.3510321638291174,1.0,1,0.5,0.3,0.7,0.0,0.0,0.0
77.74999999999773,42.2999999999992,45.249999999999034,45.23893421169302,3.3510321638291174,1.0,2,0.9,0.7,1.1,0.0,0.0,0.0
77.74999999999773,42.2999999999992,45.249999999999034,45.23893421169302,3.3510321638291174,1.0,3,1.3,1.1,1.5,0.0,0.0,0.0
77.74999999999773,42.2999999999992,45.249999999999034,45.23893421169302,3.3510321638291174,1.0,4,1.7000000000000002,1.5000000000000002,1.9000000000000001,0.0,0.0,0.0
77.74999999999773,42.2999999999992,45.249999999999034,45.23893421169302,3.3510321638291174,1.0,5,2.1,1.9000000000000001,2.3000000000000003,0.0,0.0,0.0
77.74999999999773,42.2999999999992,45.249999999999034,45.23893421169302,3.3510321638291174,1.0,6,2.5,2.3,2.7,0.0,0.0,0.0
78.1999999999977,42.3499999999992,45.69999999999901,45.657813232171655,3.3510321638291103,1.0,1,0.5,0.3,0.7,0.0,0.0,0.0
78.1999999999977,42.3499999999992,45.69999999999901,45.657813232171655,3.3510321638291103,1.0,2,0.9,0.7,1.1,0.0,0.0,0.0
78.1999999999977,42.3499999999992,45.69999999999901,45.657813232171655,3.3510321638291103,1.0,3,1.3,1.1,1.5,0.0,0.0,0.0
78.1999999999977,42.3499999999992,45.69999999999901,45.657813232171655,3.3510321638291103,1.0,4,1.7000000000000002,1.5000000000000002,1.9000000000000001,0.0,0.0,0.0
78.1999999999977,42.3499999999992,45.69999999999901,45.657813232171655,3.3510321638291103,1.0,5,2.1,1.9000000000000001,2.3000000000000003,0.0,0.0,0.0
78.1999999999977,42.3499999999992,45.69999999999901,45.657813232171655,3.3510321638291103,1.0,6,2.5,2.3,2.7,0.0,0.0,0.0
78.1999999999977,42.399999999999196,45.69999999999901,45.657813232171655,3.3510321638291103,1.0,1,0.5,0.3,0.7,0.0,0.0,0.0
78.1999999999977,42.399999999999196,45.69999999999901,45.657813232171655,3.3510321638291103,1.0,2,0.9,0.7,1.1,0.0,0.0,0.0
78.1999999999977,42.399999999999196,45.69999999999901,45.657813232171655,3.3510321638291103,1.0,3,1.3,1.1,1.5,0.0,0.0,0.0
78.1999999999977,42.399999999999196,45.69999999999901,45.657813232171655,3.3510321638291103,1.0,4,1.7000000000000002,1.5000000000000002,1.9000000000000001,0.0,0.0,0.0
78.1999999999977,42.399999999999196,45.69999999999901,45.657813232171655,3.3510321638291103,1.0,5,2.1,1.9000000000000001,2.3000000000000003,0.0,0.0,0.0
78.1999999999977,42.399999999999196,45.69999999999901,45.657813232171655,3.3510321638291103,1.0,6,2.5,2.3,2.7,0.0,0.0,0.0
78.1999999999977,42.44999999999919,45.69999999999901,45.657813232171655,3.3510321638291103,1.0,1,0.5,0.3,0.7,0.0,0.0,0.0
78.1999999999977,42.44999999999919,45.69999999999901,45.657813232171655,3.3510321638291103,1.0,2,0.9,0.7,1.1,0.0,0.0,0.0
78.1999999999977,42.44999999999919,45.69999999999901,45.657813232171655,3.3510321638291103,1.0,3,1.3,1.1,1.5,0.0,0.0,0.0
78.1999999999977,42.44999999999919,45.69999999999901,45.657813232171655,3.3510321638291103,1.0,4,1.7000000000000002,1.5000000000000002,1.9000000000000001,0.0,0.0,0.0
78.1999999999977,42.44999999999919,45.69999999999901,45.657813232171655,3.3510321638291103,1.0,5,2.1,1.9000000000000001,2.3000000000000003,0.0,0.0,0.0
78.1999999999977,42.44999999999919,45.69999999999901,45.657813232171655,3.3510321638291103,1.0,6,2.5,2.3,2.7,0.0,0.0,0.0
78.1999999999977,42.49999999999919,45.69999999999901,45.657813232171655,3.3510321638291103,1.0,1,0.5,0.3,0.7,0.0,0.0,0.0
78.1999999999977,42.49999999999919,45.69999999999901,45.657813232171655,3.3510321638291103,1.0,2,0.9,0.7,1.1,0.0,0.0,0.0
78.1999999999977,42.49999999999919,45.69999999999901,45.657813232171655,3.3510321638291103,1.0,3,1.3,1.1,1.5,0.0,0.0,0.0
78.1999999999977,42.49999999999919,45.69999999999901,45.657813232171655,3.3510321638291103,1.0,4,1.7000000000000002,1.5000000000000002,1.9000000000000001,0.0,0.0,0.0
78.1999999999977,42.49999999999919,45.69999999999901,45.657813232171655,3.3510321638291103,1.0,5,2.1,1.9000000000000001,2.3000000000000003,0.0,0.0,0.0
78.1999999999977,42.49999999999919,45.69999999999901,45.657813232171655,3.3510321638291103,1.0,6,2.5,2.3,2.7,0.0,0.0,0.0
78.1999999999977,42.54999999999919,45.69999999999901,45.657813232171655,3.3510321638291103,1.0,1,0.5,0.3,0.7,0.0,0.0,0.0
78.1999999999977,42.54999999999919,45.69999999999901,45.657813232171655,3.3510321638291103,1.0,2,0.9,0.7,1.1,0.0,0.0,0.0
78.1999999999977,42.54999999999919,45.69999999999901,45.657813232171655,3.3510321638291103,1.0,3,1.3,1.1,1.5,0.0,0.0,0.0
78.1999999999977,42.54999999999919,45.69999999999901,45.657813232171655,3.3510321638291103,1.0,4,1.7000000000000002,1.5000000000000002,1.9000000000000001,0.0,0.0,0.0
78.1999999999977,42.54999999999919,45.69999999999901,45.657813232171655,3.3510321638291103,1.0,5,2.1,1.9000000000000001,2.3000000000000003,0.0,0.0,0.0
78.1999999999977,42.54999999999919,45.69999999999901,45.657813232171655,3.3510321638291103,1.0,6,2.5,2.3,2.7,0.0,0.0,0.0
78.1999999999977,42.599999999999184,45.69999999999901,45.657813232171655,3.3510321638291103,1.0,1,0.5,0.3,0.7,0.0,0.0,0.0
78.1999999999977,42.599999999999184,45.69999999999901,45.657813232171655,3.3510321638291103,1.0,2,0.9,0.7,1.1,0.0,0.0,0.0
78.1999999999977,42.599999999999184,45.69999999999901,45.657813232171655,3.3510321638291103,1.0,3,1.3,1.1,1.5,0.0,0.0,0.0
78.1999999999977,42.599999999999184,45.69999999999901,45.657813232171655,3.3510321638291103,1.0,4,1.7000000000000002,1.5000000000000002,1.9000000000000001,0.0,0.0,0.0
78.1999999999977,42.599999999999184,45.69999999999901,45.657813232171655,3.3510321638291103,1.0,5,2.1,1.9000000000000001,2.3000000000000003,0.0,0.0,0.0
78.1999999999977,42.599999999999184,45.69999999999901,45.657813232171655,3.3510321638291103,1.0,6,2.5,2.3,2.7,0.0,0.0,0.0
78.1999999999977,42.64999999999918,45.69999999999901,45.657813232171655,3.3510321638291103,1.0,1,0.5,0.3,0.7,0.0,0.0,0.0
78.1999999999977,42.64999999999918,45.69999999999901,45.657813232171655,3.3510321638291103,1.0,2,0.9,0.7,1.1,0.0,0.0,0.0
78.1999999999977,42.64999999999918,45.69999999999901,45.657813232171655,3.3510321638291103,1.0,3,1.3,1.1,1.5,0.0,0.0,0.0
78.1999999999977,42.64999999999918,45.69999999999901,45.657813232171655,3.3510321638291103,1.0,4,1.7000000000000002,1.5000000000000002,1.9000000000000001,0.0,0.0,0.0
78.1999999999977,42.64999999999918,45.69999999999901,45.657813232171655,3.3510321638291103,1.0,5,2.1,1.9000000000000001,2.3000000000000003,0.0,0.0,0.0
78.1999999999977,42.64999999999918,45.69999999999901,45.657813232171655,3.3510321638291103,1.0,6,2.5,2.3,2.7,0.0,0.0,0.0
78.1999999999977,42.69999999999918,45.69999999999901,45.657813232171655,3.3510321638291103,1.0,1,0.5,0.3,0.7,0.0,0.0,0.0
78.1999999999977,42.69999999999918,45.69999999999901,45.657813232171655,3.3510321638291103,1.0,2,0.9,0.7,1.1,0.0,0.0,0.0
78.1999999999977,42.69999999999918,45.69999999999901,45.657813232171655,3.3510321638291103,1.0,3,1.3,1.1,1.5,0.0,0.0,0.0
78.1999999999977,42.69999999999918,45.69999999999901,45.657813232171655,3.3510321638291103,1.0,4,1.7000000000000002,1.5000000000000002,1.9000000000000001,0.0,0.0,0.0
78.1999999999977,42.69999999999918,45.69999999999901,45.657813232171655,3.3510321638291103,1.0,5,2.1,1.9000000000000001,2.3000000000000003,0.0,0.0,0.0
78.1999999999977,42.69999999999918,45.69999999999901,45.657813232171655,3.3510321638291103,1.0,6,2.5,2.3,2.7,0.0,0.0,0.0
78.59999999999768,42.749999999999176,46.099999999998985,46.0766922526503,3.3510321638291103,1.0,1,0.5,0.3,0.7,0.0,0.0,0.0
78.59999999999768,42.749999999999176,46.099999999998985,46.0766922526503,3.3510321638291103,1.0,2,0.9,0.7,1.1,0.0,0.0,0.0
78.59999999999768,42.749999999999176,46.099999999998985,46.0766922526503,3.3510321638291103,1.0,3,1.3,1.1,1.5,0.0,0.0,0.0
78.59999999999768,42.749999999999176,46.099999999998985,46.0766922526503,3.3510321638291103,1.0,4,1.7000000000000002,1.5000000000000002,1.9000000000000001,0.0,0.0,0.0
78.59999999999768,42.749999999999176,46.099999999998985,46.0766922526503,3.3510321638291103,1.0,5,2.1,1.9000000000000001,2.3000000000000003,0.0,0.0,0.0
78.59999999999768,42.749999999999176,46.099999999998985,46.0766922526503,3.3510321638291103,1.0,6,2.5,2.3,2.7,0.0,0.0,0.0
78.59999999999768,42.79999999999917,46.099999999998985,46.0766922526503,3.3510321638291103,1.0,1,0.5,0.3,0.7,0.0,0.0,0.0
78.59999999999768,42.79999999999917,46.099999999998985,46.0766922526503,3.3510321638291103,1.0,2,0.9,0.7,1.1,0.0,0.0,0.0
78.59999999999768,42.79999999999917,46.099999999998985,46.0766922526503,3.3510321638291103,1.0,3,1.3,1.1,1.5,0.0,0.0,0.0
78.59999999999768,42.79999999999917,46.099999999998985,46.0766922526503,3.3510321638291103,1.0,4,1.7000000000000002,1.5000000000000002,1.9000000000000001,0.0,0.0,0.0
78.59999999999768,42.79999999999917,46.099999999998985,46.0766922526503,3.3510321638291103,1.0,5,2.1,1.9000000000000001,2.3000000000000003,0.0,0.0,0.0
78.59999999999768,42.79999999999917,46.099999999998985,46.0766922526503,3.3510321638291103,1.0,6,2.5,2.3,2.7,0.0,0.0,0.0
78.59999999999768,42.84999999999917,46.099999999998985,46.0766922526503,3.3510321638291103,1.0,1,0.5,0.3,0.7,0.0,0.0,0.0
78.59999999999768,42.84999999999917,46.099999999998985,46.0766922526503,3.3510321638291103,1.0,2,0.9,0.7,1.1,0.0,0.0,0.0
78.59999999999768,42.84999999999917,46.099999999998985,46.0766922526503,3.3510321638291103,1.0,3,1.3,1.1,1.5,0.0,0.0,0.0
78.59999999999768,42.84999999999917,46.099999999998985,46.0766922526503,3.3510321638291103,1.0,4,1.7000000000000002,1.5000000000000002,1.9000000000000001,0.0,0.0,0.0
78.59999999999768,42.84999999999917,46.099999999998985,46.0766922526503,3.3510321638291103,1.0,5,2.1,1.9000000000000001,2.3000000000000003,0.0,0.0,0.0
78.59999999999768,42.84999999999917,46.099999999998985,46.0766922526503,3.3510321638291103,1.0,6,2.5,2.3,2.7,0.0,0.0,0.0
78.59999999999768,42.89999999999917,46.099999999998985,46.0766922526503,3.3510321638291103,1.0,1,0.5,0.3,0.7,0.0,0.0,0.0
78.59999999999768,42.89999999999917,46.099999999998985,46.0766922526503,3.3510321638291103,1.0,2,0.9,0.7,1.1,0.0,0.0,0.0
78.59999999999768,42.89999999999917,46.099999999998985,46.0766922526503,3.3510321638291103,1.0,3,1.3,1.1,1.5,0.0,0.0,0.0
78.59999999999768,42.89999999999917,46.099999999998985,46.0766922526503,3.3510321638291103,1.0,4,1.7000000000000002,1.5000000000000002,1.9000000000000001,0.0,0.0,0.0
78.59999999999768,42.89999999999917,46.099999999998985,46.0766922526503,3.3510321638291103,1.0,5,2.1,1.9000000000000001,2.3000000000000003,0.0,0.0,0.0
78.59999999999768,42.89999999999917,46.099999999998985,46.0766922526503,3.3510321638291103,1.0,6,2.5,2.3,2.7,0.0,0.0,0.0
78.59999999999768,42.949999999999164,46.099999999998985,46.0766922526503,3.3510321638291103,1.0,1,0.5,0.3,0.7,0.0,0.0,0.0
78.59999999999768,42.949999999999164,46.099999999998985,46.0766922526503,3.3510321638291103,1.0,2,0.9,0.7,1.1,0.0,0.0,0.0
78.59999999999768,42.949999999999164,46.099999999998985,46.0766922526503,3.3510321638291103,1.0,3,1.3,1.1,1.5,0.0,0.0,0.0
78.59999999999768,42.949999999999164,46.099999999998985,46.0766922526503,3.3510321638291103,1.0,4,1.7000000000000002,1.5000000000000002,1.9000000000000001,0.0,0.0,0.0
78.59999999999768,42.949999999999164,46.099999999998985,46.0766922526503,3.3510321638291103,1.0,5,2.1,1.9000000000000001,2.3000000000000003,0.0,0.0,0.0
78.59999999999768,42.949999999999164,46.099999999998985,46.0766922526503,3.3510321638291103,1.0,6,2.5,2.3,2.7,0.0,0.0,0.0
78.59999999999768,42.99999999999916,46.099999999998985,46.0766922526503,3.3510321638291103,1.0,1,0.5,0.3,0.7,0.0,0.0,0.0
78.59999999999768,42.99999999999916,46.099999999998985,46.0766922526503,3.3510321638291103,1.0,2,0.9,0.7,1.1,0.0,0.0,0.0
78.59999999999768,42.99999999999916,46.099999999998985,46.0766922526503,3.3510321638291103,1.0,3,1.3,1.1,1.5,0.0,0.0,0.0
78.59999999999768,42.99999999999916,46.099999999998985,46.0766922526503,3.3510321638291103,1.0,4,1.7000000000000002,1.5000000000000002,1.9000000000000001,0.0,0.0,0.0
78.59999999999768,42.99999999999916,46.099999999998985,46.0766922526503,3.3510321638291103,1.0,5,2.1,1.9000000000000001,2.3000000000000003,0.0,0.0,0.0
78.59999999999768,42.99999999999916,46.099999999998985,46.0766922526503,3.3510321638291103,1.0,6,2.5,2.3,2.7,0.0,0.0,0.0
78.59999999999768,43.04999999999916,46.099999999998985,46.0766922526503,3.3510321638291103,1.0,1,0.5,0.3,0.7,0.0,0.0,0.0
78.59999999999768,43.04999999999916,46.099999999998985,46.0766922526503,3.3510321638291103,1.0,2,0.9,0.7,1.1,0.0,0.0,0.0
78.59999999999768,43.04999999999916,46.099999999998985,46.0766922526503,3.3510321638291103,1.0,3,1.3,1.1,1.5,0.0,0.0,0.0
78.59999999999768,43.04999999999916,46.099999999998985,46.0766922526503,3.3510321638291103,1.0,4,1.7000000000000002,1.5000000000000002,1.9000000000000001,0.0,0.0,0.0
78.59999999999768,43.04999999999916,46.099999999998985,46.0766922526503,3.3510321638291103,1.0,5,2.1,1.9000000000000001,2.3000000000000003,0.0,0.0,0.0
78.59999999999768,43.04999999999916,46.099999999998985,46.0766922526503,3.3510321638291103,1.0,6,2.5,2.3,2.7,0.0,0.0,0.0
78.59999999999768,43.099999999999156,46.099999999998985,46.0766922526503,3.3510321638291103,1.0,1,0.5,0.3,0.7,0.0,0.0,0.0
78.59999999999768,43.099999999999156,46.099999999998985,46.0766922526503,3.3510321638291103,1.0,2,0.9,0.7,1.1,0.0,0.0,0.0
78.59999999999768,43.099999999999156,46.099999999998985,46.0766922526503,3.3510321638291103,1.0,3,1.3,1.1,1.5,0.0,0.0,0.0
78.59999999999768,43.099999999999156,46.099999999998985,46.0766922526503,3.3510321638291103,1.0,4,1.7000000000000002,1.5000000000000002,1.9000000000000001,0.0,0.0,0.0
78.59999999999768,43.099999999999156,46.099999999998985,46.0766922526503,3.3510321638291103,1.0,5,2.1,1.9000000000000001,2.3000000000000003,0.0,0.0,0.0
78.59999999999768,43.099999999999156,46.099999999998985,46.0766922526503,3.3510321638291103,1.0,6,2.5,2.3,2.7,0.0,0.0,0.0
78.99999999999766,43.14999999999915,46.49999999999896,46.49557127312894,3.3510321638291174,1.0,1,0.5,0.3,0.7,0.0,0.0,0.0
78.99999999999766,43.14999999999915,46.49999999999896,46.49557127312894,3.3510321638291174,1.0,2,0.9,0.7,1.1,0.0,0.0,0.0
78.99999999999766,43.14999999999915,46.49999999999896,46.49557127312894,3.3510321638291174,1.0,3,1.3,1.1,1.5,0.0,0.0,0.0
78.99999999999766,43.14999999999915,46.49999999999896,46.49557127312894,3.3510321638291174,1.0,4,1.7000000000000002,1.5000000000000002,1.9000000000000001,0.0,0.0,0.0
78.99999999999766,43.14999999999915,46.49999999999896,46.49557127312894,3.3510321638291174,1.0,5,2.1,1.9000000000000001,2.3000000000000003,0.0,0.0,0.0
78.99999999999766,43.14999999999915,46.49999999999896,46.49557127312894,3.3510321638291174,1.0,6,2.5,2.3,2.7,0.0,0.0,0.0
78.99999999999766,43.19999999999915,46.49999999999896,46.49557127312894,3.3510321638291174,1.0,1,0.5,0.3,0.7,0.0,0.0,0.0
78.99999999999766,43.19999999999915,46.49999999999896,46.49557127312894,3.3510321638291174,1.0,2,0.9,0.7,1.1,0.0,0.0,0.0
78.99999999999766,43.19999999999915,46.49999999999896,46.49557127312894,3.3510321638291174,1.0,3,1.3,1.1,1.5,0.0,0.0,0.0
78.99999999999766,43.19999999999915,46.49999999999896,46.49557127312894,3.3510321638291174,1.0,4,1.7000000000000002,1.5000000000000002,1.9000000000000001,0.0,0.0,0.0
78.99999999999766,43.19999999999915,46.49999999999896,46.49557127312894,3.3510321638291174,1.0,5,2.1,1.9000000000000001,2.3000000000000003,0.0,0.0,0.0
78.99999999999766,43.19999999999915,46.49999999999896,46.49557127312894,3.3510321638291174,1.0,6,2.5,2.3,2.7,0.0,0.0,0.0
78.99999999999766,43.24999999999915,46.49999999999896,46.49557127312894,3.3510321638291174,1.0,1,0.5,0.3,0.7,0.0,0.0,0.0
78.99999999999766,43.24999999999915,46.49999999999896,46.49557127312894,3.3510321638291174,1.0,2,0.9,0.7,1.1,0.0,0.0,0.0
78.99999999999766,43.24999999999915,46.49999999999896,46.49557127312894,3.3510321638291174,1.0,3,1.3,1.1,1.5,0.0,0.0,0.0
78.99999999999766,43.24999999999915,46.49999999999896,46.49557127312894,3.3510321638291174,1.0,4,1.7000000000000002,1.5000000000000002,1.9000000000000001,0.0,0.0,0.0
78.99999999999766,43.24999999999915,46.49999999999896,46.49557127312894,3.3510321638291174,1.0,5,2.1,1.9000000000000001,2.3000000000000003,0.0,0.0,0.0
78.99999999999766,43.24999999999915,46.49999999999896,46.49557127312894,3.3510321638291174,1.0,6,2.5,2.3,2.7,0.0,0.0,0.0
78.99999999999766,43.299999999999145,46.49999999999896,46.49557127312894,3.3510321638291174,1.0,1,0.5,0.3,0.7,0.0,0.0,0.0
78.99999999999766,43.299999999999145,46.49999999999896,46.49557127312894,3.3510321638291174,1.0,2,0.9,0.7,1.1,0.0,0.0,0.0
78.99999999999766,43.299999999999145,46.49999999999896,46.49557127312894,3.3510321638291174,1.0,3,1.3,1.1,1.5,0.0,0.0,0.0
78.99999999999766,43.299999999999145,46.49999999999896,46.49557127312894,3.3510321638291174,1.0,4,1.7000000000000002,1.5000000000000002,1.9000000000000001,0.0,0.0,0.0
78.99999999999766,43.299999999999145,46.49999999999896,46.49557127312894,3.3510321638291174,1.0,5,2.1,1.9000000000000001,2.3000000000000003,0.0,0.0,0.0
78.99999999999766,43.299999999999145,46.49999999999896,46.49557127312894,3.3510321638291174,1.0,6,2.5,2.3,2.7,0.0,0.0,0.0
78.99999999999766,43.34999999999914,46.49999999999896,46.49557127312894,3.3510321638291174,1.0,1,0.5,0.3,0.7,0.0,0.0,0.0
78.99999999999766,43.34999999999914,46.49999999999896,46.49557127312894,3.3510321638291174,1.0,2,0.9,0.7,1.1,0.0,0.0,0.0
78.99999999999766,43.34999999999914,46.49999999999896,46.49557127312894,3.3510321638291174,1.0,3,1.3,1.1,1.5,0.0,0.0,0.0
78.99999999999766,43.34999999999914,46.49999999999896,46.49557127312894,3.3510321638291174,1.0,4,1.7000000000000002,1.5000000000000002,1.9000000000000001,0.0,0.0,0.0
78.99999999999766,43.34999999999914,46.49999999999896,46.49557127312894,3.3510321638291174,1.0,5,2.1,1.9000000000000001,2.3000000000000003,0.0,0.0,0.0
78.99999999999766,43.34999999999914,46.49999999999896,46.49557127312894,3.3510321638291174,1.0,6,2.5,2.3,2.7,0.0,0.0,0.0
78.99999999999766,43.39999999999914,46.49999999999896,46.49557127312894,3.3510321638291174,1.0,1,0.5,0.3,0.7,0.0,0.0,0.0
78.99999999999766,43.39999999999914,46.49999999999896,46.49557127312894,3.3510321638291174,1.0,2,0.9,0.7,1.1,0.0,0.0,0.0
78.99999999999766,43.39999999999914,46.49999999999896,46.49557127312894,3.3510321638291174,1.0,3,1.3,1.1,1.5,0.0,0.0,0.0
78.99999999999766,43.39999999999914,46.49999999999896,46.49557127312894,3.3510321638291174,1.0,4,1.7000000000000002,1.5000000000000002,1.9000000000000001,0.0,0.0,0.0
78.99999999999766,43.39999999999914,46.49999999999896,46.49557127312894,3.3510321638291174,1.0,5,2.1,1.9000000000000001,2.3000000000000003,0.0,0.0,0.0
78.99999999999766,43.39999999999914,46.49999999999896,46.49557127312894,3.3510321638291174,1.0,6,2.5,2.3,2.7,0.0,0.0,0.0
78.99999999999766,43.449999999999136,46.49999999999896,46.49557127312894,3.3510321638291174,1.0,1,0.5,0.3,0.7,0.0,0.0,0.0
78.99999999999766,43.449999999999136,46.49999999999896,46.49557127312894,3.3510321638291174,1.0,2,0.9,0.7,1.1,0.0,0.0,0.0
78.99999999999766,43.449999999999136,46.49999999999896,46.49557127312894,3.3510321638291174,1.0,3,1.3,1.1,1.5,0.0,0.0,0.0
78.99999999999766,43.449999999999136,46.49999999999896,46.49557127312894,3.3510321638291174,1.0,4,1.7000000000000002,1.5000000000000002,1.9000000000000001,0.0,0.0,0.0
78.99999999999766,43.449999999999136,46.49999999999896,46.49557127312894,3.3510321638291174,1.0,5,2.1,1.9000000000000001,2.3000000000000003,0.0,0.0,0.0
78.99999999999766,43.449999999999136,46.49999999999896,46.49557127312894,3.3510321638291174,1.0,6,2.5,2.3,2.7,0.0,0.0,0.0
78.99999999999766,43.49999999999913,46.49999999999896,46.49557127312894,3.3510321638291174,1.0,1,0.5,0.3,0.7,0.0,0.0,0.0
78.99999999999766,43.49999999999913,46.49999999999896,46.49557127312894,3.3510321638291174,1.0,2,0.9,0.7,1.1,0.0,0.0,0.0
78.99999999999766,43.49999999999913,46.49999999999896,46.49557127312894,3.3510321638291174,1.0,3,1.3,1.1,1.5,0.0,0.0,0.0
78.99999999999766,43.49999999999913,46.49999999999896,46.49557127312894,3.3510321638291174,1.0,4,1.7000000000000002,1.5000000000000002,1.9000000000000001,0.0,0.0,0.0
78.99999999999766,43.49999999999913,46.49999999999896,46.49557127312894,3.3510321638291174,1.0,5,2.1,1.9000000000000001,2.3000000000000003,0.0,0.0,0.0
78.99999999999766,43.49999999999913,46.49999999999896,46.49557127312894,3.3510321638291174,1.0,6,2.5,2.3,2.7,0.0,0.0,0.0
78.99999999999766,43.54999999999913,46.49999999999896,46.49557127312894,3.3510321638291174,1.0,1,0.5,0.3,0.7,0.0,0.0,0.0
78.99999999999766,43.54999999999913,46.49999999999896,46.49557127312894,3.3510321638291174,1.0,2,0.9,0.7,1.1,0.0,0.0,0.0
78.99999999999766,43.54999999999913,46.49999999999896,46.49557127312894,3.3510321638291174,1.0,3,1.3,1.1,1.5,0.0,0.0,0.0
78.99999999999766,43.54999999999913,46.49999999999896,46.49557127312894,3.3510321638291174,1.0,4,1.7000000000000002,1.5000000000000002,1.9000000000000001,0.0,0.0,0.0
78.99999999999766,43.54999999999913,46.49999999999896,46.49557127312894,3.3510321638291174,1.0,5,2.1,1.9000000000000001,2.3000000000000003,0.0,0.0,0.0
78.99999999999766,43.54999999999913,46.49999999999896,46.49557127312894,3.3510321638291174,1.0,6,2.5,2.3,2.7,0.0,0.0,0.0
79.44999999999763,43.59999999999913,46.94999999999894,46.91445029360757,3.3510321638291103,1.0,1,0.5,0.3,0.7,0.0,0.0,0.0
79.44999999999763,43.59999999999913,46.94999999999894,46.91445029360757,3.3510321638291103,1.0,2,0.9,0.7,1.1,0.0,0.0,0.0
79.44999999999763,43.59999999999913,46.94999999999894,46.91445029360757,3.3510321638291103,1.0,3,1.3,1.1,1.5,0.0,0.0,0.0
79.44999999999763,43.59999999999913,46.94999999999894,46.91445029360757,3.3510321638291103,1.0,4,1.7000000000000002,1.5000000000000002,1.9000000000000001,0.0,0.0,0.0
79.44999999999763,43.59999999999913,46.94999999999894,46.91445029360757,3.3510321638291103,1.0,5,2.1,1.9000000000000001,2.3000000000000003,0.0,0.0,0.0
79.44999999999763,43.59999999999913,46.94999999999894,46.91445029360757,3.3510321638291103,1.0,6,2.5,2.3,2.7,0.0,0.0,0.0
79.44999999999763,43.649999999999125,46.94999999999894,46.91445029360757,3.3510321638291103,1.0,1,0.5,0.3,0.7,0.0,0.0,0.0
79.44999999999763,43.649999999999125,46.94999999999894,46.91445029360757,3.3510321638291103,1.0,2,0.9,0.7,1.1,0.0,0.0,0.0
79.44999999999763,43.649999999999125,46.94999999999894,46.91445029360757,3.3510321638291103,1.0,3,1.3,1.1,1.5,0.0,0.0,0.0
79.44999999999763,43.649999999999125,46.94999999999894,46.91445029360757,3.3510321638291103,1.0,4,1.7000000000000002,1.5000000000000002,1.9000000000000001,0.0,0.0,0.0
79.44999999999763,43.649999999999125,46.94999999999894,46.91445029360757,3.3510321638291103,1.0,5,2.1,1.9000000000000001,2.3000000000000003,0.0,0.0,0.0
79.44999999999763,43.649999999999125,46.94999999999894,46.91445029360757,3.3510321638291103,1.0,6,2.5,2.3,2.7,0.0,0.0,0.0
79.44999999999763,43.69999999999912,46.94999999999894,46.91445029360757,3.3510321638291103,1.0,1,0.5,0.3,0.7,0.0,0.0,0.0
79.44999999999763,43.69999999999912,46.94999999999894,46.91445029360757,3.3510321638291103,1.0,2,0.9,0.7,1.1,0.0,0.0,0.0
79.44999999999763,43.69999999999912,46.94999999999894,46.91445029360757,3.3510321638291103,1.0,3,1.3,1.1,1.5,0.0,0.0,0.0
79.44999999999763,43.69999999999912,46.94999999999894,46.91445029360757,3.3510321638291103,1.0,4,1.7000000000000002,1.5000000000000002,1.9000000000000001,0.0,0.0,0.0
79.44999999999763,43.69999999999912,46.94999999999894,46.91445029360757,3.3510321638291103,1.0,5,2.1,1.9000000000000001,2.3000000000000003,0.0,0.0,0.0
79.44999999999763,43.69999999999912,46.94999999999894,46.91445029360757,3.3510321638291103,1.0,6,2.5,2.3,2.7,0.0,0.0,0.0
79.44999999999763,43.74999999999912,46.94999999999894,46.91445029360757,3.3510321638291103,1.0,1,0.5,0.3,0.7,0.0,0.0,0.0
79.44999999999763,43.74999999999912,46.94999999999894,46.91445029360757,3.3510321638291103,1.0,2,0.9,0.7,1.1,0.0,0.0,0.0
79.44999999999763,43.74999999999912,46.94999999999894,46.91445029360757,3.3510321638291103,1.0,3,1.3,1.1,1.5,0.0,0.0,0.0
79.44999999999763,43.74999999999912,46.94999999999894,46.91445029360757,3.3510321638291103,1.0,4,1.7000000000000002,1.5000000000000002,1.9000000000000001,0.0,0.0,0.0
79.44999999999763,43.74999999999912,46.94999999999894,46.91445029360757,3.3510321638291103,1.0,5,2.1,1.9000000000000001,2.3000000000000003,0.0,0.0,0.0
79.44999999999763,43.74999999999912,46.94999999999894,46.91445029360757,3.3510321638291103,1.0,6,2.5,2.3,2.7,0.0,0.0,0.0
79.44999999999763,43.799999999999116,46.94999999999894,46.91445029360757,3.3510321638291103,1.0,1,0.5,0.3,0.7,0.0,0.0,0.0
79.44999999999763,43.799999999999116,46.94999999999894,46.91445029360757,3.3510321638291103,1.0,2,0.9,0.7,1.1,0.0,0.0,0.0
79.44999999999763,43.799999999999116,46.94999999999894,46.91445029360757,3.3510321638291103,1.0,3,1.3,1.1,1.5,0.0,0.0,0.0
79.44999999999763,43.799999999999116,46.94999999999894,46.91445029360757,3.3510321638291103,1.0,4,1.7000000000000002,1.5000000000000002,1.9000000000000001,0.0,0.0,0.0
79.44999999999763,43.799999999999116,46.94999999999894,46.91445029360757,3.3510321638291103,1.0,5,2.1,1.9000000000000001,2.3000000000000003,0.0,0.0,0.0
79.44999999999763,43.799999999999116,46.94999999999894,46.91445029360757,3.3510321638291103,1.0,6,2.5,2.3,2.7,0.0,0.0,0.0
79.44999999999763,43.84999999999911,46.94999999999894,46.91445029360757,3.3510321638291103,1.0,1,0.5,0.3,0.7,0.0,0.0,0.0
79.44999999999763,43.84999999999911,46.94999999999894,46.91445029360757,3.3510321638291103,1.0,2,0.9,0.7,1.1,0.0,0.0,0.0
79.44999999999763,43.84999999999911,46.94999999999894,46.91445029360757,3.3510321638291103,1.0,3,1.3,1.1,1.5,0.0,0.0,0.0
79.44999999999763,43.84999999999911,46.94999999999894,46.91445029360757,3.3510321638291103,1.0,4,1.7000000000000002,1.5000000000000002,1.9000000000000001,0.0,0.0,0.0
79.44999999999763,43.84999999999911,46.94999999999894,46.91445029360757,3.3510321638291103,1.0,5,2.1,1.9000000000000001,2.3000000000000003,0.0,0.0,0.0
79.44999999999763,43.84999999999911,46.94999999999894,46.91445029360757,3.3510321638291103,1.0,6,2.5,2.3,2.7,0.0,0.0,0.0
79.44999999999763,43.89999999999911,46.94999999999894,46.91445029360757,3.3510321638291103,1.0,1,0.5,0.3,0.7,0.0,0.0,0.0
79.44999999999763,43.89999999999911,46.94999999999894,46.91445029360757,3.3510321638291103,1.0,2,0.9,0.7,1.1,0.0,0.0,0.0
79.44999999999763,43.89999999999911,46.94999999999894,46.91445029360757,3.3510321638291103,1.0,3,1.3,1.1,1.5,0.0,0.0,0.0
79.44999999999763,43.89999999999911,46.94999999999894,46.91445029360757,3.3510321638291103,1.0,4,1.7000000000000002,1.5000000000000002,1.9000000000000001,0.0,0.0,0.0
79.44999999999763,43.89999999999911,46.94999999999894,46.91445029360757,3.3510321638291103,1.0,5,2.1,1.9000000000000001,2.3000000000000003,0.0,0.0,0.0
79.44999999999763,43.89999999999911,46.94999999999894,46.91445029360757,3.3510321638291103,1.0,6,2.5,2.3,2.7,0.0,0.0,0.0
79.44999999999763,43.94999999999911,46.94999999999894,46.91445029360757,3.3510321638291103,1.0,1,0.5,0.3,0.7,0.0,0.0,0.0
79.44999999999763,43.94999999999911,46.94999999999894,46.91445029360757,3.3510321638291103,1.0,2,0.9,0.7,1.1,0.0,0.0,0.0
79.44999999999763,43.94999999999911,46.94999999999894,46.91445029360757,3.3510321638291103,1.0,3,1.3,1.1,1.5,0.0,0.0,0.0
79.44999999999763,43.94999999999911,46.94999999999894,46.91445029360757,3.3510321638291103,1.0,4,1.7000000000000002,1.5000000000000002,1.9000000000000001,0.0,0.0,0.0
79.44999999999763,43.94999999999911,46.94999999999894,46.91445029360757,3.3510321638291103,1.0,5,2.1,1.9000000000000001,2.3000000000000003,0.0,0.0,0.0
79.44999999999763,43.94999999999911,46.94999999999894,46.91445029360757,3.3510321638291103,1.0,6,2.5,2.3,2.7,0.0,0.0,0.0
79.8499999999976,43.999999999999105,47.349999999998914,47.333329314086214,3.3510321638291103,1.0,1,0.5,0.3,0.7,0.0,0.0,0.0
79.8499999999976,43.999999999999105,47.349999999998914,47.333329314086214,3.3510321638291103,1.0,2,0.9,0.7,1.1,0.0,0.0,0.0
79.8499999999976,43.999999999999105,47.349999999998914,47.333329314086214,3.3510321638291103,1.0,3,1.3,1.1,1.5,0.0,0.0,0.0
79.8499999999976,43.999999999999105,47.349999999998914,47.333329314086214,3.3510321638291103,1.0,4,1.7000000000000002,1.5000000000000002,1.9000000000000001,0.0,0.0,0.0
79.8499999999976,43.999999999999105,47.349999999998914,47.333329314086214,3.3510321638291103,1.0,5,2.1,1.9000000000000001,2.3000000000000003,0.0,0.0,0.0
79.8499999999976,43.999999999999105,47.349999999998914,47.333329314086214,3.3510321638291103,1.0,6,2.5,2.3,2.7,0.0,0.0,0.0
79.8499999999976,44.0499999999991,47.349999999998914,47.333329314086214,3.3510321638291103,1.0,1,0.5,0.3,0.7,0.0,0.0,0.0
79.8499999999976,44.0499999999991,47.349999999998914,47.333329314086214,3.3510321638291103,1.0,2,0.9,0.7,1.1,0.0,0.0,0.0
79.8499999999976,44.0499999999991,47.349999999998914,47.333329314086214,3.3510321638291103,1.0,3,1.3,1.1,1.5,0.0,0.0,0.0
79.8499999999976,44.0499999999991,47.349999999998914,47.333329314086214,3.3510321638291103,1.0,4,1.7000000000000002,1.5000000000000002,1.9000000000000001,0.0,0.0,0.0
79.8499999999976,44.0499999999991,47.349999999998914,47.333329314086214,3.3510321638291103,1.0,5,2.1,1.9000000000000001,2.3000000000000003,0.0,0.0,0.0
79.8499999999976,44.0499999999991,47.349999999998914,47.333329314086214,3.3510321638291103,1.0,6,2.5,2.3,2.7,0.0,0.0,0.0
79.8499999999976,44.0999999999991,47.349999999998914,47.333329314086214,3.3510321638291103,1.0,1,0.5,0.3,0.7,0.0,0.0,0.0
79.8499999999976,44.0999999999991,47.349999999998914,47.333329314086214,3.3510321638291103,1.0,2,0.9,0.7,1.1,0.0,0.0,0.0
79.8499999999976,44.0999999999991,47.349999999998914,47.333329314086214,3.3510321638291103,1.0,3,1.3,1.1,1.5,0.0,0.0,0.0
79.8499999999976,44.0999999999991,47.349999999998914,47.333329314086214,3.3510321638291103,1.0,4,1.7000000000000002,1.5000000000000002,1.9000000000000001,0.0,0.0,0.0
79.8499999999976,44.0999999999991,47.349999999998914,47.333329314086214,3.3510321638291103,1.0,5,2.1,1.9000000000000001,2.3000000000000003,0.0,0.0,0.0
79.8499999999976,44.0999999999991,47.349999999998914,47.333329314086214,3.3510321638291103,1.0,6,2.5,2.3,2.7,0.0,0.0,0.0
79.8499999999976,44.149999999999096,47.349999999998914,47.333329314086214,3.3510321638291103,1.0,1,0.5,0.3,0.7,0.0,0.0,0.0
79.8499999999976,44.149999999999096,47.349999999998914,47.333329314086214,3.3510321638291103,1.0,2,0.9,0.7,1.1,0.0,0.0,0.0
79.8499999999976,44.149999999999096,47.349999999998914,47.333329314086214,3.3510321638291103,1.0,3,1.3,1.1,1.5,0.0,0.0,0.0
79.8499999999976,44.149999999999096,47.349999999998914,47.333329314086214,3.3510321638291103,1.0,4,1.7000000000000002,1.5000000000000002,1.9000000000000001,0.0,0.0,0.0
79.8499999999976,44.149999999999096,47.349999999998914,47.333329314086214,3.3510321638291103,1.0,5,2.1,1.9000000000000001,2.3000000000000003,0.0,0.0,0.0
79.8499999999976,44.149999999999096,47.349999999998914,47.333329314086214,3.3510321638291103,1.0,6,2.5,2.3,2.7,0.0,0.0,0.0
79.8499999999976,44.19999999999909,47.349999999998914,47.333329314086214,3.3510321638291103,1.0,1,0.5,0.3,0.7,0.0,0.0,0.0
79.8499999999976,44.19999999999909,47.349999999998914,47.333329314086214,3.3510321638291103,1.0,2,0.9,0.7,1.1,0.0,0.0,0.0
79.8499999999976,44.19999999999909,47.349999999998914,47.333329314086214,3.3510321638291103,1.0,3,1.3,1.1,1.5,0.0,0.0,0.0
79.8499999999976,44.19999999999909,47.349999999998914,47.333329314086214,3.3510321638291103,1.0,4,1.7000000000000002,1.5000000000000002,1.9000000000000001,0.0,0.0,0.0
79.8499999999976,44.19999999999909,47.349999999998914,47.333329314086214,3.3510321638291103,1.0,5,2.1,1.9000000000000001,2.3000000000000003,0.0,0.0,0.0
79.8499999999976,44.19999999999909,47.349999999998914,47.333329314086214,3.3510321638291103,1.0,6,2.5,2.3,2.7,0.0,0.0,0.0
79.8499999999976,44.24999999999909,47.349999999998914,47.333329314086214,3.3510321638291103,1.0,1,0.5,0.3,0.7,0.0,0.0,0.0
79.8499999999976,44.24999999999909,47.349999999998914,47.333329314086214,3.3510321638291103,1.0,2,0.9,0.7,1.1,0.0,0.0,0.0
79.8499999999976,44.24999999999909,47.349999999998914,47.333329314086214,3.3510321638291103,1.0,3,1.3,1.1,1.5,0.0,0.0,0.0
79.8499999999976,44.24999999999909,47.349999999998914,47.333329314086214,3.3510321638291103,1.0,4,1.7000000000000002,1.5000000000000002,1.9000000000000001,0.0,0.0,0.0
79.8499999999976,44.24999999999909,47.349999999998914,47.333329314086214,3.3510321638291103,1.0,5,2.1,1.9000000000000001,2.3000000000000003,0.0,0.0,0.0
79.8499999999976,44.24999999999909,47.349999999998914,47.333329314086214,3.3510321638291103,1.0,6,2.5,2.3,2.7,0.0,0.0,0.0
79.8499999999976,44.29999999999909,47.349999999998914,47.333329314086214,3.3510321638291103,1.0,1,0.5,0.3,0.7,0.0,0.0,0.0
79.8499999999976,44.29999999999909,47.349999999998914,47.333329314086214,3.3510321638291103,1.0,2,0.9,0.7,1.1,0.0,0.0,0.0
79.8499999999976,44.29999999999909,47.349999999998914,47.333329314086214,3.3510321638291103,1.0,3,1.3,1.1,1.5,0.0,0.0,0.0
79.8499999999976,44.29999999999909,47.349999999998914,47.333329314086214,3.3510321638291103,1.0,4,1.7000000000000002,1.5000000000000002,1.9000000000000001,0.0,0.0,0.0
79.8499999999976,44.29999999999909,47.349999999998914,47.333329314086214,3.3510321638291103,1.0,5,2.1,1.9000000000000001,2.3000000000000003,0.0,0.0,0.0
79.8499999999976,44.29999999999909,47.349999999998914,47.333329314086214,3.3510321638291103,1.0,6,2.5,2.3,2.7,0.0,0.0,0.0
79.8499999999976,44.349999999999085,47.349999999998914,47.333329314086214,3.3510321638291103,1.0,1,0.5,0.3,0.7,0.0,0.0,0.0
79.8499999999976,44.349999999999085,47.349999999998914,47.333329314086214,3.3510321638291103,1.0,2,0.9,0.7,1.1,0.0,0.0,0.0
79.8499999999976,44.349999999999085,47.349999999998914,47.333329314086214,3.3510321638291103,1.0,3,1.3,1.1,1.5,0.0,0.0,0.0
79.8499999999976,44.349999999999085,47.349999999998914,47.333329314086214,3.3510321638291103,1.0,4,1.7000000000000002,1.5000000000000002,1.9000000000000001,0.0,0.0,0.0
79.8499999999976,44.349999999999085,47.349999999998914,47.333329314086214,3.3510321638291103,1.0,5,2.1,1.9000000000000001,2.3000000000000003,0.0,0.0,0.0
79.8499999999976,44.349999999999085,47.349999999998914,47.333329314086214,3.3510321638291103,1.0,6,2.5,2.3,2.7,0.0,0.0,0.0
79.8499999999976,44.39999999999908,47.349999999998914,47.333329314086214,3.3510321638291103,1.0,1,0.5,0.3,0.7,0.0,0.0,0.0
79.8499999999976,44.39999999999908,47.349999999998914,47.333329314086214,3.3510321638291103,1.0,2,0.9,0.7,1.1,0.0,0.0,0.0
79.8499999999976,44.39999999999908,47.349999999998914,47.333329314086214,3.3510321638291103,1.0,3,1.3,1.1,1.5,0.0,0.0,0.0
79.8499999999976,44.39999999999908,47.349999999998914,47.333329314086214,3.3510321638291103,1.0,4,1.7000000000000002,1.5000000000000002,1.9000000000000001,0.0,0.0,0.0
79.8499999999976,44.39999999999908,47.349999999998914,47.333329314086214,3.3510321638291103,1.0,5,2.1,1.9000000000000001,2.3000000000000003,0.0,0.0,0.0
79.8499999999976,44.39999999999908,47.349999999998914,47.333329314086214,3.3510321638291103,1.0,6,2.5,2.3,2.7,0.0,0.0,0.0
80.29999999999758,44.44999999999908,47.79999999999889,47.752208334564855,3.3510321638291174,1.0,1,0.5,0.3,0.7,0.0,0.0,0.0
80.29999999999758,44.44999999999908,47.79999999999889,47.752208334564855,3.3510321638291174,1.0,2,0.9,0.7,1.1,0.0,0.0,0.0
80.29999999999758,44.44999999999908,47.79999999999889,47.752208334564855,3.3510321638291174,1.0,3,1.3,1.1,1.5,0.0,0.0,0.0
80.29999999999758,44.44999999999908,47.79999999999889,47.752208334564855,3.3510321638291174,1.0,4,1.7000000000000002,1.5000000000000002,1.9000000000000001,0.0,0.0,0.0
80.29999999999758,44.44999999999908,47.79999999999889,47.752208334564855,3.3510321638291174,1.0,5,2.1,1.9000000000000001,2.3000000000000003,0.0,0.0,0.0
80.29999999999758,44.44999999999908,47.79999999999889,47.752208334564855,3.3510321638291174,1.0,6,2.5,2.3,2.7,0.0,0.0,0.0
80.29999999999758,44.499999999999076,47.79999999999889,47.752208334564855,3.3510321638291174,1.0,1,0.5,0.3,0.7,0.0,0.0,0.0
80.29999999999758,44.499999999999076,47.79999999999889,47.752208334564855,3.3510321638291174,1.0,2,0.9,0.7,1.1,0.0,0.0,0.0
80.29999999999758,44.499999999999076,47.79999999999889,47.752208334564855,3.3510321638291174,1.0,3,1.3,1.1,1.5,0.0,0.0,0.0
80.29999999999758,44.499999999999076,47.79999999999889,47.752208334564855,3.3510321638291174,1.0,4,1.7000000000000002,1.5000000000000002,1.9000000000000001,0.0,0.0,0.0
80.29999999999758,44.499999999999076,47.79999999999889,47.752208334564855,3.3510321638291174,1.0,5,2.1,1.9000000000000001,2.3000000000000003,0.0,0.0,0.0
80.29999999999758,44.499999999999076,47.79999999999889,47.752208334564855,3.3510321638291174,1.0,6,2.5,2.3,2.7,0.0,0.0,0.0
80.29999999999758,44.54999999999907,47.79999999999889,47.752208334564855,3.3510321638291174,1.0,1,0.5,0.3,0.7,0.0,0.0,0.0
80.29999999999758,44.54999999999907,47.79999999999889,47.752208334564855,3.3510321638291174,1.0,2,0.9,0.7,1.1,0.0,0.0,0.0
80.29999999999758,44.54999999999907,47.79999999999889,47.752208334564855,3.3510321638291174,1.0,3,1.3,1.1,1.5,0.0,0.0,0.0
80.29999999999758,44.54999999999907,47.79999999999889,47.752208334564855,3.3510321638291174,1.0,4,1.7000000000000002,1.5000000000000002,1.9000000000000001,0.0,0.0,0.0
80.29999999999758,44.54999999999907,47.79999999999889,47.752208334564855,3.3510321638291174,1.0,5,2.1,1.9000000000000001,2.3000000000000003,0.0,0.0,0.0
80.29999999999758,44.54999999999907,47.79999999999889,47.752208334564855,3.3510321638291174,1.0,6,2.5,2.3,2.7,0.0,0.0,0.0
80.29999999999758,44.59999999999907,47.79999999999889,47.752208334564855,3.3510321638291174,1.0,1,0.5,0.3,0.7,0.0,0.0,0.0
80.29999999999758,44.59999999999907,47.79999999999889,47.752208334564855,3.3510321638291174,1.0,2,0.9,0.7,1.1,0.0,0.0,0.0
80.29999999999758,44.59999999999907,47.79999999999889,47.752208334564855,3.3510321638291174,1.0,3,1.3,1.1,1.5,0.0,0.0,0.0
80.29999999999758,44.59999999999907,47.79999999999889,47.752208334564855,3.3510321638291174,1.0,4,1.7000000000000002,1.5000000000000002,1.9000000000000001,0.0,0.0,0.0
80.29999999999758,44.59999999999907,47.79999999999889,47.752208334564855,3.3510321638291174,1.0,5,2.1,1.9000000000000001,2.3000000000000003,0.0,0.0,0.0
80.29999999999758,44.59999999999907,47.79999999999889,47.752208334564855,3.3510321638291174,1.0,6,2.5,2.3,2.7,0.0,0.0,0.0
80.29999999999758,44.64999999999907,47.79999999999889,47.752208334564855,3.3510321638291174,1.0,1,0.5,0.3,0.7,0.0,0.0,0.0
80.29999999999758,44.64999999999907,47.79999999999889,47.752208334564855,3.3510321638291174,1.0,2,0.9,0.7,1.1,0.0,0.0,0.0
80.29999999999758,44.64999999999907,47.79999999999889,47.752208334564855,3.3510321638291174,1.0,3,1.3,1.1,1.5,0.0,0.0,0.0
80.29999999999758,44.64999999999907,47.79999999999889,47.752208334564855,3.3510321638291174,1.0,4,1.7000000000000002,1.5000000000000002,1.9000000000000001,0.0,0.0,0.0
80.29999999999758,44.64999999999907,47.79999999999889,47.752208334564855,3.3510321638291174,1.0,5,2.1,1.9000000000000001,2.3000000000000003,0.0,0.0,0.0
80.29999999999758,44.64999999999907,47.79999999999889,47.752208334564855,3.3510321638291174,1.0,6,2.5,2.3,2.7,0.0,0.0,0.0
80.29999999999758,44.699999999999065,47.79999999999889,47.752208334564855,3.3510321638291174,1.0,1,0.5,0.3,0.7,0.0,0.0,0.0
80.29999999999758,44.699999999999065,47.79999999999889,47.752208334564855,3.3510321638291174,1.0,2,0.9,0.7,1.1,0.0,0.0,0.0
80.29999999999758,44.699999999999065,47.79999999999889,47.752208334564855,3.3510321638291174,1.0,3,1.3,1.1,1.5,0.0,0.0,0.0
80.29999999999758,44.699999999999065,47.79999999999889,47.752208334564855,3.3510321638291174,1.0,4,1.7000000000000002,1.5000000000000002,1.9000000000000001,0.0,0.0,0.0
80.29999999999758,44.699999999999065,47.79999999999889,47.752208334564855,3.3510321638291174,1.0,5,2.1,1.9000000000000001,2.3000000000000003,0.0,0.0,0.0
80.29999999999758,44.699999999999065,47.79999999999889,47.752208334564855,3.3510321638291174,1.0,6,2.5,2.3,2.7,0.0,0.0,0.0
80.29999999999758,44.74999999999906,47.79999999999889,47.752208334564855,3.3510321638291174,1.0,1,0.5,0.3,0.7,0.0,0.0,0.0
80.29999999999758,44.74999999999906,47.79999999999889,47.752208334564855,3.3510321638291174,1.0,2,0.9,0.7,1.1,0.0,0.0,0.0
80.29999999999758,44.74999999999906,47.79999999999889,47.752208334564855,3.3510321638291174,1.0,3,1.3,1.1,1.5,0.0,0.0,0.0
80.29999999999758,44.74999999999906,47.79999999999889,47.752208334564855,3.3510321638291174,1.0,4,1.7000000000000002,1.5000000000000002,1.9000000000000001,0.0,0.0,0.0
80.29999999999758,44.74999999999906,47.79999999999889,47.752208334564855,3.3510321638291174,1.0,5,2.1,1.9000000000000001,2.3000000000000003,0.0,0.0,0.0
80.29999999999758,44.74999999999906,47.79999999999889,47.752208334564855,3.3510321638291174,1.0,6,2.5,2.3,2.7,0.0,0.0,0.0
80.29999999999758,44.79999999999906,47.79999999999889,47.752208334564855,3.3510321638291174,1.0,1,0.5,0.3,0.7,0.0,0.0,0.0
80.29999999999758,44.79999999999906,47.79999999999889,47.752208334564855,3.3510321638291174,1.0,2,0.9,0.7,1.1,0.0,0.0,0.0
80.29999999999758,44.79999999999906,47.79999999999889,47.752208334564855,3.3510321638291174,1.0,3,1.3,1.1,1.5,0.0,0.0,0.0
80.29999999999758,44.79999999999906,47.79999999999889,47.752208334564855,3.3510321638291174,1.0,4,1.7000000000000002,1.5000000000000002,1.9000000000000001,0.0,0.0,0.0
80.29999999999758,44.79999999999906,47.79999999999889,47.752208334564855,3.3510321638291174,1.0,5,2.1,1.9000000000000001,2.3000000000000003,0.0,0.0,0.0
80.29999999999758,44.79999999999906,47.79999999999889,47.752208334564855,3.3510321638291174,1.0,6,2.5,2.3,2.7,0.0,0.0,0.0
80.69999999999756,44.849999999999056,48.199999999998866,48.17108735504349,3.3510321638291103,1.0,1,0.5,0.3,0.7,0.0,0.0,0.0
80.69999999999756,44.849999999999056,48.199999999998866,48.17108735504349,3.3510321638291103,1.0,2,0.9,0.7,1.1,0.1388888888888889,0.07083333333333333,15.0
80.69999999999756,44.849999999999056,48.199999999998866,48.17108735504349,3.3510321638291103,1.0,3,1.3,1.1,1.5,0.175,0.08925,15.0
80.69999999999756,44.849999999999056,48.199999999998866,48.17108735504349,3.3510321638291103,1.0,4,1.7000000000000002,1.5000000000000002,1.9000000000000001,0.044444444444444446,0.02266666666666667,15.0
80.69999999999756,44.849999999999056,48.199999999998866,48.17108735504349,3.3510321638291103,1.0,5,2.1,1.9000000000000001,2.3000000000000003,0.08695652173913043,0.04434782608695652,15.0
80.69999999999756,44.849999999999056,48.199999999998866,48.17108735504349,3.3510321638291103,1.0,6,2.5,2.3,2.7,0.046511627906976744,0.02372093023255814,15.0
80.69999999999756,44.899999999999054,48.199999999998866,48.17108735504349,3.3510321638291103,1.0,1,0.5,0.3,0.7,0.0,0.0,0.0
80.69999999999756,44.899999999999054,48.199999999998866,48.17108735504349,3.3510321638291103,1.0,2,0.9,0.7,1.1,0.16666666666666666,0.08499999999999999,15.0
80.69999999999756,44.899999999999054,48.199999999998866,48.17108735504349,3.3510321638291103,1.0,3,1.3,1.1,1.5,0.175,0.08925,15.0
80.69999999999756,44.899999999999054,48.199999999998866,48.17108735504349,3.3510321638291103,1.0,4,1.7000000000000002,1.5000000000000002,1.9000000000000001,0.06666666666666667,0.034,15.0
80.69999999999756,44.899999999999054,48.199999999998866,48.17108735504349,3.3510321638291103,1.0,5,2.1,1.9000000000000001,2.3000000000000003,0.15217391304347827,0.07760869565217392,15.0
80.69999999999756,44.899999999999054,48.199999999998866,48.17108735504349,3.3510321638291103,1.0,6,2.5,2.3,2.7,0.13953488372093023,0.07116279069767442,15.0
80.69999999999756,44.94999999999905,48.199999999998866,48.17108735504349,3.3510321638291103,1.0,1,0.5,0.3,0.7,0.0,0.0,0.0
80.69999999999756,44.94999999999905,48.199999999998866,48.17108735504349,3.3510321638291103,1.0,2,0.9,0.7,1.1,0.1388888888888889,0.07083333333333333,15.0
80.69999999999756,44.94999999999905,48.199999999998866,48.17108735504349,3.3510321638291103,1.0,3,1.3,1.1,1.5,0.35,0.1785,22.312499999999996
80.69999999999756,44.94999999999905,48.199999999998866,48.17108735504349,3.3510321638291103,1.0,4,1.7000000000000002,1.5000000000000002,1.9000000000000001,0.2,0.10200000000000001,15.0
80.69999999999756,44.94999999999905,48.199999999998866,48.17108735504349,3.3510321638291103,1.0,5,2.1,1.9000000000000001,2.3000000000000003,0.1956521739130435,0.09978260869565218,15.0
80.69999999999756,44.94999999999905,48.199999999998866,48.17108735504349,3.3510321638291103,1.0,6,2.5,2.3,2.7,0.3488372093023256,0.17790697674418604,22.23837209302325
80.69999999999756,44.99999999999905,48.199999999998866,48.17108735504349,3.3510321638291103,1.0,1,0.5,0.3,0.7,0.0,0.0,0.0
80.69999999999756,44.99999999999905,48.199999999998866,48.17108735504349,3.3510321638291103,1.0,2,0.9,0.7,1.1,0.19444444444444445,0.09916666666666667,15.0
80.69999999999756,44.99999999999905,48.199999999998866,48.17108735504349,3.3510321638291103,1.0,3,1.3,1.1,1.5,0.375,0.19125,23.90625
80.69999999999756,44.99999999999905,48.199999999998866,48.17108735504349,3.3510321638291103,1.0,4,1.7000000000000002,1.5000000000000002,1.9000000000000001,0.2,0.10200000000000001,15.0
80.69999999999756,44.99999999999905,48.199999999998866,48.17108735504349,3.3510321638291103,1.0,5,2.1,1.9000000000000001,2.3000000000000003,0.21739130434782608,0.1108695652173913,15.0
80.69999999999756,44.99999999999905,48.199999999998866,48.17108735504349,3.3510321638291103,1.0,6,2.5,2.3,2.7,0.37209302325581395,0.18976744186046512,23.72093023255814
80.69999999999756,45.049999999999045,48.199999999998866,48.17108735504349,3.3510321638291103,1.0,1,0.5,0.3,0.7,0.0,0.0,0.0
80.69999999999756,45.049999999999045,48.199999999998866,48.17108735504349,3.3510321638291103,1.0,2,0.9,0.7,1.1,0.19444444444444445,0.09916666666666667,15.0
80.69999999999756,45.049999999999045,48.199999999998866,48.17108735504349,3.3510321638291103,1.0,3,1.3,1.1,1.5,0.325,0.16575,20.718749999999996
80.69999999999756,45.049999999999045,48.199999999998866,48.17108735504349,3.3510321638291103,1.0,4,1.7000000000000002,1.5000000000000002,1.9000000000000001,0.2,0.10200000000000001,15.0
80.69999999999756,45.049999999999045,48.199999999998866,48.17108735504349,3.3510321638291103,1.0,5,2.1,1.9000000000000001,2.3000000000000003,0.1956521739130435,0.09978260869565218,15.0
80.69999999999756,45.049999999999045,48.199999999998866,48.17108735504349,3.3510321638291103,1.0,6,2.5,2.3,2.7,0.37209302325581395,0.18976744186046512,23.72093023255814
80.69999999999756,45.09999999999904,48.199999999998866,48.17108735504349,3.3510321638291103,1.0,1,0.5,0.3,0.7,0.0,0.0,0.0
80.69999999999756,45.09999999999904,48.199999999998866,48.17108735504349,3.3510321638291103,1.0,2,0.9,0.7,1.1,0.08333333333333333,0.042499999999999996,15.0
80.69999999999756,45.09999999999904,48.199999999998866,48.17108735504349,3.3510321638291103,1.0,3,1.3,1.1,1.5,0.2,0.10200000000000001,15.0
80.69999999999756,45.09999999999904,48.199999999998866,48.17108735504349,3.3510321638291103,1.0,4,1.7000000000000002,1.5000000000000002,1.9000000000000001,0.17777777777777778,0.09066666666666667,15.0
80.69999999999756,45.09999999999904,48.199999999998866,48.17108735504349,3.3510321638291103,1.0,5,2.1,1.9000000000000001,2.3000000000000003,0.15217391304347827,0.07760869565217392,15.0
80.69999999999756,45.09999999999904,48.199999999998866,48.17108735504349,3.3510321638291103,1.0,6,2.5,2.3,2.7,0.20930232558139536,0.10674418604651163,15.0
80.69999999999756,45.14999999999904,48.199999999998866,48.17108735504349,3.3510321638291103,1.0,1,0.5,0.3,0.7,0.0,0.0,0.0
80.69999999999756,45.14999999999904,48.199999999998866,48.17108735504349,3.3510321638291103,1.0,2,0.9,0.7,1.1,0.0,0.0,0.0
80.69999999999756,45.14999999999904,48.199999999998866,48.17108735504349,3.3510321638291103,1.0,3,1.3,1.1,1.5,0.15,0.0765,15.0
80.69999999999756,45.14999999999904,48.199999999998866,48.17108735504349,3.3510321638291103,1.0,4,1.7000000000000002,1.5000000000000002,1.9000000000000001,0.1111111111111111,0.056666666666666664,15.0
80.69999999999756,45.14999999999904,48.199999999998866,48.17108735504349,3.3510321638291103,1.0,5,2.1,1.9000000000000001,2.3000000000000003,0.08695652173913043,0.04434782608695652,15.0
80.69999999999756,45.14999999999904,48.199999999998866,48.17108735504349,3.3510321638291103,1.0,6,2.5,2.3,2.7,0.09302325581395349,0.04744186046511628,15.0
80.69999999999756,45.19999999999904,48.199999999998866,48.17108735504349,3.3510321638291103,1.0,1,0.5,0.3,0.7,0.0,0.0,0.0
80.69999999999756,45.19999999999904,48.199999999998866,48.17108735504349,3.3510321638291103,1.0,2,0.9,0.7,1.1,0.0,0.0,0.0
80.69999999999756,45.19999999999904,48.199999999998866,48.17108735504349,3.3510321638291103,1.0,3,1.3,1.1,1.5,0.0,0.0,0.0
80.69999999999756,45.19999999999904,48.199999999998866,48.17108735504349,3.3510321638291103,1.0,4,1.7000000000000002,1.5000000000000002,1.9000000000000001,0.0,0.0,0.0
80.69999999999756,45.19999999999904,48.199999999998866,48.17108735504349,3.3510321638291103,1.0,5,2.1,1.9000000000000001,2.3000000000000003,0.0,0.0,0.0
80.69999999999756,45.19999999999904,48.199999999998866,48.17108735504349,3.3510321638291103,1.0,6,2.5,2.3,2.7,0.0,0.0,0.0
81.09999999999754,45.249999999999034,48.59999999999884,48.58996637552213,3.3510321638291103,1.0,1,0.5,0.3,0.7,0.0,0.0,0.0
81.09999999999754,45.249999999999034,48.59999999999884,48.58996637552213,3.3510321638291103,1.0,2,0.9,0.7,1.1,0.0,0.0,0.0
81.09999999999754,45.249999999999034,48.59999999999884,48.58996637552213,3.3510321638291103,1.0,3,1.3,1.1,1.5,0.0,0.0,0.0
81.09999999999754,45.249999999999034,48.59999999999884,48.58996637552213,3.3510321638291103,1.0,4,1.7000000000000002,1.5000000000000002,1.9000000000000001,0.0,0.0,0.0
81.09999999999754,45.249999999999034,48.59999999999884,48.58996637552213,3.3510321638291103,1.0,5,2.1,1.9000000000000001,2.3000000000000003,0.0,0.0,0.0
81.09999999999754,45.249999999999034,48.59999999999884,48.58996637552213,3.3510321638291103,1.0,6,2.5,2.3,2.7,0.0,0.0,0.0
81.09999999999754,45.29999999999903,48.59999999999884,48.58996637552213,3.3510321638291103,1.0,1,0.5,0.3,0.7,0.0,0.0,0.0
81.09999999999754,45.29999999999903,48.59999999999884,48.58996637552213,3.3510321638291103,1.0,2,0.9,0.7,1.1,0.0,0.0,0.0
81.09999999999754,45.29999999999903,48.59999999999884,48.58996637552213,3.3510321638291103,1.0,3,1.3,1.1,1.5,0.0,0.0,0.0
81.09999999999754,45.29999999999903,48.59999999999884,48.58996637552213,3.3510321638291103,1.0,4,1.7000000000000002,1.5000000000000002,1.9000000000000001,0.0,0.0,0.0
81.09999999999754,45.29999999999903,48.59999999999884,48.58996637552213,3.3510321638291103,1.0,5,2.1,1.9000000000000001,2.3000000000000003,0.0,0.0,0.0
81.09999999999754,45.29999999999903,48.59999999999884,48.58996637552213,3.3510321638291103,1.0,6,2.5,2.3,2.7,0.0,0.0,0.0
81.09999999999754,45.34999999999903,48.59999999999884,48.58996637552213,3.3510321638291103,1.0,1,0.5,0.3,0.7,0.0,0.0,0.0
81.09999999999754,45.34999999999903,48.59999999999884,48.58996637552213,3.3510321638291103,1.0,2,0.9,0.7,1.1,0.0,0.0,0.0
81.09999999999754,45.34999999999903,48.59999999999884,48.58996637552213,3.3510321638291103,1.0,3,1.3,1.1,1.5,0.0,0.0,0.0
81.09999999999754,45.34999999999903,48.59999999999884,48.58996637552213,3.3510321638291103,1.0,4,1.7000000000000002,1.5000000000000002,1.9000000000000001,0.0,0.0,0.0
81.09999999999754,45.34999999999903,48.59999999999884,48.58996637552213,3.3510321638291103,1.0,5,2.1,1.9000000000000001,2.3000000000000003,0.0,0.0,0.0
81.09999999999754,45.34999999999903,48.59999999999884,48.58996637552213,3.3510321638291103,1.0,6,2.5,2.3,2.7,0.0,0.0,0.0
81.09999999999754,45.399999999999025,48.59999999999884,48.58996637552213,3.3510321638291103,1.0,1,0.5,0.3,0.7,0.0,0.0,0.0
81.09999999999754,45.399999999999025,48.59999999999884,48.58996637552213,3.3510321638291103,1.0,2,0.9,0.7,1.1,0.0,0.0,0.0
81.09999999999754,45.399999999999025,48.59999999999884,48.58996637552213,3.3510321638291103,1.0,3,1.3,1.1,1.5,0.0,0.0,0.0
81.09999999999754,45.399999999999025,48.59999999999884,48.58996637552213,3.3510321638291103,1.0,4,1.7000000000000002,1.5000000000000002,1.9000000000000001,0.0,0.0,0.0
81.09999999999754,45.399999999999025,48.59999999999884,48.58996637552213,3.3510321638291103,1.0,5,2.1,1.9000000000000001,2.3000000000000003,0.0,0.0,0.0
81.09999999999754,45.399999999999025,48.59999999999884,48.58996637552213,3.3510321638291103,1.0,6,2.5,2.3,2.7,0.0,0.0,0.0
81.09999999999754,45.44999999999902,48.59999999999884,48.58996637552213,3.3510321638291103,1.0,1,0.5,0.3,0.7,0.0,0.0,0.0
81.09999999999754,45.44999999999902,48.59999999999884,48.58996637552213,3.3510321638291103,1.0,2,0.9,0.7,1.1,0.0,0.0,0.0
81.09999999999754,45.44999999999902,48.59999999999884,48.58996637552213,3.3510321638291103,1.0,3,1.3,1.1,1.5,0.0,0.0,0.0
81.09999999999754,45.44999999999902,48.59999999999884,48.58996637552213,3.3510321638291103,1.0,4,1.7000000000000002,1.5000000000000002,1.9000000000000001,0.0,0.0,0.0
81.09999999999754,45.44999999999902,48.59999999999884,48.58996637552213,3.3510321638291103,1.0,5,2.1,1.9000000000000001,2.3000000000000003,0.0,0.0,0.0
81.09999999999754,45.44999999999902,48.59999999999884,48.58996637552213,3.3510321638291103,1.0,6,2.5,2.3,2.7,0.0,0.0,0.0
81.09999999999754,45.49999999999902,48.59999999999884,48.58996637552213,3.3510321638291103,1.0,1,0.5,0.3,0.7,0.0,0.0,0.0
81.09999999999754,45.49999999999902,48.59999999999884,48.58996637552213,3.3510321638291103,1.0,2,0.9,0.7,1.1,0.0,0.0,0.0
81.09999999999754,45.49999999999902,48.59999999999884,48.58996637552213,3.3510321638291103,1.0,3,1.3,1.1,1.5,0.0,0.0,0.0
81.09999999999754,45.49999999999902,48.59999999999884,48.58996637552213,3.3510321638291103,1.0,4,1.7000000000000002,1.5000000000000002,1.9000000000000001,0.0,0.0,0.0
81.09999999999754,45.49999999999902,48.59999999999884,48.58996637552213,3.3510321638291103,1.0,5,2.1,1.9000000000000001,2.3000000000000003,0.0,0.0,0.0
81.09999999999754,45.49999999999902,48.59999999999884,48.58996637552213,3.3510321638291103,1.0,6,2.5,2.3,2.7,0.0,0.0,0.0
81.09999999999754,45.54999999999902,48.59999999999884,48.58996637552213,3.3510321638291103,1.0,1,0.5,0.3,0.7,0.0,0.0,0.0
81.09999999999754,45.54999999999902,48.59999999999884,48.58996637552213,3.3510321638291103,1.0,2,0.9,0.7,1.1,0.0,0.0,0.0
81.09999999999754,45.54999999999902,48.59999999999884,48.58996637552213,3.3510321638291103,1.0,3,1.3,1.1,1.5,0.0,0.0,0.0
81.09999999999754,45.54999999999902,48.59999999999884,48.58996637552213,3.3510321638291103,1.0,4,1.7000000000000002,1.5000000000000002,1.9000000000000001,0.0,0.0,0.0
81.09999999999754,45.54999999999902,48.59999999999884,48.58996637552213,3.3510321638291103,1.0,5,2.1,1.9000000000000001,2.3000000000000003,0.0,0.0,0.0
81.09999999999754,45.54999999999902,48.59999999999884,48.58996637552213,3.3510321638291103,1.0,6,2.5,2.3,2.7,0.0,0.0,0.0
81.09999999999754,45.599999999999014,48.59999999999884,48.58996637552213,3.3510321638291103,1.0,1,0.5,0.3,0.7,0.0,0.0,0.0
81.09999999999754,45.599999999999014,48.59999999999884,48.58996637552213,3.3510321638291103,1.0,2,0.9,0.7,1.1,0.0,0.0,0.0
81.09999999999754,45.599999999999014,48.59999999999884,48.58996637552213,3.3510321638291103,1.0,3,1.3,1.1,1.5,0.0,0.0,0.0
81.09999999999754,45.599999999999014,48.59999999999884,48.58996637552213,3.3510321638291103,1.0,4,1.7000000000000002,1.5000000000000002,1.9000000000000001,0.0,0.0,0.0
81.09999999999754,45.599999999999014,48.59999999999884,48.58996637552213,3.3510321638291103,1.0,5,2.1,1.9000000000000001,2.3000000000000003,0.0,0.0,0.0
81.09999999999754,45.599999999999014,48.59999999999884,48.58996637552213,3.3510321638291103,1.0,6,2.5,2.3,2.7,0.0,0.0,0.0
81.09999999999754,45.64999999999901,48.59999999999884,48.58996637552213,3.3510321638291103,1.0,1,0.5,0.3,0.7,0.0,0.0,0.0
81.09999999999754,45.64999999999901,48.59999999999884,48.58996637552213,3.3510321638291103,1.0,2,0.9,0.7,1.1,0.0,0.0,0.0
81.09999999999754,45.64999999999901,48.59999999999884,48.58996637552213,3.3510321638291103,1.0,3,1.3,1.1,1.5,0.0,0.0,0.0
81.09999999999754,45.64999999999901,48.59999999999884,48.58996637552213,3.3510321638291103,1.0,4,1.7000000000000002,1.5000000000000002,1.9000000000000001,0.0,0.0,0.0
81.09999999999754,45.64999999999901,48.59999999999884,48.58996637552213,3.3510321638291103,1.0,5,2.1,1.9000000000000001,2.3000000000000003,0.0,0.0,0.0
81.09999999999754,45.64999999999901,48.59999999999884,48.58996637552213,3.3510321638291103,1.0,6,2.5,2.3,2.7,0.0,0.0,0.0
81.54999999999751,45.69999999999901,49.04999999999882,49.00884539600077,3.3510321638291174,1.0,1,0.5,0.3,0.7,0.0,0.0,0.0
81.54999999999751,45.69999999999901,49.04999999999882,49.00884539600077,3.3510321638291174,1.0,2,0.9,0.7,1.1,0.0,0.0,0.0
81.54999999999751,45.69999999999901,49.04999999999882,49.00884539600077,3.3510321638291174,1.0,3,1.3,1.1,1.5,0.0,0.0,0.0
81.54999999999751,45.69999999999901,49.04999999999882,49.00884539600077,3.3510321638291174,1.0,4,1.7000000000000002,1.5000000000000002,1.9000000000000001,0.0,0.0,0.0
81.54999999999751,45.69999999999901,49.04999999999882,49.00884539600077,3.3510321638291174,1.0,5,2.1,1.9000000000000001,2.3000000000000003,0.0,0.0,0.0
81.54999999999751,45.69999999999901,49.04999999999882,49.00884539600077,3.3510321638291174,1.0,6,2.5,2.3,2.7,0.0,0.0,0.0
81.54999999999751,45.749999999999005,49.04999999999882,49.00884539600077,3.3510321638291174,1.0,1,0.5,0.3,0.7,0.0,0.0,0.0
81.54999999999751,45.749999999999005,49.04999999999882,49.00884539600077,3.3510321638291174,1.0,2,0.9,0.7,1.1,0.0,0.0,0.0
81.54999999999751,45.749999999999005,49.04999999999882,49.00884539600077,3.3510321638291174,1.0,3,1.3,1.1,1.5,0.0,0.0,0.0
81.54999999999751,45.749999999999005,49.04999999999882,49.00884539600077,3.3510321638291174,1.0,4,1.7000000000000002,1.5000000000000002,1.9000000000000001,0.0,0.0,0.0
81.54999999999751,45.749999999999005,49.04999999999882,49.00884539600077,3.3510321638291174,1.0,5,2.1,1.9000000000000001,2.3000000000000003,0.0,0.0,0.0
81.54999999999751,45.749999999999005,49.04999999999882,49.00884539600077,3.3510321638291174,1.0,6,2.5,2.3,2.7,0.0,0.0,0.0
81.54999999999751,45.799999999999,49.04999999999882,49.00884539600077,3.3510321638291174,1.0,1,0.5,0.3,0.7,0.0,0.0,0.0
81.54999999999751,45.799999999999,49.04999999999882,49.00884539600077,3.3510321638291174,1.0,2,0.9,0.7,1.1,0.0,0.0,0.0
81.54999999999751,45.799999999999,49.04999999999882,49.00884539600077,3.3510321638291174,1.0,3,1.3,1.1,1.5,0.0,0.0,0.0
81.54999999999751,45.799999999999,49.04999999999882,49.00884539600077,3.3510321638291174,1.0,4,1.7000000000000002,1.5000000000000002,1.9000000000000001,0.0,0.0,0.0
81.54999999999751,45.799999999999,49.04999999999882,49.00884539600077,3.3510321638291174,1.0,5,2.1,1.9000000000000001,2.3000000000000003,0.0,0.0,0.0
81.54999999999751,45.799999999999,49.04999999999882,49.00884539600077,3.3510321638291174,1.0,6,2.5,2.3,2.7,0.0,0.0,0.0
81.54999999999751,45.849999999999,49.04999999999882,49.00884539600077,3.3510321638291174,1.0,1,0.5,0.3,0.7,0.0,0.0,0.0
81.54999999999751,45.849999999999,49.04999999999882,49.00884539600077,3.3510321638291174,1.0,2,0.9,0.7,1.1,0.0,0.0,0.0
81.54999999999751,45.849999999999,49.04999999999882,49.00884539600077,3.3510321638291174,1.0,3,1.3,1.1,1.5,0.0,0.0,0.0
81.54999999999751,45.849999999999,49.04999999999882,49.00884539600077,3.3510321638291174,1.0,4,1.7000000000000002,1.5000000000000002,1.9000000000000001,0.0,0.0,0.0
81.54999999999751,45.849999999999,49.04999999999882,49.00884539600077,3.3510321638291174,1.0,5,2.1,1.9000000000000001,2.3000000000000003,0.0,0.0,0.0
81.54999999999751,45.849999999999,49.04999999999882,49.00884539600077,3.3510321638291174,1.0,6,2.5,2.3,2.7,0.0,0.0,0.0
81.54999999999751,45.899999999999,49.04999999999882,49.00884539600077,3.3510321638291174,1.0,1,0.5,0.3,0.7,0.0,0.0,0.0
81.54999999999751,45.899999999999,49.04999999999882,49.00884539600077,3.3510321638291174,1.0,2,0.9,0.7,1.1,0.0,0.0,0.0
81.54999999999751,45.899999999999,49.04999999999882,49.00884539600077,3.3510321638291174,1.0,3,1.3,1.1,1.5,0.0,0.0,0.0
81.54999999999751,45.899999999999,49.04999999999882,49.00884539600077,3.3510321638291174,1.0,4,1.7000000000000002,1.5000000000000002,1.9000000000000001,0.0,0.0,0.0
81.54999999999751,45.899999999999,49.04999999999882,49.00884539600077,3.3510321638291174,1.0,5,2.1,1.9000000000000001,2.3000000000000003,0.0,0.0,0.0
81.54999999999751,45.899999999999,49.04999999999882,49.00884539600077,3.3510321638291174,1.0,6,2.5,2.3,2.7,0.0,0.0,0.0
81.54999999999751,45.949999999998994,49.04999999999882,49.00884539600077,3.3510321638291174,1.0,1,0.5,0.3,0.7,0.0,0.0,0.0
81.54999999999751,45.949999999998994,49.04999999999882,49.00884539600077,3.3510321638291174,1.0,2,0.9,0.7,1.1,0.0,0.0,0.0
81.54999999999751,45.949999999998994,49.04999999999882,49.00884539600077,3.3510321638291174,1.0,3,1.3,1.1,1.5,0.0,0.0,0.0
81.54999999999751,45.949999999998994,49.04999999999882,49.00884539600077,3.3510321638291174,1.0,4,1.7000000000000002,1.5000000000000002,1.9000000000000001,0.0,0.0,0.0
81.54999999999751,45.949999999998994,49.04999999999882,49.00884539600077,3.3510321638291174,1.0,5,2.1,1.9000000000000001,2.3000000000000003,0.0,0.0,0.0
81.54999999999751,45.949999999998994,49.04999999999882,49.00884539600077,3.3510321638291174,1.0,6,2.5,2.3,2.7,0.0,0.0,0.0
81.54999999999751,45.99999999999899,49.04999999999882,49.00884539600077,3.3510321638291174,1.0,1,0.5,0.3,0.7,0.0,0.0,0.0
81.54999999999751,45.99999999999899,49.04999999999882,49.00884539600077,3.3510321638291174,1.0,2,0.9,0.7,1.1,0.0,0.0,0.0
81.54999999999751,45.99999999999899,49.04999999999882,49.00884539600077,3.3510321638291174,1.0,3,1.3,1.1,1.5,0.0,0.0,0.0
81.54999999999751,45.99999999999899,49.04999999999882,49.00884539600077,3.3510321638291174,1.0,4,1.7000000000000002,1.5000000000000002,1.9000000000000001,0.0,0.0,0.0
81.54999999999751,45.99999999999899,49.04999999999882,49.00884539600077,3.3510321638291174,1.0,5,2.1,1.9000000000000001,2.3000000000000003,0.0,0.0,0.0
81.54999999999751,45.99999999999899,49.04999999999882,49.00884539600077,3.3510321638291174,1.0,6,2.5,2.3,2.7,0.0,0.0,0.0
81.54999999999751,46.04999999999899,49.04999999999882,49.00884539600077,3.3510321638291174,1.0,1,0.5,0.3,0.7,0.0,0.0,0.0
81.54999999999751,46.04999999999899,49.04999999999882,49.00884539600077,3.3510321638291174,1.0,2,0.9,0.7,1.1,0.0,0.0,0.0
81.54999999999751,46.04999999999899,49.04999999999882,49.00884539600077,3.3510321638291174,1.0,3,1.3,1.1,1.5,0.0,0.0,0.0
81.54999999999751,46.04999999999899,49.04999999999882,49.00884539600077,3.3510321638291174,1.0,4,1.7000000000000002,1.5000000000000002,1.9000000000000001,0.0,0.0,0.0
81.54999999999751,46.04999999999899,49.04999999999882,49.00884539600077,3.3510321638291174,1.0,5,2.1,1.9000000000000001,2.3000000000000003,0.0,0.0,0.0
81.54999999999751,46.04999999999899,49.04999999999882,49.00884539600077,3.3510321638291174,1.0,6,2.5,2.3,2.7,0.0,0.0,0.0
81.94999999999749,46.099999999998985,49.449999999998795,49.42772441647941,3.3510321638291103,1.0,1,0.5,0.3,0.7,0.0,0.0,0.0
81.94999999999749,46.099999999998985,49.449999999998795,49.42772441647941,3.3510321638291103,1.0,2,0.9,0.7,1.1,0.0,0.0,0.0
81.94999999999749,46.099999999998985,49.449999999998795,49.42772441647941,3.3510321638291103,1.0,3,1.3,1.1,1.5,0.0,0.0,0.0
81.94999999999749,46.099999999998985,49.449999999998795,49.42772441647941,3.3510321638291103,1.0,4,1.7000000000000002,1.5000000000000002,1.9000000000000001,0.0,0.0,0.0
81.94999999999749,46.099999999998985,49.449999999998795,49.42772441647941,3.3510321638291103,1.0,5,2.1,1.9000000000000001,2.3000000000000003,0.0,0.0,0.0
81.94999999999749,46.099999999998985,49.449999999998795,49.42772441647941,3.3510321638291103,1.0,6,2.5,2.3,2.7,0.0,0.0,0.0
81.94999999999749,46.14999999999898,49.449999999998795,49.42772441647941,3.3510321638291103,1.0,1,0.5,0.3,0.7,0.0,0.0,0.0
81.94999999999749,46.14999999999898,49.449999999998795,49.42772441647941,3.3510321638291103,1.0,2,0.9,0.7,1.1,0.0,0.0,0.0
81.94999999999749,46.14999999999898,49.449999999998795,49.42772441647941,3.3510321638291103,1.0,3,1.3,1.1,1.5,0.0,0.0,0.0
81.94999999999749,46.14999999999898,49.449999999998795,49.42772441647941,3.3510321638291103,1.0,4,1.7000000000000002,1.5000000000000002,1.9000000000000001,0.0,0.0,0.0
81.94999999999749,46.14999999999898,49.449999999998795,49.42772441647941,3.3510321638291103,1.0,5,2.1,1.9000000000000001,2.3000000000000003,0.0,0.0,0.0
81.94999999999749,46.14999999999898,49.449999999998795,49.42772441647941,3.3510321638291103,1.0,6,2.5,2.3,2.7,0.0,0.0,0.0
81.94999999999749,46.19999999999898,49.449999999998795,49.42772441647941,3.3510321638291103,1.0,1,0.5,0.3,0.7,0.0,0.0,0.0
81.94999999999749,46.19999999999898,49.449999999998795,49.42772441647941,3.3510321638291103,1.0,2,0.9,0.7,1.1,0.0,0.0,0.0
81.94999999999749,46.19999999999898,49.449999999998795,49.42772441647941,3.3510321638291103,1.0,3,1.3,1.1,1.5,0.0,0.0,0.0
81.94999999999749,46.19999999999898,49.449999999998795,49.42772441647941,3.3510321638291103,1.0,4,1.7000000000000002,1.5000000000000002,1.9000000000000001,0.0,0.0,0.0
81.94999999999749,46.19999999999898,49.449999999998795,49.42772441647941,3.3510321638291103,1.0,5,2.1,1.9000000000000001,2.3000000000000003,0.0,0.0,0.0
81.94999999999749,46.19999999999898,49.449999999998795,49.42772441647941,3.3510321638291103,1.0,6,2.5,2.3,2.7,0.0,0.0,0.0
81.94999999999749,46.24999999999898,49.449999999998795,49.42772441647941,3.3510321638291103,1.0,1,0.5,0.3,0.7,0.0,0.0,0.0
81.94999999999749,46.24999999999898,49.449999999998795,49.42772441647941,3.3510321638291103,1.0,2,0.9,0.7,1.1,0.0,0.0,0.0
81.94999999999749,46.24999999999898,49.449999999998795,49.42772441647941,3.3510321638291103,1.0,3,1.3,1.1,1.5,0.0,0.0,0.0
81.94999999999749,46.24999999999898,49.449999999998795,49.42772441647941,3.3510321638291103,1.0,4,1.7000000000000002,1.5000000000000002,1.9000000000000001,0.0,0.0,0.0
81.94999999999749,46.24999999999898,49.449999999998795,49.42772441647941,3.3510321638291103,1.0,5,2.1,1.9000000000000001,2.3000000000000003,0.0,0.0,0.0
81.94999999999749,46.24999999999898,49.449999999998795,49.42772441647941,3.3510321638291103,1.0,6,2.5,2.3,2.7,0.0,0.0,0.0
81.94999999999749,46.299999999998974,49.449999999998795,49.42772441647941,3.3510321638291103,1.0,1,0.5,0.3,0.7,0.0,0.0,0.0
81.94999999999749,46.299999999998974,49.449999999998795,49.42772441647941,3.3510321638291103,1.0,2,0.9,0.7,1.1,0.0,0.0,0.0
81.94999999999749,46.299999999998974,49.449999999998795,49.42772441647941,3.3510321638291103,1.0,3,1.3,1.1,1.5,0.0,0.0,0.0
81.94999999999749,46.299999999998974,49.449999999998795,49.42772441647941,3.3510321638291103,1.0,4,1.7000000000000002,1.5000000000000002,1.9000000000000001,0.0,0.0,0.0
81.94999999999749,46.299999999998974,49.449999999998795,49.42772441647941,3.3510321638291103,1.0,5,2.1,1.9000000000000001,2.3000000000000003,0.0,0.0,0.0
81.94999999999749,46.299999999998974,49.449999999998795,49.42772441647941,3.3510321638291103,1.0,6,2.5,2.3,2.7,0.0,0.0,0.0
81.94999999999749,46.34999999999897,49.449999999998795,49.42772441647941,3.3510321638291103,1.0,1,0.5,0.3,0.7,0.0,0.0,0.0
81.94999999999749,46.34999999999897,49.449999999998795,49.42772441647941,3.3510321638291103,1.0,2,0.9,0.7,1.1,0.0,0.0,0.0
81.94999999999749,46.34999999999897,49.449999999998795,49.42772441647941,3.3510321638291103,1.0,3,1.3,1.1,1.5,0.0,0.0,0.0
81.94999999999749,46.34999999999897,49.449999999998795,49.42772441647941,3.3510321638291103,1.0,4,1.7000000000000002,1.5000000000000002,1.9000000000000001,0.0,0.0,0.0
81.94999999999749,46.34999999999897,49.449999999998795,49.42772441647941,3.3510321638291103,1.0,5,2.1,1.9000000000000001,2.3000000000000003,0.0,0.0,0.0
81.94999999999749,46.34999999999897,49.449999999998795,49.42772441647941,3.3510321638291103,1.0,6,2.5,2.3,2.7,0.0,0.0,0.0
81.94999999999749,46.39999999999897,49.449999999998795,49.42772441647941,3.3510321638291103,1.0,1,0.5,0.3,0.7,0.0,0.0,0.0
81.94999999999749,46.39999999999897,49.449999999998795,49.42772441647941,3.3510321638291103,1.0,2,0.9,0.7,1.1,0.0,0.0,0.0
81.94999999999749,46.39999999999897,49.449999999998795,49.42772441647941,3.3510321638291103,1.0,3,1.3,1.1,1.5,0.0,0.0,0.0
81.94999999999749,46.39999999999897,49.449999999998795,49.42772441647941,3.3510321638291103,1.0,4,1.7000000000000002,1.5000000000000002,1.9000000000000001,0.0,0.0,0.0
81.94999999999749,46.39999999999897,49.449999999998795,49.42772441647941,3.3510321638291103,1.0,5,2.1,1.9000000000000001,2.3000000000000003,0.0,0.0,0.0
81.94999999999749,46.39999999999897,49.449999999998795,49.42772441647941,3.3510321638291103,1.0,6,2.5,2.3,2.7,0.0,0.0,0.0
81.94999999999749,46.449999999998965,49.449999999998795,49.42772441647941,3.3510321638291103,1.0,1,0.5,0.3,0.7,0.0,0.0,0.0
81.94999999999749,46.449999999998965,49.449999999998795,49.42772441647941,3.3510321638291103,1.0,2,0.9,0.7,1.1,0.0,0.0,0.0
81.94999999999749,46.449999999998965,49.449999999998795,49.42772441647941,3.3510321638291103,1.0,3,1.3,1.1,1.5,0.0,0.0,0.0
81.94999999999749,46.449999999998965,49.449999999998795,49.42772441647941,3.3510321638291103,1.0,4,1.7000000000000002,1.5000000000000002,1.9000000000000001,0.0,0.0,0.0
81.94999999999749,46.449999999998965,49.449999999998795,49.42772441647941,3.3510321638291103,1.0,5,2.1,1.9000000000000001,2.3000000000000003,0.0,0.0,0.0
81.94999999999749,46.449999999998965,49.449999999998795,49.42772441647941,3.3510321638291103,1.0,6,2.5,2.3,2.7,0.0,0.0,0.0
82.34999999999746,46.49999999999896,49.84999999999877,49.84660343695805,3.3510321638291103,1.0,1,0.5,0.3,0.7,0.0,0.0,0.0
82.34999999999746,46.49999999999896,49.84999999999877,49.84660343695805,3.3510321638291103,1.0,2,0.9,0.7,1.1,0.0,0.0,0.0
82.34999999999746,46.49999999999896,49.84999999999877,49.84660343695805,3.3510321638291103,1.0,3,1.3,1.1,1.5,0.0,0.0,0.0
82.34999999999746,46.49999999999896,49.84999999999877,49.84660343695805,3.3510321638291103,1.0,4,1.7000000000000002,1.5000000000000002,1.9000000000000001,0.0,0.0,0.0
82.34999999999746,46.49999999999896,49.84999999999877,49.84660343695805,3.3510321638291103,1.0,5,2.1,1.9000000000000001,2.3000000000000003,0.0,0.0,0.0
82.34999999999746,46.49999999999896,49.84999999999877,49.84660343695805,3.3510321638291103,1.0,6,2.5,2.3,2.7,0.0,0.0,0.0
82.34999999999746,46.54999999999896,49.84999999999877,49.84660343695805,3.3510321638291103,1.0,1,0.5,0.3,0.7,0.0,0.0,0.0
82.34999999999746,46.54999999999896,49.84999999999877,49.84660343695805,3.3510321638291103,1.0,2,0.9,0.7,1.1,0.0,0.0,0.0
82.34999999999746,46.54999999999896,49.84999999999877,49.84660343695805,3.3510321638291103,1.0,3,1.3,1.1,1.5,0.0,0.0,0.0
82.34999999999746,46.54999999999896,49.84999999999877,49.84660343695805,3.3510321638291103,1.0,4,1.7000000000000002,1.5000000000000002,1.9000000000000001,0.0,0.0,0.0
82.34999999999746,46.54999999999896,49.84999999999877,49.84660343695805,3.3510321638291103,1.0,5,2.1,1.9000000000000001,2.3000000000000003,0.0,0.0,0.0
82.34999999999746,46.54999999999896,49.84999999999877,49.84660343695805,3.3510321638291103,1.0,6,2.5,2.3,2.7,0.0,0.0,0.0
82.34999999999746,46.59999999999896,49.84999999999877,49.84660343695805,3.3510321638291103,1.0,1,0.5,0.3,0.7,0.0,0.0,0.0
82.34999999999746,46.59999999999896,49.84999999999877,49.84660343695805,3.3510321638291103,1.0,2,0.9,0.7,1.1,0.0,0.0,0.0
82.34999999999746,46.59999999999896,49.84999999999877,49.84660343695805,3.3510321638291103,1.0,3,1.3,1.1,1.5,0.0,0.0,0.0
82.34999999999746,46.59999999999896,49.84999999999877,49.84660343695805,3.3510321638291103,1.0,4,1.7000000000000002,1.5000000000000002,1.9000000000000001,0.0,0.0,0.0
82.34999999999746,46.59999999999896,49.84999999999877,49.84660343695805,3.3510321638291103,1.0,5,2.1,1.9000000000000001,2.3000000000000003,0.0,0.0,0.0
82.34999999999746,46.59999999999896,49.84999999999877,49.84660343695805,3.3510321638291103,1.0,6,2.5,2.3,2.7,0.0,0.0,0.0
82.34999999999746,46.649999999998954,49.84999999999877,49.84660343695805,3.3510321638291103,1.0,1,0.5,0.3,0.7,0.0,0.0,0.0
82.34999999999746,46.649999999998954,49.84999999999877,49.84660343695805,3.3510321638291103,1.0,2,0.9,0.7,1.1,0.0,0.0,0.0
82.34999999999746,46.649999999998954,49.84999999999877,49.84660343695805,3.3510321638291103,1.0,3,1.3,1.1,1.5,0.0,0.0,0.0
82.34999999999746,46.649999999998954,49.84999999999877,49.84660343695805,3.3510321638291103,1.0,4,1.7000000000000002,1.5000000000000002,1.9000000000000001,0.0,0.0,0.0
82.34999999999746,46.649999999998954,49.84999999999877,49.84660343695805,3.3510321638291103,1.0,5,2.1,1.9000000000000001,2.3000000000000003,0.0,0.0,0.0
82.34999999999746,46.649999999998954,49.84999999999877,49.84660343695805,3.3510321638291103,1.0,6,2.5,2.3,2.7,0.0,0.0,0.0
82.34999999999746,46.69999999999895,49.84999999999877,49.84660343695805,3.3510321638291103,1.0,1,0.5,0.3,0.7,0.0,0.0,0.0
82.34999999999746,46.69999999999895,49.84999999999877,49.84660343695805,3.3510321638291103,1.0,2,0.9,0.7,1.1,0.0,0.0,0.0
82.34999999999746,46.69999999999895,49.84999999999877,49.84660343695805,3.3510321638291103,1.0,3,1.3,1.1,1.5,0.0,0.0,0.0
82.34999999999746,46.69999999999895,49.84999999999877,49.84660343695805,3.3510321638291103,1.0,4,1.7000000000000002,1.5000000000000002,1.9000000000000001,0.0,0.0,0.0
82.34999999999746,46.69999999999895,49.84999999999877,49.84660343695805,3.3510321638291103,1.0,5,2.1,1.9000000000000001,2.3000000000000003,0.0,0.0,0.0
82.34999999999746,46.69999999999895,49.84999999999877,49.84660343695805,3.3510321638291103,1.0,6,2.5,2.3,2.7,0.0,0.0,0.0
82.34999999999746,46.74999999999895,49.84999999999877,49.84660343695805,3.3510321638291103,1.0,1,0.5,0.3,0.7,0.0,0.0,0.0
82.34999999999746,46.74999999999895,49.84999999999877,49.84660343695805,3.3510321638291103,1.0,2,0.9,0.7,1.1,0.0,0.0,0.0
82.34999999999746,46.74999999999895,49.84999999999877,49.84660343695805,3.3510321638291103,1.0,3,1.3,1.1,1.5,0.0,0.0,0.0
82.34999999999746,46.74999999999895,49.84999999999877,49.84660343695805,3.3510321638291103,1.0,4,1.7000000000000002,1.5000000000000002,1.9000000000000001,0.0,0.0,0.0
82.34999999999746,46.74999999999895,49.84999999999877,49.84660343695805,3.3510321638291103,1.0,5,2.1,1.9000000000000001,2.3000000000000003,0.0,0.0,0.0
82.34999999999746,46.74999999999895,49.84999999999877,49.84660343695805,3.3510321638291103,1.0,6,2.5,2.3,2.7,0.0,0.0,0.0
82.34999999999746,46.799999999998946,49.84999999999877,49.84660343695805,3.3510321638291103,1.0,1,0.5,0.3,0.7,0.0,0.0,0.0
82.34999999999746,46.799999999998946,49.84999999999877,49.84660343695805,3.3510321638291103,1.0,2,0.9,0.7,1.1,0.0,0.0,0.0
82.34999999999746,46.799999999998946,49.84999999999877,49.84660343695805,3.3510321638291103,1.0,3,1.3,1.1,1.5,0.0,0.0,0.0
82.34999999999746,46.799999999998946,49.84999999999877,49.84660343695805,3.3510321638291103,1.0,4,1.7000000000000002,1.5000000000000002,1.9000000000000001,0.0,0.0,0.0
82.34999999999746,46.799999999998946,49.84999999999877,49.84660343695805,3.3510321638291103,1.0,5,2.1,1.9000000000000001,2.3000000000000003,0.0,0.0,0.0
82.34999999999746,46.799999999998946,49.84999999999877,49.84660343695805,3.3510321638291103,1.0,6,2.5,2.3,2.7,0.0,0.0,0.0
82.34999999999746,46.84999999999894,49.84999999999877,49.84660343695805,3.3510321638291103,1.0,1,0.5,0.3,0.7,0.0,0.0,0.0
82.34999999999746,46.84999999999894,49.84999999999877,49.84660343695805,3.3510321638291103,1.0,2,0.9,0.7,1.1,0.0,0.0,0.0
82.34999999999746,46.84999999999894,49.84999999999877,49.84660343695805,3.3510321638291103,1.0,3,1.3,1.1,1.5,0.0,0.0,0.0
82.34999999999746,46.84999999999894,49.84999999999877,49.84660343695805,3.3510321638291103,1.0,4,1.7000000000000002,1.5000000000000002,1.9000000000000001,0.0,0.0,0.0
82.34999999999746,46.84999999999894,49.84999999999877,49.84660343695805,3.3510321638291103,1.0,5,2.1,1.9000000000000001,2.3000000000000003,0.0,0.0,0.0
82.34999999999746,46.84999999999894,49.84999999999877,49.84660343695805,3.3510321638291103,1.0,6,2.5,2.3,2.7,0.0,0.0,0.0
82.34999999999746,46.89999999999894,49.84999999999877,49.84660343695805,3.3510321638291103,1.0,1,0.5,0.3,0.7,0.0,0.0,0.0
82.34999999999746,46.89999999999894,49.84999999999877,49.84660343695805,3.3510321638291103,1.0,2,0.9,0.7,1.1,0.0,0.0,0.0
82.34999999999746,46.89999999999894,49.84999999999877,49.84660343695805,3.3510321638291103,1.0,3,1.3,1.1,1.5,0.0,0.0,0.0
82.34999999999746,46.89999999999894,49.84999999999877,49.84660343695805,3.3510321638291103,1.0,4,1.7000000000000002,1.5000000000000002,1.9000000000000001,0.0,0.0,0.0
82.34999999999746,46.89999999999894,49.84999999999877,49.84660343695805,3.3510321638291103,1.0,5,2.1,1.9000000000000001,2.3000000000000003,0.0,0.0,0.0
82.34999999999746,46.89999999999894,49.84999999999877,49.84660343695805,3.3510321638291103,1.0,6,2.5,2.3,2.7,0.0,0.0,0.0
82.79999999999744,46.94999999999894,50.29999999999875,50.26548245743669,3.3510321638291174,1.0,1,0.5,0.3,0.7,0.0,0.0,0.0
82.79999999999744,46.94999999999894,50.29999999999875,50.26548245743669,3.3510321638291174,1.0,2,0.9,0.7,1.1,0.0,0.0,0.0
82.79999999999744,46.94999999999894,50.29999999999875,50.26548245743669,3.3510321638291174,1.0,3,1.3,1.1,1.5,0.0,0.0,0.0
82.79999999999744,46.94999999999894,50.29999999999875,50.26548245743669,3.3510321638291174,1.0,4,1.7000000000000002,1.5000000000000002,1.9000000000000001,0.0,0.0,0.0
82.79999999999744,46.94999999999894,50.29999999999875,50.26548245743669,3.3510321638291174,1.0,5,2.1,1.9000000000000001,2.3000000000000003,0.0,0.0,0.0
82.79999999999744,46.94999999999894,50.29999999999875,50.26548245743669,3.3510321638291174,1.0,6,2.5,2.3,2.7,0.0,0.0,0.0
82.79999999999744,46.999999999998934,50.29999999999875,50.26548245743669,3.3510321638291174,1.0,1,0.5,0.3,0.7,0.0,0.0,0.0
82.79999999999744,46.999999999998934,50.29999999999875,50.26548245743669,3.3510321638291174,1.0,2,0.9,0.7,1.1,0.0,0.0,0.0
82.79999999999744,46.999999999998934,50.29999999999875,50.26548245743669,3.3510321638291174,1.0,3,1.3,1.1,1.5,0.0,0.0,0.0
82.79999999999744,46.999999999998934,50.29999999999875,50.26548245743669,3.3510321638291174,1.0,4,1.7000000000000002,1.5000000000000002,1.9000000000000001,0.0,0.0,0.0
82.79999999999744,46.999999999998934,50.29999999999875,50.26548245743669,3.3510321638291174,1.0,5,2.1,1.9000000000000001,2.3000000000000003,0.0,0.0,0.0
82.79999999999744,46.999999999998934,50.29999999999875,50.26548245743669,3.3510321638291174,1.0,6,2.5,2.3,2.7,0.0,0.0,0.0
82.79999999999744,47.04999999999893,50.29999999999875,50.26548245743669,3.3510321638291174,1.0,1,0.5,0.3,0.7,0.0,0.0,0.0
82.79999999999744,47.04999999999893,50.29999999999875,50.26548245743669,3.3510321638291174,1.0,2,0.9,0.7,1.1,0.0,0.0,0.0
82.79999999999744,47.04999999999893,50.29999999999875,50.26548245743669,3.3510321638291174,1.0,3,1.3,1.1,1.5,0.0,0.0,0.0
82.79999999999744,47.04999999999893,50.29999999999875,50.26548245743669,3.3510321638291174,1.0,4,1.7000000000000002,1.5000000000000002,1.9000000000000001,0.0,0.0,0.0
82.79999999999744,47.04999999999893,50.29999999999875,50.26548245743669,3.3510321638291174,1.0,5,2.1,1.9000000000000001,2.3000000000000003,0.0,0.0,0.0
82.79999999999744,47.04999999999893,50.29999999999875,50.26548245743669,3.3510321638291174,1.0,6,2.5,2.3,2.7,0.0,0.0,0.0
82.79999999999744,47.09999999999893,50.29999999999875,50.26548245743669,3.3510321638291174,1.0,1,0.5,0.3,0.7,0.0,0.0,0.0
82.79999999999744,47.09999999999893,50.29999999999875,50.26548245743669,3.3510321638291174,1.0,2,0.9,0.7,1.1,0.0,0.0,0.0
82.79999999999744,47.09999999999893,50.29999999999875,50.26548245743669,3.3510321638291174,1.0,3,1.3,1.1,1.5,0.0,0.0,0.0
82.79999999999744,47.09999999999893,50.29999999999875,50.26548245743669,3.3510321638291174,1.0,4,1.7000000000000002,1.5000000000000002,1.9000000000000001,0.0,0.0,0.0
82.79999999999744,47.09999999999893,50.29999999999875,50.26548245743669,3.3510321638291174,1.0,5,2.1,1.9000000000000001,2.3000000000000003,0.0,0.0,0.0
82.79999999999744,47.09999999999893,50.29999999999875,50.26548245743669,3.3510321638291174,1.0,6,2.5,2.3,2.7,0.0,0.0,0.0
82.79999999999744,47.149999999998926,50.29999999999875,50.26548245743669,3.3510321638291174,1.0,1,0.5,0.3,0.7,0.0,0.0,0.0
82.79999999999744,47.149999999998926,50.29999999999875,50.26548245743669,3.3510321638291174,1.0,2,0.9,0.7,1.1,0.0,0.0,0.0
82.79999999999744,47.149999999998926,50.29999999999875,50.26548245743669,3.3510321638291174,1.0,3,1.3,1.1,1.5,0.0,0.0,0.0
82.79999999999744,47.149999999998926,50.29999999999875,50.26548245743669,3.3510321638291174,1.0,4,1.7000000000000002,1.5000000000000002,1.9000000000000001,0.0,0.0,0.0
82.79999999999744,47.149999999998926,50.29999999999875,50.26548245743669,3.3510321638291174,1.0,5,2.1,1.9000000000000001,2.3000000000000003,0.0,0.0,0.0
82.79999999999744,47.149999999998926,50.29999999999875,50.26548245743669,3.3510321638291174,1.0,6,2.5,2.3,2.7,0.0,0.0,0.0
82.79999999999744,47.19999999999892,50.29999999999875,50.26548245743669,3.3510321638291174,1.0,1,0.5,0.3,0.7,0.0,0.0,0.0
82.79999999999744,47.19999999999892,50.29999999999875,50.26548245743669,3.3510321638291174,1.0,2,0.9,0.7,1.1,0.0,0.0,0.0
82.79999999999744,47.19999999999892,50.29999999999875,50.26548245743669,3.3510321638291174,1.0,3,1.3,1.1,1.5,0.0,0.0,0.0
82.79999999999744,47.19999999999892,50.29999999999875,50.26548245743669,3.3510321638291174,1.0,4,1.7000000000000002,1.5000000000000002,1.9000000000000001,0.0,0.0,0.0
82.79999999999744,47.19999999999892,50.29999999999875,50.26548245743669,3.3510321638291174,1.0,5,2.1,1.9000000000000001,2.3000000000000003,0.0,0.0,0.0
82.79999999999744,47.19999999999892,50.29999999999875,50.26548245743669,3.3510321638291174,1.0,6,2.5,2.3,2.7,0.0,0.0,0.0
82.79999999999744,47.24999999999892,50.29999999999875,50.26548245743669,3.3510321638291174,1.0,1,0.5,0.3,0.7,0.0,0.0,0.0
82.79999999999744,47.24999999999892,50.29999999999875,50.26548245743669,3.3510321638291174,1.0,2,0.9,0.7,1.1,0.0,0.0,0.0
82.79999999999744,47.24999999999892,50.29999999999875,50.26548245743669,3.3510321638291174,1.0,3,1.3,1.1,1.5,0.0,0.0,0.0
82.79999999999744,47.24999999999892,50.29999999999875,50.26548245743669,3.3510321638291174,1.0,4,1.7000000000000002,1.5000000000000002,1.9000000000000001,0.0,0.0,0.0
82.79999999999744,47.24999999999892,50.29999999999875,50.26548245743669,3.3510321638291174,1.0,5,2.1,1.9000000000000001,2.3000000000000003,0.0,0.0,0.0
82.79999999999744,47.24999999999892,50.29999999999875,50.26548245743669,3.3510321638291174,1.0,6,2.5,2.3,2.7,0.0,0.0,0.0
82.79999999999744,47.29999999999892,50.29999999999875,50.26548245743669,3.3510321638291174,1.0,1,0.5,0.3,0.7,0.0,0.0,0.0
82.79999999999744,47.29999999999892,50.29999999999875,50.26548245743669,3.3510321638291174,1.0,2,0.9,0.7,1.1,0.0,0.0,0.0
82.79999999999744,47.29999999999892,50.29999999999875,50.26548245743669,3.3510321638291174,1.0,3,1.3,1.1,1.5,0.0,0.0,0.0
82.79999999999744,47.29999999999892,50.29999999999875,50.26548245743669,3.3510321638291174,1.0,4,1.7000000000000002,1.5000000000000002,1.9000000000000001,0.0,0.0,0.0
82.79999999999744,47.29999999999892,50.29999999999875,50.26548245743669,3.3510321638291174,1.0,5,2.1,1.9000000000000001,2.3000000000000003,0.0,0.0,0.0
82.79999999999744,47.29999999999892,50.29999999999875,50.26548245743669,3.3510321638291174,1.0,6,2.5,2.3,2.7,0.0,0.0,0.0
83.19999999999742,47.349999999998914,50.699999999998724,50.684361477915324,3.3510321638291103,1.0,1,0.5,0.3,0.7,0.0,0.0,0.0
83.19999999999742,47.349999999998914,50.699999999998724,50.684361477915324,3.3510321638291103,1.0,2,0.9,0.7,1.1,0.0,0.0,0.0
83.19999999999742,47.349999999998914,50.699999999998724,50.684361477915324,3.3510321638291103,1.0,3,1.3,1.1,1.5,0.0,0.0,0.0
83.19999999999742,47.349999999998914,50.699999999998724,50.684361477915324,3.3510321638291103,1.0,4,1.7000000000000002,1.5000000000000002,1.9000000000000001,0.0,0.0,0.0
83.19999999999742,47.349999999998914,50.699999999998724,50.684361477915324,3.3510321638291103,1.0,5,2.1,1.9000000000000001,2.3000000000000003,0.0,0.0,0.0
83.19999999999742,47.349999999998914,50.699999999998724,50.684361477915324,3.3510321638291103,1.0,6,2.5,2.3,2.7,0.0,0.0,0.0
83.19999999999742,47.39999999999891,50.699999999998724,50.684361477915324,3.3510321638291103,1.0,1,0.5,0.3,0.7,0.0,0.0,0.0
83.19999999999742,47.39999999999891,50.699999999998724,50.684361477915324,3.3510321638291103,1.0,2,0.9,0.7,1.1,0.0,0.0,0.0
83.19999999999742,47.39999999999891,50.699999999998724,50.684361477915324,3.3510321638291103,1.0,3,1.3,1.1,1.5,0.0,0.0,0.0
83.19999999999742,47.39999999999891,50.699999999998724,50.684361477915324,3.3510321638291103,1.0,4,1.7000000000000002,1.5000000000000002,1.9000000000000001,0.0,0.0,0.0
83.19999999999742,47.39999999999891,50.699999999998724,50.684361477915324,3.3510321638291103,1.0,5,2.1,1.9000000000000001,2.3000000000000003,0.0,0.0,0.0
83.19999999999742,47.39999999999891,50.699999999998724,50.684361477915324,3.3510321638291103,1.0,6,2.5,2.3,2.7,0.0,0.0,0.0
83.19999999999742,47.44999999999891,50.699999999998724,50.684361477915324,3.3510321638291103,1.0,1,0.5,0.3,0.7,0.0,0.0,0.0
83.19999999999742,47.44999999999891,50.699999999998724,50.684361477915324,3.3510321638291103,1.0,2,0.9,0.7,1.1,0.0,0.0,0.0
83.19999999999742,47.44999999999891,50.699999999998724,50.684361477915324,3.3510321638291103,1.0,3,1.3,1.1,1.5,0.0,0.0,0.0
83.19999999999742,47.44999999999891,50.699999999998724,50.684361477915324,3.3510321638291103,1.0,4,1.7000000000000002,1.5000000000000002,1.9000000000000001,0.0,0.0,0.0
83.19999999999742,47.44999999999891,50.699999999998724,50.684361477915324,3.3510321638291103,1.0,5,2.1,1.9000000000000001,2.3000000000000003,0.0,0.0,0.0
83.19999999999742,47.44999999999891,50.699999999998724,50.684361477915324,3.3510321638291103,1.0,6,2.5,2.3,2.7,0.0,0.0,0.0
83.19999999999742,47.499999999998906,50.699999999998724,50.684361477915324,3.3510321638291103,1.0,1,0.5,0.3,0.7,0.0,0.0,0.0
83.19999999999742,47.499999999998906,50.699999999998724,50.684361477915324,3.3510321638291103,1.0,2,0.9,0.7,1.1,0.0,0.0,0.0
83.19999999999742,47.499999999998906,50.699999999998724,50.684361477915324,3.3510321638291103,1.0,3,1.3,1.1,1.5,0.0,0.0,0.0
83.19999999999742,47.499999999998906,50.699999999998724,50.684361477915324,3.3510321638291103,1.0,4,1.7000000000000002,1.5000000000000002,1.9000000000000001,0.0,0.0,0.0
83.19999999999742,47.499999999998906,50.699999999998724,50.684361477915324,3.3510321638291103,1.0,5,2.1,1.9000000000000001,2.3000000000000003,0.0,0.0,0.0
83.19999999999742,47.499999999998906,50.699999999998724,50.684361477915324,3.3510321638291103,1.0,6,2.5,2.3,2.7,0.0,0.0,0.0
83.19999999999742,47.5499999999989,50.699999999998724,50.684361477915324,3.3510321638291103,1.0,1,0.5,0.3,0.7,0.0,0.0,0.0
83.19999999999742,47.5499999999989,50.699999999998724,50.684361477915324,3.3510321638291103,1.0,2,0.9,0.7,1.1,0.0,0.0,0.0
83.19999999999742,47.5499999999989,50.699999999998724,50.684361477915324,3.3510321638291103,1.0,3,1.3,1.1,1.5,0.0,0.0,0.0
83.19999999999742,47.5499999999989,50.699999999998724,50.684361477915324,3.3510321638291103,1.0,4,1.7000000000000002,1.5000000000000002,1.9000000000000001,0.0,0.0,0.0
83.19999999999742,47.5499999999989,50.699999999998724,50.684361477915324,3.3510321638291103,1.0,5,2.1,1.9000000000000001,2.3000000000000003,0.0,0.0,0.0
83.19999999999742,47.5499999999989,50.699999999998724,50.684361477915324,3.3510321638291103,1.0,6,2.5,2.3,2.7,0.0,0.0,0.0
83.19999999999742,47.5999999999989,50.699999999998724,50.684361477915324,3.3510321638291103,1.0,1,0.5,0.3,0.7,0.0,0.0,0.0
83.19999999999742,47.5999999999989,50.699999999998724,50.684361477915324,3.3510321638291103,1.0,2,0.9,0.7,1.1,0.0,0.0,0.0
83.19999999999742,47.5999999999989,50.699999999998724,50.684361477915324,3.3510321638291103,1.0,3,1.3,1.1,1.5,0.0,0.0,0.0
83.19999999999742,47.5999999999989,50.699999999998724,50.684361477915324,3.3510321638291103,1.0,4,1.7000000000000002,1.5000000000000002,1.9000000000000001,0.0,0.0,0.0
83.19999999999742,47.5999999999989,50.699999999998724,50.684361477915324,3.3510321638291103,1.0,5,2.1,1.9000000000000001,2.3000000000000003,0.0,0.0,0.0
83.19999999999742,47.5999999999989,50.699999999998724,50.684361477915324,3.3510321638291103,1.0,6,2.5,2.3,2.7,0.0,0.0,0.0
83.19999999999742,47.6499999999989,50.699999999998724,50.684361477915324,3.3510321638291103,1.0,1,0.5,0.3,0.7,0.0,0.0,0.0
83.19999999999742,47.6499999999989,50.699999999998724,50.684361477915324,3.3510321638291103,1.0,2,0.9,0.7,1.1,0.0,0.0,0.0
83.19999999999742,47.6499999999989,50.699999999998724,50.684361477915324,3.3510321638291103,1.0,3,1.3,1.1,1.5,0.0,0.0,0.0
83.19999999999742,47.6499999999989,50.699999999998724,50.684361477915324,3.3510321638291103,1.0,4,1.7000000000000002,1.5000000000000002,1.9000000000000001,0.0,0.0,0.0
83.19999999999742,47.6499999999989,50.699999999998724,50.684361477915324,3.3510321638291103,1.0,5,2.1,1.9000000000000001,2.3000000000000003,0.0,0.0,0.0
83.19999999999742,47.6499999999989,50.699999999998724,50.684361477915324,3.3510321638291103,1.0,6,2.5,2.3,2.7,0.0,0.0,0.0
83.19999999999742,47.699999999998894,50.699999999998724,50.684361477915324,3.3510321638291103,1.0,1,0.5,0.3,0.7,0.0,0.0,0.0
83.19999999999742,47.699999999998894,50.699999999998724,50.684361477915324,3.3510321638291103,1.0,2,0.9,0.7,1.1,0.0,0.0,0.0
83.19999999999742,47.699999999998894,50.699999999998724,50.684361477915324,3.3510321638291103,1.0,3,1.3,1.1,1.5,0.0,0.0,0.0
83.19999999999742,47.699999999998894,50.699999999998724,50.684361477915324,3.3510321638291103,1.0,4,1.7000000000000002,1.5000000000000002,1.9000000000000001,0.0,0.0,0.0
83.19999999999742,47.699999999998894,50.699999999998724,50.684361477915324,3.3510321638291103,1.0,5,2.1,1.9000000000000001,2.3000000000000003,0.0,0.0,0.0
83.19999999999742,47.699999999998894,50.699999999998724,50.684361477915324,3.3510321638291103,1.0,6,2.5,2.3,2.7,0.0,0.0,0.0
83.19999999999742,47.74999999999889,50.699999999998724,50.684361477915324,3.3510321638291103,1.0,1,0.5,0.3,0.7,0.0,0.0,0.0
83.19999999999742,47.74999999999889,50.699999999998724,50.684361477915324,3.3510321638291103,1.0,2,0.9,0.7,1.1,0.0,0.0,0.0
83.19999999999742,47.74999999999889,50.699999999998724,50.684361477915324,3.3510321638291103,1.0,3,1.3,1.1,1.5,0.0,0.0,0.0
83.19999999999742,47.74999999999889,50.699999999998724,50.684361477915324,3.3510321638291103,1.0,4,1.7000000000000002,1.5000000000000002,1.9000000000000001,0.0,0.0,0.0
83.19999999999742,47.74999999999889,50.699999999998724,50.684361477915324,3.3510321638291103,1.0,5,2.1,1.9000000000000001,2.3000000000000003,0.0,0.0,0.0
83.19999999999742,47.74999999999889,50.699999999998724,50.684361477915324,3.3510321638291103,1.0,6,2.5,2.3,2.7,0.0,0.0,0.0
83.64999999999739,47.79999999999889,51.1499999999987,51.103240498393966,3.3510321638291103,1.0,1,0.5,0.3,0.7,0.0,0.0,0.0
83.64999999999739,47.79999999999889,51.1499999999987,51.103240498393966,3.3510321638291103,1.0,2,0.9,0.7,1.1,0.0,0.0,0.0
83.64999999999739,47.79999999999889,51.1499999999987,51.103240498393966,3.3510321638291103,1.0,3,1.3,1.1,1.5,0.0,0.0,0.0
83.64999999999739,47.79999999999889,51.1499999999987,51.103240498393966,3.3510321638291103,1.0,4,1.7000000000000002,1.5000000000000002,1.9000000000000001,0.0,0.0,0.0
83.64999999999739,47.79999999999889,51.1499999999987,51.103240498393966,3.3510321638291103,1.0,5,2.1,1.9000000000000001,2.3000000000000003,0.0,0.0,0.0
83.64999999999739,47.79999999999889,51.1499999999987,51.103240498393966,3.3510321638291103,1.0,6,2.5,2.3,2.7,0.0,0.0,0.0
83.64999999999739,47.849999999998886,51.1499999999987,51.103240498393966,3.3510321638291103,1.0,1,0.5,0.3,0.7,0.0,0.0,0.0
83.64999999999739,47.849999999998886,51.1499999999987,51.103240498393966,3.3510321638291103,1.0,2,0.9,0.7,1.1,0.0,0.0,0.0
83.64999999999739,47.849999999998886,51.1499999999987,51.103240498393966,3.3510321638291103,1.0,3,1.3,1.1,1.5,0.0,0.0,0.0
83.64999999999739,47.849999999998886,51.1499999999987,51.103240498393966,3.3510321638291103,1.0,4,1.7000000000000002,1.5000000000000002,1.9000000000000001,0.0,0.0,0.0
83.64999999999739,47.849999999998886,51.1499999999987,51.103240498393966,3.3510321638291103,1.0,5,2.1,1.9000000000000001,2.3000000000000003,0.0,0.0,0.0
83.64999999999739,47.849999999998886,51.1499999999987,51.103240498393966,3.3510321638291103,1.0,6,2.5,2.3,2.7,0.0,0.0,0.0
83.64999999999739,47.89999999999888,51.1499999999987,51.103240498393966,3.3510321638291103,1.0,1,0.5,0.3,0.7,0.0,0.0,0.0
83.64999999999739,47.89999999999888,51.1499999999987,51.103240498393966,3.3510321638291103,1.0,2,0.9,0.7,1.1,0.0,0.0,0.0
83.64999999999739,47.89999999999888,51.1499999999987,51.103240498393966,3.3510321638291103,1.0,3,1.3,1.1,1.5,0.0,0.0,0.0
83.64999999999739,47.89999999999888,51.1499999999987,51.103240498393966,3.3510321638291103,1.0,4,1.7000000000000002,1.5000000000000002,1.9000000000000001,0.0,0.0,0.0
83.64999999999739,47.89999999999888,51.1499999999987,51.103240498393966,3.3510321638291103,1.0,5,2.1,1.9000000000000001,2.3000000000000003,0.0,0.0,0.0
83.64999999999739,47.89999999999888,51.1499999999987,51.103240498393966,3.3510321638291103,1.0,6,2.5,2.3,2.7,0.0,0.0,0.0
83.64999999999739,47.94999999999888,51.1499999999987,51.103240498393966,3.3510321638291103,1.0,1,0.5,0.3,0.7,0.0,0.0,0.0
83.64999999999739,47.94999999999888,51.1499999999987,51.103240498393966,3.3510321638291103,1.0,2,0.9,0.7,1.1,0.0,0.0,0.0
83.64999999999739,47.94999999999888,51.1499999999987,51.103240498393966,3.3510321638291103,1.0,3,1.3,1.1,1.5,0.0,0.0,0.0
83.64999999999739,47.94999999999888,51.1499999999987,51.103240498393966,3.3510321638291103,1.0,4,1.7000000000000002,1.5000000000000002,1.9000000000000001,0.0,0.0,0.0
83.64999999999739,47.94999999999888,51.1499999999987,51.103240498393966,3.3510321638291103,1.0,5,2.1,1.9000000000000001,2.3000000000000003,0.0,0.0,0.0
83.64999999999739,47.94999999999888,51.1499999999987,51.103240498393966,3.3510321638291103,1.0,6,2.5,2.3,2.7,0.0,0.0,0.0
83.64999999999739,47.99999999999888,51.1499999999987,51.103240498393966,3.3510321638291103,1.0,1,0.5,0.3,0.7,0.0,0.0,0.0
83.64999999999739,47.99999999999888,51.1499999999987,51.103240498393966,3.3510321638291103,1.0,2,0.9,0.7,1.1,0.0,0.0,0.0
83.64999999999739,47.99999999999888,51.1499999999987,51.103240498393966,3.3510321638291103,1.0,3,1.3,1.1,1.5,0.0,0.0,0.0
83.64999999999739,47.99999999999888,51.1499999999987,51.103240498393966,3.3510321638291103,1.0,4,1.7000000000000002,1.5000000000000002,1.9000000000000001,0.0,0.0,0.0
83.64999999999739,47.99999999999888,51.1499999999987,51.103240498393966,3.3510321638291103,1.0,5,2.1,1.9000000000000001,2.3000000000000003,0.0,0.0,0.0
83.64999999999739,47.99999999999888,51.1499999999987,51.103240498393966,3.3510321638291103,1.0,6,2.5,2.3,2.7,0.0,0.0,0.0
83.64999999999739,48.049999999998875,51.1499999999987,51.103240498393966,3.3510321638291103,1.0,1,0.5,0.3,0.7,0.0,0.0,0.0
83.64999999999739,48.049999999998875,51.1499999999987,51.103240498393966,3.3510321638291103,1.0,2,0.9,0.7,1.1,0.0,0.0,0.0
83.64999999999739,48.049999999998875,51.1499999999987,51.103240498393966,3.3510321638291103,1.0,3,1.3,1.1,1.5,0.0,0.0,0.0
83.64999999999739,48.049999999998875,51.1499999999987,51.103240498393966,3.3510321638291103,1.0,4,1.7000000000000002,1.5000000000000002,1.9000000000000001,0.0,0.0,0.0
83.64999999999739,48.049999999998875,51.1499999999987,51.103240498393966,3.3510321638291103,1.0,5,2.1,1.9000000000000001,2.3000000000000003,0.0,0.0,0.0
83.64999999999739,48.049999999998875,51.1499999999987,51.103240498393966,3.3510321638291103,1.0,6,2.5,2.3,2.7,0.0,0.0,0.0
83.64999999999739,48.09999999999887,51.1499999999987,51.103240498393966,3.3510321638291103,1.0,1,0.5,0.3,0.7,0.0,0.0,0.0
83.64999999999739,48.09999999999887,51.1499999999987,51.103240498393966,3.3510321638291103,1.0,2,0.9,0.7,1.1,0.0,0.0,0.0
83.64999999999739,48.09999999999887,51.1499999999987,51.103240498393966,3.3510321638291103,1.0,3,1.3,1.1,1.5,0.0,0.0,0.0
83.64999999999739,48.09999999999887,51.1499999999987,51.103240498393966,3.3510321638291103,1.0,4,1.7000000000000002,1.5000000000000002,1.9000000000000001,0.0,0.0,0.0
83.64999999999739,48.09999999999887,51.1499999999987,51.103240498393966,3.3510321638291103,1.0,5,2.1,1.9000000000000001,2.3000000000000003,0.0,0.0,0.0
83.64999999999739,48.09999999999887,51.1499999999987,51.103240498393966,3.3510321638291103,1.0,6,2.5,2.3,2.7,0.0,0.0,0.0
83.64999999999739,48.14999999999887,51.1499999999987,51.103240498393966,3.3510321638291103,1.0,1,0.5,0.3,0.7,0.0,0.0,0.0
83.64999999999739,48.14999999999887,51.1499999999987,51.103240498393966,3.3510321638291103,1.0,2,0.9,0.7,1.1,0.0,0.0,0.0
83.64999999999739,48.14999999999887,51.1499999999987,51.103240498393966,3.3510321638291103,1.0,3,1.3,1.1,1.5,0.0,0.0,0.0
83.64999999999739,48.14999999999887,51.1499999999987,51.103240498393966,3.3510321638291103,1.0,4,1.7000000000000002,1.5000000000000002,1.9000000000000001,0.0,0.0,0.0
83.64999999999739,48.14999999999887,51.1499999999987,51.103240498393966,3.3510321638291103,1.0,5,2.1,1.9000000000000001,2.3000000000000003,0.0,0.0,0.0
83.64999999999739,48.14999999999887,51.1499999999987,51.103240498393966,3.3510321638291103,1.0,6,2.5,2.3,2.7,0.0,0.0,0.0
84.04999999999737,48.199999999998866,51.549999999998676,51.52211951887261,3.3510321638291174,1.0,1,0.5,0.3,0.7,0.0,0.0,0.0
84.04999999999737,48.199999999998866,51.549999999998676,51.52211951887261,3.3510321638291174,1.0,2,0.9,0.7,1.1,0.0,0.0,0.0
84.04999999999737,48.199999999998866,51.549999999998676,51.52211951887261,3.3510321638291174,1.0,3,1.3,1.1,1.5,0.0,0.0,0.0
84.04999999999737,48.199999999998866,51.549999999998676,51.52211951887261,3.3510321638291174,1.0,4,1.7000000000000002,1.5000000000000002,1.9000000000000001,0.0,0.0,0.0
84.04999999999737,48.199999999998866,51.549999999998676,51.52211951887261,3.3510321638291174,1.0,5,2.1,1.9000000000000001,2.3000000000000003,0.0,0.0,0.0
84.04999999999737,48.199999999998866,51.549999999998676,51.52211951887261,3.3510321638291174,1.0,6,2.5,2.3,2.7,0.0,0.0,0.0
84.04999999999737,48.24999999999886,51.549999999998676,51.52211951887261,3.3510321638291174,1.0,1,0.5,0.3,0.7,0.0,0.0,0.0
84.04999999999737,48.24999999999886,51.549999999998676,51.52211951887261,3.3510321638291174,1.0,2,0.9,0.7,1.1,0.0,0.0,0.0
84.04999999999737,48.24999999999886,51.549999999998676,51.52211951887261,3.3510321638291174,1.0,3,1.3,1.1,1.5,0.0,0.0,0.0
84.04999999999737,48.24999999999886,51.549999999998676,51.52211951887261,3.3510321638291174,1.0,4,1.7000000000000002,1.5000000000000002,1.9000000000000001,0.0,0.0,0.0
84.04999999999737,48.24999999999886,51.549999999998676,51.52211951887261,3.3510321638291174,1.0,5,2.1,1.9000000000000001,2.3000000000000003,0.0,0.0,0.0
84.04999999999737,48.24999999999886,51.549999999998676,51.52211951887261,3.3510321638291174,1.0,6,2.5,2.3,2.7,0.0,0.0,0.0
84.04999999999737,48.29999999999886,51.549999999998676,51.52211951887261,3.3510321638291174,1.0,1,0.5,0.3,0.7,0.0,0.0,0.0
84.04999999999737,48.29999999999886,51.549999999998676,51.52211951887261,3.3510321638291174,1.0,2,0.9,0.7,1.1,0.0,0.0,0.0
84.04999999999737,48.29999999999886,51.549999999998676,51.52211951887261,3.3510321638291174,1.0,3,1.3,1.1,1.5,0.0,0.0,0.0
84.04999999999737,48.29999999999886,51.549999999998676,51.52211951887261,3.3510321638291174,1.0,4,1.7000000000000002,1.5000000000000002,1.9000000000000001,0.0,0.0,0.0
84.04999999999737,48.29999999999886,51.549999999998676,51.52211951887261,3.3510321638291174,1.0,5,2.1,1.9000000000000001,2.3000000000000003,0.0,0.0,0.0
84.04999999999737,48.29999999999886,51.549999999998676,51.52211951887261,3.3510321638291174,1.0,6,2.5,2.3,2.7,0.0,0.0,0.0
84.04999999999737,48.34999999999886,51.549999999998676,51.52211951887261,3.3510321638291174,1.0,1,0.5,0.3,0.7,0.0,0.0,0.0
84.04999999999737,48.34999999999886,51.549999999998676,51.52211951887261,3.3510321638291174,1.0,2,0.9,0.7,1.1,0.0,0.0,0.0
84.04999999999737,48.34999999999886,51.549999999998676,51.52211951887261,3.3510321638291174,1.0,3,1.3,1.1,1.5,0.0,0.0,0.0
84.04999999999737,48.34999999999886,51.549999999998676,51.52211951887261,3.3510321638291174,1.0,4,1.7000000000000002,1.5000000000000002,1.9000000000000001,0.0,0.0,0.0
84.04999999999737,48.34999999999886,51.549999999998676,51.52211951887261,3.3510321638291174,1.0,5,2.1,1.9000000000000001,2.3000000000000003,0.0,0.0,0.0
84.04999999999737,48.34999999999886,51.549999999998676,51.52211951887261,3.3510321638291174,1.0,6,2.5,2.3,2.7,0.0,0.0,0.0
84.04999999999737,48.399999999998855,51.549999999998676,51.52211951887261,3.3510321638291174,1.0,1,0.5,0.3,0.7,0.0,0.0,0.0
84.04999999999737,48.399999999998855,51.549999999998676,51.52211951887261,3.3510321638291174,1.0,2,0.9,0.7,1.1,0.0,0.0,0.0
84.04999999999737,48.399999999998855,51.549999999998676,51.52211951887261,3.3510321638291174,1.0,3,1.3,1.1,1.5,0.0,0.0,0.0
84.04999999999737,48.399999999998855,51.549999999998676,51.52211951887261,3.3510321638291174,1.0,4,1.7000000000000002,1.5000000000000002,1.9000000000000001,0.0,0.0,0.0
84.04999999999737,48.399999999998855,51.549999999998676,51.52211951887261,3.3510321638291174,1.0,5,2.1,1.9000000000000001,2.3000000000000003,0.0,0.0,0.0
84.04999999999737,48.399999999998855,51.549999999998676,51.52211951887261,3.3510321638291174,1.0,6,2.5,2.3,2.7,0.0,0.0,0.0
84.04999999999737,48.44999999999885,51.549999999998676,51.52211951887261,3.3510321638291174,1.0,1,0.5,0.3,0.7,0.0,0.0,0.0
84.04999999999737,48.44999999999885,51.549999999998676,51.52211951887261,3.3510321638291174,1.0,2,0.9,0.7,1.1,0.0,0.0,0.0
84.04999999999737,48.44999999999885,51.549999999998676,51.52211951887261,3.3510321638291174,1.0,3,1.3,1.1,1.5,0.0,0.0,0.0
84.04999999999737,48.44999999999885,51.549999999998676,51.52211951887261,3.3510321638291174,1.0,4,1.7000000000000002,1.5000000000000002,1.9000000000000001,0.0,0.0,0.0
84.04999999999737,48.44999999999885,51.549999999998676,51.52211951887261,3.3510321638291174,1.0,5,2.1,1.9000000000000001,2.3000000000000003,0.0,0.0,0.0
84.04999999999737,48.44999999999885,51.549999999998676,51.52211951887261,3.3510321638291174,1.0,6,2.5,2.3,2.7,0.0,0.0,0.0
84.04999999999737,48.49999999999885,51.549999999998676,51.52211951887261,3.3510321638291174,1.0,1,0.5,0.3,0.7,0.0,0.0,0.0
84.04999999999737,48.49999999999885,51.549999999998676,51.52211951887261,3.3510321638291174,1.0,2,0.9,0.7,1.1,0.0,0.0,0.0
84.04999999999737,48.49999999999885,51.549999999998676,51.52211951887261,3.3510321638291174,1.0,3,1.3,1.1,1.5,0.0,0.0,0.0
84.04999999999737,48.49999999999885,51.549999999998676,51.52211951887261,3.3510321638291174,1.0,4,1.7000000000000002,1.5000000000000002,1.9000000000000001,0.0,0.0,0.0
84.04999999999737,48.49999999999885,51.549999999998676,51.52211951887261,3.3510321638291174,1.0,5,2.1,1.9000000000000001,2.3000000000000003,0.0,0.0,0.0
84.04999999999737,48.49999999999885,51.549999999998676,51.52211951887261,3.3510321638291174,1.0,6,2.5,2.3,2.7,0.0,0.0,0.0
84.04999999999737,48.549999999998846,51.549999999998676,51.52211951887261,3.3510321638291174,1.0,1,0.5,0.3,0.7,0.0,0.0,0.0
84.04999999999737,48.549999999998846,51.549999999998676,51.52211951887261,3.3510321638291174,1.0,2,0.9,0.7,1.1,0.0,0.0,0.0
84.04999999999737,48.549999999998846,51.549999999998676,51.52211951887261,3.3510321638291174,1.0,3,1.3,1.1,1.5,0.0,0.0,0.0
84.04999999999737,48.549999999998846,51.549999999998676,51.52211951887261,3.3510321638291174,1.0,4,1.7000000000000002,1.5000000000000002,1.9000000000000001,0.0,0.0,0.0
84.04999999999737,48.549999999998846,51.549999999998676,51.52211951887261,3.3510321638291174,1.0,5,2.1,1.9000000000000001,2.3000000000000003,0.0,0.0,0.0
84.04999999999737,48.549999999998846,51.549999999998676,51.52211951887261,3.3510321638291174,1.0,6,2.5,2.3,2.7,0.0,0.0,0.0
84.44999999999735,48.59999999999884,51.94999999999865,51.94099853935124,3.3510321638291103,1.0,1,0.5,0.3,0.7,0.0,0.0,0.0
84.44999999999735,48.59999999999884,51.94999999999865,51.94099853935124,3.3510321638291103,1.0,2,0.9,0.7,1.1,0.0,0.0,0.0
84.44999999999735,48.59999999999884,51.94999999999865,51.94099853935124,3.3510321638291103,1.0,3,1.3,1.1,1.5,0.0,0.0,0.0
84.44999999999735,48.59999999999884,51.94999999999865,51.94099853935124,3.3510321638291103,1.0,4,1.7000000000000002,1.5000000000000002,1.9000000000000001,0.0,0.0,0.0
84.44999999999735,48.59999999999884,51.94999999999865,51.94099853935124,3.3510321638291103,1.0,5,2.1,1.9000000000000001,2.3000000000000003,0.0,0.0,0.0
84.44999999999735,48.59999999999884,51.94999999999865,51.94099853935124,3.3510321638291103,1.0,6,2.5,2.3,2.7,0.0,0.0,0.0
84.44999999999735,48.64999999999884,51.94999999999865,51.94099853935124,3.3510321638291103,1.0,1,0.5,0.3,0.7,0.0,0.0,0.0
84.44999999999735,48.64999999999884,51.94999999999865,51.94099853935124,3.3510321638291103,1.0,2,0.9,0.7,1.1,0.0,0.0,0.0
84.44999999999735,48.64999999999884,51.94999999999865,51.94099853935124,3.3510321638291103,1.0,3,1.3,1.1,1.5,0.0,0.0,0.0
84.44999999999735,48.64999999999884,51.94999999999865,51.94099853935124,3.3510321638291103,1.0,4,1.7000000000000002,1.5000000000000002,1.9000000000000001,0.0,0.0,0.0
84.44999999999735,48.64999999999884,51.94999999999865,51.94099853935124,3.3510321638291103,1.0,5,2.1,1.9000000000000001,2.3000000000000003,0.0,0.0,0.0
84.44999999999735,48.64999999999884,51.94999999999865,51.94099853935124,3.3510321638291103,1.0,6,2.5,2.3,2.7,0.0,0.0,0.0
84.44999999999735,48.69999999999884,51.94999999999865,51.94099853935124,3.3510321638291103,1.0,1,0.5,0.3,0.7,0.0,0.0,0.0
84.44999999999735,48.69999999999884,51.94999999999865,51.94099853935124,3.3510321638291103,1.0,2,0.9,0.7,1.1,0.0,0.0,0.0
84.44999999999735,48.69999999999884,51.94999999999865,51.94099853935124,3.3510321638291103,1.0,3,1.3,1.1,1.5,0.0,0.0,0.0
84.44999999999735,48.69999999999884,51.94999999999865,51.94099853935124,3.3510321638291103,1.0,4,1.7000000000000002,1.5000000000000002,1.9000000000000001,0.0,0.0,0.0
84.44999999999735,48.69999999999884,51.94999999999865,51.94099853935124,3.3510321638291103,1.0,5,2.1,1.9000000000000001,2.3000000000000003,0.0,0.0,0.0
84.44999999999735,48.69999999999884,51.94999999999865,51.94099853935124,3.3510321638291103,1.0,6,2.5,2.3,2.7,0.0,0.0,0.0
84.44999999999735,48.749999999998835,51.94999999999865,51.94099853935124,3.3510321638291103,1.0,1,0.5,0.3,0.7,0.0,0.0,0.0
84.44999999999735,48.749999999998835,51.94999999999865,51.94099853935124,3.3510321638291103,1.0,2,0.9,0.7,1.1,0.0,0.0,0.0
84.44999999999735,48.749999999998835,51.94999999999865,51.94099853935124,3.3510321638291103,1.0,3,1.3,1.1,1.5,0.0,0.0,0.0
84.44999999999735,48.749999999998835,51.94999999999865,51.94099853935124,3.3510321638291103,1.0,4,1.7000000000000002,1.5000000000000002,1.9000000000000001,0.0,0.0,0.0
84.44999999999735,48.749999999998835,51.94999999999865,51.94099853935124,3.3510321638291103,1.0,5,2.1,1.9000000000000001,2.3000000000000003,0.0,0.0,0.0
84.44999999999735,48.749999999998835,51.94999999999865,51.94099853935124,3.3510321638291103,1.0,6,2.5,2.3,2.7,0.0,0.0,0.0
84.44999999999735,48.79999999999883,51.94999999999865,51.94099853935124,3.3510321638291103,1.0,1,0.5,0.3,0.7,0.0,0.0,0.0
84.44999999999735,48.79999999999883,51.94999999999865,51.94099853935124,3.3510321638291103,1.0,2,0.9,0.7,1.1,0.0,0.0,0.0
84.44999999999735,48.79999999999883,51.94999999999865,51.94099853935124,3.3510321638291103,1.0,3,1.3,1.1,1.5,0.0,0.0,0.0
84.44999999999735,48.79999999999883,51.94999999999865,51.94099853935124,3.3510321638291103,1.0,4,1.7000000000000002,1.5000000000000002,1.9000000000000001,0.0,0.0,0.0
84.44999999999735,48.79999999999883,51.94999999999865,51.94099853935124,3.3510321638291103,1.0,5,2.1,1.9000000000000001,2.3000000000000003,0.0,0.0,0.0
84.44999999999735,48.79999999999883,51.94999999999865,51.94099853935124,3.3510321638291103,1.0,6,2.5,2.3,2.7,0.0,0.0,0.0
84.44999999999735,48.84999999999883,51.94999999999865,51.94099853935124,3.3510321638291103,1.0,1,0.5,0.3,0.7,0.0,0.0,0.0
84.44999999999735,48.84999999999883,51.94999999999865,51.94099853935124,3.3510321638291103,1.0,2,0.9,0.7,1.1,0.08333333333333333,0.042499999999999996,15.0
84.44999999999735,48.84999999999883,51.94999999999865,51.94099853935124,3.3510321638291103,1.0,3,1.3,1.1,1.5,0.125,0.06375,15.0
84.44999999999735,48.84999999999883,51.94999999999865,51.94099853935124,3.3510321638291103,1.0,4,1.7000000000000002,1.5000000000000002,1.9000000000000001,0.2222222222222222,0.11333333333333333,15.0
84.44999999999735,48.84999999999883,51.94999999999865,51.94099853935124,3.3510321638291103,1.0,5,2.1,1.9000000000000001,2.3000000000000003,0.021739130434782608,0.01108695652173913,15.0
84.44999999999735,48.84999999999883,51.94999999999865,51.94099853935124,3.3510321638291103,1.0,6,2.5,2.3,2.7,0.06976744186046512,0.03558139534883721,15.0
84.44999999999735,48.899999999998826,51.94999999999865,51.94099853935124,3.3510321638291103,1.0,1,0.5,0.3,0.7,0.0,0.0,0.0
84.44999999999735,48.899999999998826,51.94999999999865,51.94099853935124,3.3510321638291103,1.0,2,0.9,0.7,1.1,0.05555555555555555,0.028333333333333332,15.0
84.44999999999735,48.899999999998826,51.94999999999865,51.94099853935124,3.3510321638291103,1.0,3,1.3,1.1,1.5,0.225,0.11475,15.0
84.44999999999735,48.899999999998826,51.94999999999865,51.94099853935124,3.3510321638291103,1.0,4,1.7000000000000002,1.5000000000000002,1.9000000000000001,0.26666666666666666,0.136,17.0
84.44999999999735,48.899999999998826,51.94999999999865,51.94099853935124,3.3510321638291103,1.0,5,2.1,1.9000000000000001,2.3000000000000003,0.13043478260869565,0.06652173913043478,15.0
84.44999999999735,48.899999999998826,51.94999999999865,51.94099853935124,3.3510321638291103,1.0,6,2.5,2.3,2.7,0.3023255813953488,0.1541860465116279,19.273255813953487
84.44999999999735,48.94999999999882,51.94999999999865,51.94099853935124,3.3510321638291103,1.0,1,0.5,0.3,0.7,0.0,0.0,0.0
84.44999999999735,48.94999999999882,51.94999999999865,51.94099853935124,3.3510321638291103,1.0,2,0.9,0.7,1.1,0.08333333333333333,0.042499999999999996,15.0
84.44999999999735,48.94999999999882,51.94999999999865,51.94099853935124,3.3510321638291103,1.0,3,1.3,1.1,1.5,0.45,0.2295,28.687499999999996
84.44999999999735,48.94999999999882,51.94999999999865,51.94099853935124,3.3510321638291103,1.0,4,1.7000000000000002,1.5000000000000002,1.9000000000000001,0.3111111111111111,0.15866666666666668,19.833333333333332
84.44999999999735,48.94999999999882,51.94999999999865,51.94099853935124,3.3510321638291103,1.0,5,2.1,1.9000000000000001,2.3000000000000003,0.2391304347826087,0.12195652173913044,15.244565217391303
84.44999999999735,48.94999999999882,51.94999999999865,51.94099853935124,3.3510321638291103,1.0,6,2.5,2.3,2.7,0.32558139534883723,0.16604651162790698,20.75581395348837
84.44999999999735,48.99999999999882,51.94999999999865,51.94099853935124,3.3510321638291103,1.0,1,0.5,0.3,0.7,0.0,0.0,0.0
84.44999999999735,48.99999999999882,51.94999999999865,51.94099853935124,3.3510321638291103,1.0,2,0.9,0.7,1.1,0.1111111111111111,0.056666666666666664,15.0
84.44999999999735,48.99999999999882,51.94999999999865,51.94099853935124,3.3510321638291103,1.0,3,1.3,1.1,1.5,0.325,0.16575,20.718749999999996
84.44999999999735,48.99999999999882,51.94999999999865,51.94099853935124,3.3510321638291103,1.0,4,1.7000000000000002,1.5000000000000002,1.9000000000000001,0.35555555555555557,0.18133333333333335,22.666666666666664
84.44999999999735,48.99999999999882,51.94999999999865,51.94099853935124,3.3510321638291103,1.0,5,2.1,1.9000000000000001,2.3000000000000003,0.15217391304347827,0.07760869565217392,15.0
84.44999999999735,48.99999999999882,51.94999999999865,51.94099853935124,3.3510321638291103,1.0,6,2.5,2.3,2.7,0.37209302325581395,0.18976744186046512,23.72093023255814
84.89999999999732,49.04999999999882,52.39999999999863,52.35987755982988,3.3510321638291103,1.0,1,0.5,0.3,0.7,0.0,0.0,0.0
84.89999999999732,49.04999999999882,52.39999999999863,52.35987755982988,3.3510321638291103,1.0,2,0.9,0.7,1.1,0.2222222222222222,0.11333333333333333,15.0
84.89999999999732,49.04999999999882,52.39999999999863,52.35987755982988,3.3510321638291103,1.0,3,1.3,1.1,1.5,0.275,0.14025,17.53125
84.89999999999732,49.04999999999882,52.39999999999863,52.35987755982988,3.3510321638291103,1.0,4,1.7000000000000002,1.5000000000000002,1.9000000000000001,0.26666666666666666,0.136,17.0
84.89999999999732,49.04999999999882,52.39999999999863,52.35987755982988,3.3510321638291103,1.0,5,2.1,1.9000000000000001,2.3000000000000003,0.1956521739130435,0.09978260869565218,15.0
84.89999999999732,49.04999999999882,52.39999999999863,52.35987755982988,3.3510321638291103,1.0,6,2.5,2.3,2.7,0.3488372093023256,0.17790697674418604,22.23837209302325
84.89999999999732,49.099999999998815,52.39999999999863,52.35987755982988,3.3510321638291103,1.0,1,0.5,0.3,0.7,0.0,0.0,0.0
84.89999999999732,49.099999999998815,52.39999999999863,52.35987755982988,3.3510321638291103,1.0,2,0.9,0.7,1.1,0.08333333333333333,0.042499999999999996,15.0
84.89999999999732,49.099999999998815,52.39999999999863,52.35987755982988,3.3510321638291103,1.0,3,1.3,1.1,1.5,0.15,0.0765,15.0
84.89999999999732,49.099999999998815,52.39999999999863,52.35987755982988,3.3510321638291103,1.0,4,1.7000000000000002,1.5000000000000002,1.9000000000000001,0.2,0.10200000000000001,15.0
84.89999999999732,49.099999999998815,52.39999999999863,52.35987755982988,3.3510321638291103,1.0,5,2.1,1.9000000000000001,2.3000000000000003,0.1956521739130435,0.09978260869565218,15.0
84.89999999999732,49.099999999998815,52.39999999999863,52.35987755982988,3.3510321638291103,1.0,6,2.5,2.3,2.7,0.23255813953488372,0.1186046511627907,15.0
84.89999999999732,49.14999999999881,52.39999999999863,52.35987755982988,3.3510321638291103,1.0,1,0.5,0.3,0.7,0.0,0.0,0.0
84.89999999999732,49.14999999999881,52.39999999999863,52.35987755982988,3.3510321638291103,1.0,2,0.9,0.7,1.1,0.027777777777777776,0.014166666666666666,15.0
84.89999999999732,49.14999999999881,52.39999999999863,52.35987755982988,3.3510321638291103,1.0,3,1.3,1.1,1.5,0.15,0.0765,15.0
84.89999999999732,49.14999999999881,52.39999999999863,52.35987755982988,3.3510321638291103,1.0,4,1.7000000000000002,1.5000000000000002,1.9000000000000001,0.1111111111111111,0.056666666666666664,15.0
84.89999999999732,49.14999999999881,52.39999999999863,52.35987755982988,3.3510321638291103,1.0,5,2.1,1.9000000000000001,2.3000000000000003,0.08695652173913043,0.04434782608695652,15.0
84.89999999999732,49.14999999999881,52.39999999999863,52.35987755982988,3.3510321638291103,1.0,6,2.5,2.3,2.7,0.023255813953488372,0.01186046511627907,15.0
84.89999999999732,49.19999999999881,52.39999999999863,52.35987755982988,3.3510321638291103,1.0,1,0.5,0.3,0.7,0.0,0.0,0.0
84.89999999999732,49.19999999999881,52.39999999999863,52.35987755982988,3.3510321638291103,1.0,2,0.9,0.7,1.1,0.0,0.0,0.0
84.89999999999732,49.19999999999881,52.39999999999863,52.35987755982988,3.3510321638291103,1.0,3,1.3,1.1,1.5,0.0,0.0,0.0
84.89999999999732,49.19999999999881,52.39999999999863,52.35987755982988,3.3510321638291103,1.0,4,1.7000000000000002,1.5000000000000002,1.9000000000000001,0.0,0.0,0.0
84.89999999999732,49.19999999999881,52.39999999999863,52.35987755982988,3.3510321638291103,1.0,5,2.1,1.9000000000000001,2.3000000000000003,0.0,0.0,0.0
84.89999999999732,49.19999999999881,52.39999999999863,52.35987755982988,3.3510321638291103,1.0,6,2.5,2.3,2.7,0.0,0.0,0.0
84.89999999999732,49.249999999998806,52.39999999999863,52.35987755982988,3.3510321638291103,1.0,1,0.5,0.3,0.7,0.0,0.0,0.0
84.89999999999732,49.249999999998806,52.39999999999863,52.35987755982988,3.3510321638291103,1.0,2,0.9,0.7,1.1,0.0,0.0,0.0
84.89999999999732,49.249999999998806,52.39999999999863,52.35987755982988,3.3510321638291103,1.0,3,1.3,1.1,1.5,0.0,0.0,0.0
84.89999999999732,49.249999999998806,52.39999999999863,52.35987755982988,3.3510321638291103,1.0,4,1.7000000000000002,1.5000000000000002,1.9000000000000001,0.0,0.0,0.0
84.89999999999732,49.249999999998806,52.39999999999863,52.35987755982988,3.3510321638291103,1.0,5,2.1,1.9000000000000001,2.3000000000000003,0.0,0.0,0.0
84.89999999999732,49.249999999998806,52.39999999999863,52.35987755982988,3.3510321638291103,1.0,6,2.5,2.3,2.7,0.0,0.0,0.0
84.89999999999732,49.2999999999988,52.39999999999863,52.35987755982988,3.3510321638291103,1.0,1,0.5,0.3,0.7,0.0,0.0,0.0
84.89999999999732,49.2999999999988,52.39999999999863,52.35987755982988,3.3510321638291103,1.0,2,0.9,0.7,1.1,0.0,0.0,0.0
84.89999999999732,49.2999999999988,52.39999999999863,52.35987755982988,3.3510321638291103,1.0,3,1.3,1.1,1.5,0.0,0.0,0.0
84.89999999999732,49.2999999999988,52.39999999999863,52.35987755982988,3.3510321638291103,1.0,4,1.7000000000000002,1.5000000000000002,1.9000000000000001,0.0,0.0,0.0
84.89999999999732,49.2999999999988,52.39999999999863,52.35987755982988,3.3510321638291103,1.0,5,2.1,1.9000000000000001,2.3000000000000003,0.0,0.0,0.0
84.89999999999732,49.2999999999988,52.39999999999863,52.35987755982988,3.3510321638291103,1.0,6,2.5,2.3,2.7,0.0,0.0,0.0
84.89999999999732,49.3499999999988,52.39999999999863,52.35987755982988,3.3510321638291103,1.0,1,0.5,0.3,0.7,0.0,0.0,0.0
84.89999999999732,49.3499999999988,52.39999999999863,52.35987755982988,3.3510321638291103,1.0,2,0.9,0.7,1.1,0.0,0.0,0.0
84.89999999999732,49.3499999999988,52.39999999999863,52.35987755982988,3.3510321638291103,1.0,3,1.3,1.1,1.5,0.0,0.0,0.0
84.89999999999732,49.3499999999988,52.39999999999863,52.35987755982988,3.3510321638291103,1.0,4,1.7000000000000002,1.5000000000000002,1.9000000000000001,0.0,0.0,0.0
84.89999999999732,49.3499999999988,52.39999999999863,52.35987755982988,3.3510321638291103,1.0,5,2.1,1.9000000000000001,2.3000000000000003,0.0,0.0,0.0
84.89999999999732,49.3499999999988,52.39999999999863,52.35987755982988,3.3510321638291103,1.0,6,2.5,2.3,2.7,0.0,0.0,0.0
84.89999999999732,49.3999999999988,52.39999999999863,52.35987755982988,3.3510321638291103,1.0,1,0.5,0.3,0.7,0.0,0.0,0.0
84.89999999999732,49.3999999999988,52.39999999999863,52.35987755982988,3.3510321638291103,1.0,2,0.9,0.7,1.1,0.0,0.0,0.0
84.89999999999732,49.3999999999988,52.39999999999863,52.35987755982988,3.3510321638291103,1.0,3,1.3,1.1,1.5,0.0,0.0,0.0
84.89999999999732,49.3999999999988,52.39999999999863,52.35987755982988,3.3510321638291103,1.0,4,1.7000000000000002,1.5000000000000002,1.9000000000000001,0.0,0.0,0.0
84.89999999999732,49.3999999999988,52.39999999999863,52.35987755982988,3.3510321638291103,1.0,5,2.1,1.9000000000000001,2.3000000000000003,0.0,0.0,0.0
84.89999999999732,49.3999999999988,52.39999999999863,52.35987755982988,3.3510321638291103,1.0,6,2.5,2.3,2.7,0.0,0.0,0.0
85.2999999999973,49.449999999998795,52.799999999998604,52.778756580308524,3.3510321638291174,1.0,1,0.5,0.3,0.7,0.0,0.0,0.0
85.2999999999973,49.449999999998795,52.799999999998604,52.778756580308524,3.3510321638291174,1.0,2,0.9,0.7,1.1,0.0,0.0,0.0
85.2999999999973,49.449999999998795,52.799999999998604,52.778756580308524,3.3510321638291174,1.0,3,1.3,1.1,1.5,0.0,0.0,0.0
85.2999999999973,49.449999999998795,52.799999999998604,52.778756580308524,3.3510321638291174,1.0,4,1.7000000000000002,1.5000000000000002,1.9000000000000001,0.0,0.0,0.0
85.2999999999973,49.449999999998795,52.799999999998604,52.778756580308524,3.3510321638291174,1.0,5,2.1,1.9000000000000001,2.3000000000000003,0.0,0.0,0.0
85.2999999999973,49.449999999998795,52.799999999998604,52.778756580308524,3.3510321638291174,1.0,6,2.5,2.3,2.7,0.0,0.0,0.0
85.2999999999973,49.49999999999879,52.799999999998604,52.778756580308524,3.3510321638291174,1.0,1,0.5,0.3,0.7,0.0,0.0,0.0
85.2999999999973,49.49999999999879,52.799999999998604,52.778756580308524,3.3510321638291174,1.0,2,0.9,0.7,1.1,0.0,0.0,0.0
85.2999999999973,49.49999999999879,52.799999999998604,52.778756580308524,3.3510321638291174,1.0,3,1.3,1.1,1.5,0.0,0.0,0.0
85.2999999999973,49.49999999999879,52.799999999998604,52.778756580308524,3.3510321638291174,1.0,4,1.7000000000000002,1.5000000000000002,1.9000000000000001,0.0,0.0,0.0
85.2999999999973,49.49999999999879,52.799999999998604,52.778756580308524,3.3510321638291174,1.0,5,2.1,1.9000000000000001,2.3000000000000003,0.0,0.0,0.0
85.2999999999973,49.49999999999879,52.799999999998604,52.778756580308524,3.3510321638291174,1.0,6,2.5,2.3,2.7,0.0,0.0,0.0
85.2999999999973,49.54999999999879,52.799999999998604,52.778756580308524,3.3510321638291174,1.0,1,0.5,0.3,0.7,0.0,0.0,0.0
85.2999999999973,49.54999999999879,52.799999999998604,52.778756580308524,3.3510321638291174,1.0,2,0.9,0.7,1.1,0.0,0.0,0.0
85.2999999999973,49.54999999999879,52.799999999998604,52.778756580308524,3.3510321638291174,1.0,3,1.3,1.1,1.5,0.0,0.0,0.0
85.2999999999973,49.54999999999879,52.799999999998604,52.778756580308524,3.3510321638291174,1.0,4,1.7000000000000002,1.5000000000000002,1.9000000000000001,0.0,0.0,0.0
85.2999999999973,49.54999999999879,52.799999999998604,52.778756580308524,3.3510321638291174,1.0,5,2.1,1.9000000000000001,2.3000000000000003,0.0,0.0,0.0
85.2999999999973,49.54999999999879,52.799999999998604,52.778756580308524,3.3510321638291174,1.0,6,2.5,2.3,2.7,0.0,0.0,0.0
85.2999999999973,49.599999999998786,52.799999999998604,52.778756580308524,3.3510321638291174,1.0,1,0.5,0.3,0.7,0.0,0.0,0.0
85.2999999999973,49.599999999998786,52.799999999998604,52.778756580308524,3.3510321638291174,1.0,2,0.9,0.7,1.1,0.0,0.0,0.0
85.2999999999973,49.599999999998786,52.799999999998604,52.778756580308524,3.3510321638291174,1.0,3,1.3,1.1,1.5,0.0,0.0,0.0
85.2999999999973,49.599999999998786,52.799999999998604,52.778756580308524,3.3510321638291174,1.0,4,1.7000000000000002,1.5000000000000002,1.9000000000000001,0.0,0.0,0.0
85.2999999999973,49.599999999998786,52.799999999998604,52.778756580308524,3.3510321638291174,1.0,5,2.1,1.9000000000000001,2.3000000000000003,0.0,0.0,0.0
85.2999999999973,49.599999999998786,52.799999999998604,52.778756580308524,3.3510321638291174,1.0,6,2.5,2.3,2.7,0.0,0.0,0.0
85.2999999999973,49.64999999999878,52.799999999998604,52.778756580308524,3.3510321638291174,1.0,1,0.5,0.3,0.7,0.0,0.0,0.0
85.2999999999973,49.64999999999878,52.799999999998604,52.778756580308524,3.3510321638291174,1.0,2,0.9,0.7,1.1,0.0,0.0,0.0
85.2999999999973,49.64999999999878,52.799999999998604,52.778756580308524,3.3510321638291174,1.0,3,1.3,1.1,1.5,0.0,0.0,0.0
85.2999999999973,49.64999999999878,52.799999999998604,52.778756580308524,3.3510321638291174,1.0,4,1.7000000000000002,1.5000000000000002,1.9000000000000001,0.0,0.0,0.0
85.2999999999973,49.64999999999878,52.799999999998604,52.778756580308524,3.3510321638291174,1.0,5,2.1,1.9000000000000001,2.3000000000000003,0.0,0.0,0.0
85.2999999999973,49.64999999999878,52.799999999998604,52.778756580308524,3.3510321638291174,1.0,6,2.5,2.3,2.7,0.0,0.0,0.0
85.2999999999973,49.69999999999878,52.799999999998604,52.778756580308524,3.3510321638291174,1.0,1,0.5,0.3,0.7,0.0,0.0,0.0
85.2999999999973,49.69999999999878,52.799999999998604,52.778756580308524,3.3510321638291174,1.0,2,0.9,0.7,1.1,0.0,0.0,0.0
85.2999999999973,49.69999999999878,52.799999999998604,52.778756580308524,3.3510321638291174,1.0,3,1.3,1.1,1.5,0.0,0.0,0.0
85.2999999999973,49.69999999999878,52.799999999998604,52.778756580308524,3.3510321638291174,1.0,4,1.7000000000000002,1.5000000000000002,1.9000000000000001,0.0,0.0,0.0
85.2999999999973,49.69999999999878,52.799999999998604,52.778756580308524,3.3510321638291174,1.0,5,2.1,1.9000000000000001,2.3000000000000003,0.0,0.0,0.0
85.2999999999973,49.69999999999878,52.799999999998604,52.778756580308524,3.3510321638291174,1.0,6,2.5,2.3,2.7,0.0,0.0,0.0
85.2999999999973,49.74999999999878,52.799999999998604,52.778756580308524,3.3510321638291174,1.0,1,0.5,0.3,0.7,0.0,0.0,0.0
85.2999999999973,49.74999999999878,52.799999999998604,52.778756580308524,3.3510321638291174,1.0,2,0.9,0.7,1.1,0.0,0.0,0.0
85.2999999999973,49.74999999999878,52.799999999998604,52.778756580308524,3.3510321638291174,1.0,3,1.3,1.1,1.5,0.0,0.0,0.0
85.2999999999973,49.74999999999878,52.799999999998604,52.778756580308524,3.3510321638291174,1.0,4,1.7000000000000002,1.5000000000000002,1.9000000000000001,0.0,0.0,0.0
85.2999999999973,49.74999999999878,52.799999999998604,52.778756580308524,3.3510321638291174,1.0,5,2.1,1.9000000000000001,2.3000000000000003,0.0,0.0,0.0
85.2999999999973,49.74999999999878,52.799999999998604,52.778756580308524,3.3510321638291174,1.0,6,2.5,2.3,2.7,0.0,0.0,0.0
85.2999999999973,49.799999999998775,52.799999999998604,52.778756580308524,3.3510321638291174,1.0,1,0.5,0.3,0.7,0.0,0.0,0.0
85.2999999999973,49.799999999998775,52.799999999998604,52.778756580308524,3.3510321638291174,1.0,2,0.9,0.7,1.1,0.0,0.0,0.0
85.2999999999973,49.799999999998775,52.799999999998604,52.778756580308524,3.3510321638291174,1.0,3,1.3,1.1,1.5,0.0,0.0,0.0
85.2999999999973,49.799999999998775,52.799999999998604,52.778756580308524,3.3510321638291174,1.0,4,1.7000000000000002,1.5000000000000002,1.9000000000000001,0.0,0.0,0.0
85.2999999999973,49.799999999998775,52.799999999998604,52.778756580308524,3.3510321638291174,1.0,5,2.1,1.9000000000000001,2.3000000000000003,0.0,0.0,0.0
85.2999999999973,49.799999999998775,52.799999999998604,52.778756580308524,3.3510321638291174,1.0,6,2.5,2.3,2.7,0.0,0.0,0.0
85.69999999999727,49.84999999999877,53.19999999999858,53.19763560078716,3.3510321638291103,1.0,1,0.5,0.3,0.7,0.0,0.0,0.0
85.69999999999727,49.84999999999877,53.19999999999858,53.19763560078716,3.3510321638291103,1.0,2,0.9,0.7,1.1,0.0,0.0,0.0
85.69999999999727,49.84999999999877,53.19999999999858,53.19763560078716,3.3510321638291103,1.0,3,1.3,1.1,1.5,0.0,0.0,0.0
85.69999999999727,49.84999999999877,53.19999999999858,53.19763560078716,3.3510321638291103,1.0,4,1.7000000000000002,1.5000000000000002,1.9000000000000001,0.0,0.0,0.0
85.69999999999727,49.84999999999877,53.19999999999858,53.19763560078716,3.3510321638291103,1.0,5,2.1,1.9000000000000001,2.3000000000000003,0.0,0.0,0.0
85.69999999999727,49.84999999999877,53.19999999999858,53.19763560078716,3.3510321638291103,1.0,6,2.5,2.3,2.7,0.0,0.0,0.0
85.69999999999727,49.89999999999877,53.19999999999858,53.19763560078716,3.3510321638291103,1.0,1,0.5,0.3,0.7,0.0,0.0,0.0
85.69999999999727,49.89999999999877,53.19999999999858,53.19763560078716,3.3510321638291103,1.0,2,0.9,0.7,1.1,0.0,0.0,0.0
85.69999999999727,49.89999999999877,53.19999999999858,53.19763560078716,3.3510321638291103,1.0,3,1.3,1.1,1.5,0.0,0.0,0.0
85.69999999999727,49.89999999999877,53.19999999999858,53.19763560078716,3.3510321638291103,1.0,4,1.7000000000000002,1.5000000000000002,1.9000000000000001,0.0,0.0,0.0
85.69999999999727,49.89999999999877,53.19999999999858,53.19763560078716,3.3510321638291103,1.0,5,2.1,1.9000000000000001,2.3000000000000003,0.0,0.0,0.0
85.69999999999727,49.89999999999877,53.19999999999858,53.19763560078716,3.3510321638291103,1.0,6,2.5,2.3,2.7,0.0,0.0,0.0
85.69999999999727,49.94999999999877,53.19999999999858,53.19763560078716,3.3510321638291103,1.0,1,0.5,0.3,0.7,0.0,0.0,0.0
85.69999999999727,49.94999999999877,53.19999999999858,53.19763560078716,3.3510321638291103,1.0,2,0.9,0.7,1.1,0.0,0.0,0.0
85.69999999999727,49.94999999999877,53.19999999999858,53.19763560078716,3.3510321638291103,1.0,3,1.3,1.1,1.5,0.0,0.0,0.0
85.69999999999727,49.94999999999877,53.19999999999858,53.19763560078716,3.3510321638291103,1.0,4,1.7000000000000002,1.5000000000000002,1.9000000000000001,0.0,0.0,0.0
85.69999999999727,49.94999999999877,53.19999999999858,53.19763560078716,3.3510321638291103,1.0,5,2.1,1.9000000000000001,2.3000000000000003,0.0,0.0,0.0
85.69999999999727,49.94999999999877,53.19999999999858,53.19763560078716,3.3510321638291103,1.0,6,2.5,2.3,2.7,0.0,0.0,0.0
85.69999999999727,49.999999999998764,53.19999999999858,53.19763560078716,3.3510321638291103,1.0,1,0.5,0.3,0.7,0.0,0.0,0.0
85.69999999999727,49.999999999998764,53.19999999999858,53.19763560078716,3.3510321638291103,1.0,2,0.9,0.7,1.1,0.0,0.0,0.0
85.69999999999727,49.999999999998764,53.19999999999858,53.19763560078716,3.3510321638291103,1.0,3,1.3,1.1,1.5,0.0,0.0,0.0
85.69999999999727,49.999999999998764,53.19999999999858,53.19763560078716,3.3510321638291103,1.0,4,1.7000000000000002,1.5000000000000002,1.9000000000000001,0.0,0.0,0.0
85.69999999999727,49.999999999998764,53.19999999999858,53.19763560078716,3.3510321638291103,1.0,5,2.1,1.9000000000000001,2.3000000000000003,0.0,0.0,0.0
85.69999999999727,49.999999999998764,53.19999999999858,53.19763560078716,3.3510321638291103,1.0,6,2.5,2.3,2.7,0.0,0.0,0.0
85.69999999999727,50.04999999999876,53.19999999999858,53.19763560078716,3.3510321638291103,1.0,1,0.5,0.3,0.7,0.0,0.0,0.0
85.69999999999727,50.04999999999876,53.19999999999858,53.19763560078716,3.3510321638291103,1.0,2,0.9,0.7,1.1,0.0,0.0,0.0
85.69999999999727,50.04999999999876,53.19999999999858,53.19763560078716,3.3510321638291103,1.0,3,1.3,1.1,1.5,0.0,0.0,0.0
85.69999999999727,50.04999999999876,53.19999999999858,53.19763560078716,3.3510321638291103,1.0,4,1.7000000000000002,1.5000000000000002,1.9000000000000001,0.0,0.0,0.0
85.69999999999727,50.04999999999876,53.19999999999858,53.19763560078716,3.3510321638291103,1.0,5,2.1,1.9000000000000001,2.3000000000000003,0.0,0.0,0.0
85.69999999999727,50.04999999999876,53.19999999999858,53.19763560078716,3.3510321638291103,1.0,6,2.5,2.3,2.7,0.0,0.0,0.0
85.69999999999727,50.09999999999876,53.19999999999858,53.19763560078716,3.3510321638291103,1.0,1,0.5,0.3,0.7,0.0,0.0,0.0
85.69999999999727,50.09999999999876,53.19999999999858,53.19763560078716,3.3510321638291103,1.0,2,0.9,0.7,1.1,0.0,0.0,0.0
85.69999999999727,50.09999999999876,53.19999999999858,53.19763560078716,3.3510321638291103,1.0,3,1.3,1.1,1.5,0.0,0.0,0.0
85.69999999999727,50.09999999999876,53.19999999999858,53.19763560078716,3.3510321638291103,1.0,4,1.7000000000000002,1.5000000000000002,1.9000000000000001,0.0,0.0,0.0
85.69999999999727,50.09999999999876,53.19999999999858,53.19763560078716,3.3510321638291103,1.0,5,2.1,1.9000000000000001,2.3000000000000003,0.0,0.0,0.0
85.69999999999727,50.09999999999876,53.19999999999858,53.19763560078716,3.3510321638291103,1.0,6,2.5,2.3,2.7,0.0,0.0,0.0
85.69999999999727,50.149999999998755,53.19999999999858,53.19763560078716,3.3510321638291103,1.0,1,0.5,0.3,0.7,0.0,0.0,0.0
85.69999999999727,50.149999999998755,53.19999999999858,53.19763560078716,3.3510321638291103,1.0,2,0.9,0.7,1.1,0.0,0.0,0.0
85.69999999999727,50.149999999998755,53.19999999999858,53.19763560078716,3.3510321638291103,1.0,3,1.3,1.1,1.5,0.0,0.0,0.0
85.69999999999727,50.149999999998755,53.19999999999858,53.19763560078716,3.3510321638291103,1.0,4,1.7000000000000002,1.5000000000000002,1.9000000000000001,0.0,0.0,0.0
85.69999999999727,50.149999999998755,53.19999999999858,53.19763560078716,3.3510321638291103,1.0,5,2.1,1.9000000000000001,2.3000000000000003,0.0,0.0,0.0
85.69999999999727,50.149999999998755,53.19999999999858,53.19763560078716,3.3510321638291103,1.0,6,2.5,2.3,2.7,0.0,0.0,0.0
85.69999999999727,50.19999999999875,53.19999999999858,53.19763560078716,3.3510321638291103,1.0,1,0.5,0.3,0.7,0.0,0.0,0.0
85.69999999999727,50.19999999999875,53.19999999999858,53.19763560078716,3.3510321638291103,1.0,2,0.9,0.7,1.1,0.0,0.0,0.0
85.69999999999727,50.19999999999875,53.19999999999858,53.19763560078716,3.3510321638291103,1.0,3,1.3,1.1,1.5,0.0,0.0,0.0
85.69999999999727,50.19999999999875,53.19999999999858,53.19763560078716,3.3510321638291103,1.0,4,1.7000000000000002,1.5000000000000002,1.9000000000000001,0.0,0.0,0.0
85.69999999999727,50.19999999999875,53.19999999999858,53.19763560078716,3.3510321638291103,1.0,5,2.1,1.9000000000000001,2.3000000000000003,0.0,0.0,0.0
85.69999999999727,50.19999999999875,53.19999999999858,53.19763560078716,3.3510321638291103,1.0,6,2.5,2.3,2.7,0.0,0.0,0.0
85.69999999999727,50.24999999999875,53.19999999999858,53.19763560078716,3.3510321638291103,1.0,1,0.5,0.3,0.7,0.0,0.0,0.0
85.69999999999727,50.24999999999875,53.19999999999858,53.19763560078716,3.3510321638291103,1.0,2,0.9,0.7,1.1,0.0,0.0,0.0
85.69999999999727,50.24999999999875,53.19999999999858,53.19763560078716,3.3510321638291103,1.0,3,1.3,1.1,1.5,0.0,0.0,0.0
85.69999999999727,50.24999999999875,53.19999999999858,53.19763560078716,3.3510321638291103,1.0,4,1.7000000000000002,1.5000000000000002,1.9000000000000001,0.0,0.0,0.0
85.69999999999727,50.24999999999875,53.19999999999858,53.19763560078716,3.3510321638291103,1.0,5,2.1,1.9000000000000001,2.3000000000000003,0.0,0.0,0.0
85.69999999999727,50.24999999999875,53.19999999999858,53.19763560078716,3.3510321638291103,1.0,6,2.5,2.3,2.7,0.0,0.0,0.0
86.14999999999725,50.29999999999875,53.649999999998556,53.6165146212658,3.3510321638291103,1.0,1,0.5,0.3,0.7,0.0,0.0,0.0
86.14999999999725,50.29999999999875,53.649999999998556,53.6165146212658,3.3510321638291103,1.0,2,0.9,0.7,1.1,0.0,0.0,0.0
86.14999999999725,50.29999999999875,53.649999999998556,53.6165146212658,3.3510321638291103,1.0,3,1.3,1.1,1.5,0.0,0.0,0.0
86.14999999999725,50.29999999999875,53.649999999998556,53.6165146212658,3.3510321638291103,1.0,4,1.7000000000000002,1.5000000000000002,1.9000000000000001,0.0,0.0,0.0
86.14999999999725,50.29999999999875,53.649999999998556,53.6165146212658,3.3510321638291103,1.0,5,2.1,1.9000000000000001,2.3000000000000003,0.0,0.0,0.0
86.14999999999725,50.29999999999875,53.649999999998556,53.6165146212658,3.3510321638291103,1.0,6,2.5,2.3,2.7,0.0,0.0,0.0
86.14999999999725,50.349999999998744,53.649999999998556,53.6165146212658,3.3510321638291103,1.0,1,0.5,0.3,0.7,0.0,0.0,0.0
86.14999999999725,50.349999999998744,53.649999999998556,53.6165146212658,3.3510321638291103,1.0,2,0.9,0.7,1.1,0.0,0.0,0.0
86.14999999999725,50.349999999998744,53.649999999998556,53.6165146212658,3.3510321638291103,1.0,3,1.3,1.1,1.5,0.0,0.0,0.0
86.14999999999725,50.349999999998744,53.649999999998556,53.6165146212658,3.3510321638291103,1.0,4,1.7000000000000002,1.5000000000000002,1.9000000000000001,0.0,0.0,0.0
86.14999999999725,50.349999999998744,53.649999999998556,53.6165146212658,3.3510321638291103,1.0,5,2.1,1.9000000000000001,2.3000000000000003,0.0,0.0,0.0
86.14999999999725,50.349999999998744,53.649999999998556,53.6165146212658,3.3510321638291103,1.0,6,2.5,2.3,2.7,0.0,0.0,0.0
86.14999999999725,50.39999999999874,53.649999999998556,53.6165146212658,3.3510321638291103,1.0,1,0.5,0.3,0.7,0.0,0.0,0.0
86.14999999999725,50.39999999999874,53.649999999998556,53.6165146212658,3.3510321638291103,1.0,2,0.9,0.7,1.1,0.0,0.0,0.0
86.14999999999725,50.39999999999874,53.649999999998556,53.6165146212658,3.3510321638291103,1.0,3,1.3,1.1,1.5,0.0,0.0,0.0
86.14999999999725,50.39999999999874,53.649999999998556,53.6165146212658,3.3510321638291103,1.0,4,1.7000000000000002,1.5000000000000002,1.9000000000000001,0.0,0.0,0.0
86.14999999999725,50.39999999999874,53.649999999998556,53.6165146212658,3.3510321638291103,1.0,5,2.1,1.9000000000000001,2.3000000000000003,0.0,0.0,0.0
86.14999999999725,50.39999999999874,53.649999999998556,53.6165146212658,3.3510321638291103,1.0,6,2.5,2.3,2.7,0.0,0.0,0.0
86.14999999999725,50.44999999999874,53.649999999998556,53.6165146212658,3.3510321638291103,1.0,1,0.5,0.3,0.7,0.0,0.0,0.0
86.14999999999725,50.44999999999874,53.649999999998556,53.6165146212658,3.3510321638291103,1.0,2,0.9,0.7,1.1,0.0,0.0,0.0
86.14999999999725,50.44999999999874,53.649999999998556,53.6165146212658,3.3510321638291103,1.0,3,1.3,1.1,1.5,0.0,0.0,0.0
86.14999999999725,50.44999999999874,53.649999999998556,53.6165146212658,3.3510321638291103,1.0,4,1.7000000000000002,1.5000000000000002,1.9000000000000001,0.0,0.0,0.0
86.14999999999725,50.44999999999874,53.649999999998556,53.6165146212658,3.3510321638291103,1.0,5,2.1,1.9000000000000001,2.3000000000000003,0.0,0.0,0.0
86.14999999999725,50.44999999999874,53.649999999998556,53.6165146212658,3.3510321638291103,1.0,6,2.5,2.3,2.7,0.0,0.0,0.0
86.14999999999725,50.499999999998735,53.649999999998556,53.6165146212658,3.3510321638291103,1.0,1,0.5,0.3,0.7,0.0,0.0,0.0
86.14999999999725,50.499999999998735,53.649999999998556,53.6165146212658,3.3510321638291103,1.0,2,0.9,0.7,1.1,0.0,0.0,0.0
86.14999999999725,50.499999999998735,53.649999999998556,53.6165146212658,3.3510321638291103,1.0,3,1.3,1.1,1.5,0.0,0.0,0.0
86.14999999999725,50.499999999998735,53.649999999998556,53.6165146212658,3.3510321638291103,1.0,4,1.7000000000000002,1.5000000000000002,1.9000000000000001,0.0,0.0,0.0
86.14999999999725,50.499999999998735,53.649999999998556,53.6165146212658,3.3510321638291103,1.0,5,2.1,1.9000000000000001,2.3000000000000003,0.0,0.0,0.0
86.14999999999725,50.499999999998735,53.649999999998556,53.6165146212658,3.3510321638291103,1.0,6,2.5,2.3,2.7,0.0,0.0,0.0
86.14999999999725,50.54999999999873,53.649999999998556,53.6165146212658,3.3510321638291103,1.0,1,0.5,0.3,0.7,0.0,0.0,0.0
86.14999999999725,50.54999999999873,53.649999999998556,53.6165146212658,3.3510321638291103,1.0,2,0.9,0.7,1.1,0.0,0.0,0.0
86.14999999999725,50.54999999999873,53.649999999998556,53.6165146212658,3.3510321638291103,1.0,3,1.3,1.1,1.5,0.0,0.0,0.0
86.14999999999725,50.54999999999873,53.649999999998556,53.6165146212658,3.3510321638291103,1.0,4,1.7000000000000002,1.5000000000000002,1.9000000000000001,0.0,0.0,0.0
86.14999999999725,50.54999999999873,53.649999999998556,53.6165146212658,3.3510321638291103,1.0,5,2.1,1.9000000000000001,2.3000000000000003,0.0,0.0,0.0
86.14999999999725,50.54999999999873,53.649999999998556,53.6165146212658,3.3510321638291103,1.0,6,2.5,2.3,2.7,0.0,0.0,0.0
86.14999999999725,50.59999999999873,53.649999999998556,53.6165146212658,3.3510321638291103,1.0,1,0.5,0.3,0.7,0.0,0.0,0.0
86.14999999999725,50.59999999999873,53.649999999998556,53.6165146212658,3.3510321638291103,1.0,2,0.9,0.7,1.1,0.0,0.0,0.0
86.14999999999725,50.59999999999873,53.649999999998556,53.6165146212658,3.3510321638291103,1.0,3,1.3,1.1,1.5,0.0,0.0,0.0
86.14999999999725,50.59999999999873,53.649999999998556,53.6165146212658,3.3510321638291103,1.0,4,1.7000000000000002,1.5000000000000002,1.9000000000000001,0.0,0.0,0.0
86.14999999999725,50.59999999999873,53.649999999998556,53.6165146212658,3.3510321638291103,1.0,5,2.1,1.9000000000000001,2.3000000000000003,0.0,0.0,0.0
86.14999999999725,50.59999999999873,53.649999999998556,53.6165146212658,3.3510321638291103,1.0,6,2.5,2.3,2.7,0.0,0.0,0.0
86.14999999999725,50.64999999999873,53.649999999998556,53.6165146212658,3.3510321638291103,1.0,1,0.5,0.3,0.7,0.0,0.0,0.0
86.14999999999725,50.64999999999873,53.649999999998556,53.6165146212658,3.3510321638291103,1.0,2,0.9,0.7,1.1,0.0,0.0,0.0
86.14999999999725,50.64999999999873,53.649999999998556,53.6165146212658,3.3510321638291103,1.0,3,1.3,1.1,1.5,0.0,0.0,0.0
86.14999999999725,50.64999999999873,53.649999999998556,53.6165146212658,3.3510321638291103,1.0,4,1.7000000000000002,1.5000000000000002,1.9000000000000001,0.0,0.0,0.0
86.14999999999725,50.64999999999873,53.649999999998556,53.6165146212658,3.3510321638291103,1.0,5,2.1,1.9000000000000001,2.3000000000000003,0.0,0.0,0.0
86.14999999999725,50.64999999999873,53.649999999998556,53.6165146212658,3.3510321638291103,1.0,6,2.5,2.3,2.7,0.0,0.0,0.0
86.54999999999723,50.699999999998724,54.04999999999853,54.03539364174444,3.3510321638291174,1.0,1,0.5,0.3,0.7,0.0,0.0,0.0
86.54999999999723,50.699999999998724,54.04999999999853,54.03539364174444,3.3510321638291174,1.0,2,0.9,0.7,1.1,0.0,0.0,0.0
86.54999999999723,50.699999999998724,54.04999999999853,54.03539364174444,3.3510321638291174,1.0,3,1.3,1.1,1.5,0.0,0.0,0.0
86.54999999999723,50.699999999998724,54.04999999999853,54.03539364174444,3.3510321638291174,1.0,4,1.7000000000000002,1.5000000000000002,1.9000000000000001,0.0,0.0,0.0
86.54999999999723,50.699999999998724,54.04999999999853,54.03539364174444,3.3510321638291174,1.0,5,2.1,1.9000000000000001,2.3000000000000003,0.0,0.0,0.0
86.54999999999723,50.699999999998724,54.04999999999853,54.03539364174444,3.3510321638291174,1.0,6,2.5,2.3,2.7,0.0,0.0,0.0
86.54999999999723,50.74999999999872,54.04999999999853,54.03539364174444,3.3510321638291174,1.0,1,0.5,0.3,0.7,0.0,0.0,0.0
86.54999999999723,50.74999999999872,54.04999999999853,54.03539364174444,3.3510321638291174,1.0,2,0.9,0.7,1.1,0.0,0.0,0.0
86.54999999999723,50.74999999999872,54.04999999999853,54.03539364174444,3.3510321638291174,1.0,3,1.3,1.1,1.5,0.0,0.0,0.0
86.54999999999723,50.74999999999872,54.04999999999853,54.03539364174444,3.3510321638291174,1.0,4,1.7000000000000002,1.5000000000000002,1.9000000000000001,0.0,0.0,0.0
86.54999999999723,50.74999999999872,54.04999999999853,54.03539364174444,3.3510321638291174,1.0,5,2.1,1.9000000000000001,2.3000000000000003,0.0,0.0,0.0
86.54999999999723,50.74999999999872,54.04999999999853,54.03539364174444,3.3510321638291174,1.0,6,2.5,2.3,2.7,0.0,0.0,0.0
86.54999999999723,50.79999999999872,54.04999999999853,54.03539364174444,3.3510321638291174,1.0,1,0.5,0.3,0.7,0.0,0.0,0.0
86.54999999999723,50.79999999999872,54.04999999999853,54.03539364174444,3.3510321638291174,1.0,2,0.9,0.7,1.1,0.0,0.0,0.0
86.54999999999723,50.79999999999872,54.04999999999853,54.03539364174444,3.3510321638291174,1.0,3,1.3,1.1,1.5,0.0,0.0,0.0
86.54999999999723,50.79999999999872,54.04999999999853,54.03539364174444,3.3510321638291174,1.0,4,1.7000000000000002,1.5000000000000002,1.9000000000000001,0.0,0.0,0.0
86.54999999999723,50.79999999999872,54.04999999999853,54.03539364174444,3.3510321638291174,1.0,5,2.1,1.9000000000000001,2.3000000000000003,0.0,0.0,0.0
86.54999999999723,50.79999999999872,54.04999999999853,54.03539364174444,3.3510321638291174,1.0,6,2.5,2.3,2.7,0.0,0.0,0.0
86.54999999999723,50.849999999998715,54.04999999999853,54.03539364174444,3.3510321638291174,1.0,1,0.5,0.3,0.7,0.0,0.0,0.0
86.54999999999723,50.849999999998715,54.04999999999853,54.03539364174444,3.3510321638291174,1.0,2,0.9,0.7,1.1,0.0,0.0,0.0
86.54999999999723,50.849999999998715,54.04999999999853,54.03539364174444,3.3510321638291174,1.0,3,1.3,1.1,1.5,0.0,0.0,0.0
86.54999999999723,50.849999999998715,54.04999999999853,54.03539364174444,3.3510321638291174,1.0,4,1.7000000000000002,1.5000000000000002,1.9000000000000001,0.0,0.0,0.0
86.54999999999723,50.849999999998715,54.04999999999853,54.03539364174444,3.3510321638291174,1.0,5,2.1,1.9000000000000001,2.3000000000000003,0.0,0.0,0.0
86.54999999999723,50.849999999998715,54.04999999999853,54.03539364174444,3.3510321638291174,1.0,6,2.5,2.3,2.7,0.0,0.0,0.0
86.54999999999723,50.89999999999871,54.04999999999853,54.03539364174444,3.3510321638291174,1.0,1,0.5,0.3,0.7,0.0,0.0,0.0
86.54999999999723,50.89999999999871,54.04999999999853,54.03539364174444,3.3510321638291174,1.0,2,0.9,0.7,1.1,0.0,0.0,0.0
86.54999999999723,50.89999999999871,54.04999999999853,54.03539364174444,3.3510321638291174,1.0,3,1.3,1.1,1.5,0.0,0.0,0.0
86.54999999999723,50.89999999999871,54.04999999999853,54.03539364174444,3.3510321638291174,1.0,4,1.7000000000000002,1.5000000000000002,1.9000000000000001,0.0,0.0,0.0
86.54999999999723,50.89999999999871,54.04999999999853,54.03539364174444,3.3510321638291174,1.0,5,2.1,1.9000000000000001,2.3000000000000003,0.0,0.0,0.0
86.54999999999723,50.89999999999871,54.04999999999853,54.03539364174444,3.3510321638291174,1.0,6,2.5,2.3,2.7,0.0,0.0,0.0
86.54999999999723,50.94999999999871,54.04999999999853,54.03539364174444,3.3510321638291174,1.0,1,0.5,0.3,0.7,0.0,0.0,0.0
86.54999999999723,50.94999999999871,54.04999999999853,54.03539364174444,3.3510321638291174,1.0,2,0.9,0.7,1.1,0.0,0.0,0.0
86.54999999999723,50.94999999999871,54.04999999999853,54.03539364174444,3.3510321638291174,1.0,3,1.3,1.1,1.5,0.0,0.0,0.0
86.54999999999723,50.94999999999871,54.04999999999853,54.03539364174444,3.3510321638291174,1.0,4,1.7000000000000002,1.5000000000000002,1.9000000000000001,0.0,0.0,0.0
86.54999999999723,50.94999999999871,54.04999999999853,54.03539364174444,3.3510321638291174,1.0,5,2.1,1.9000000000000001,2.3000000000000003,0.0,0.0,0.0
86.54999999999723,50.94999999999871,54.04999999999853,54.03539364174444,3.3510321638291174,1.0,6,2.5,2.3,2.7,0.0,0.0,0.0
86.54999999999723,50.99999999999871,54.04999999999853,54.03539364174444,3.3510321638291174,1.0,1,0.5,0.3,0.7,0.0,0.0,0.0
86.54999999999723,50.99999999999871,54.04999999999853,54.03539364174444,3.3510321638291174,1.0,2,0.9,0.7,1.1,0.0,0.0,0.0
86.54999999999723,50.99999999999871,54.04999999999853,54.03539364174444,3.3510321638291174,1.0,3,1.3,1.1,1.5,0.0,0.0,0.0
86.54999999999723,50.99999999999871,54.04999999999853,54.03539364174444,3.3510321638291174,1.0,4,1.7000000000000002,1.5000000000000002,1.9000000000000001,0.0,0.0,0.0
86.54999999999723,50.99999999999871,54.04999999999853,54.03539364174444,3.3510321638291174,1.0,5,2.1,1.9000000000000001,2.3000000000000003,0.0,0.0,0.0
86.54999999999723,50.99999999999871,54.04999999999853,54.03539364174444,3.3510321638291174,1.0,6,2.5,2.3,2.7,0.0,0.0,0.0
86.54999999999723,51.049999999998704,54.04999999999853,54.03539364174444,3.3510321638291174,1.0,1,0.5,0.3,0.7,0.0,0.0,0.0
86.54999999999723,51.049999999998704,54.04999999999853,54.03539364174444,3.3510321638291174,1.0,2,0.9,0.7,1.1,0.0,0.0,0.0
86.54999999999723,51.049999999998704,54.04999999999853,54.03539364174444,3.3510321638291174,1.0,3,1.3,1.1,1.5,0.0,0.0,0.0
86.54999999999723,51.049999999998704,54.04999999999853,54.03539364174444,3.3510321638291174,1.0,4,1.7000000000000002,1.5000000000000002,1.9000000000000001,0.0,0.0,0.0
86.54999999999723,51.049999999998704,54.04999999999853,54.03539364174444,3.3510321638291174,1.0,5,2.1,1.9000000000000001,2.3000000000000003,0.0,0.0,0.0
86.54999999999723,51.049999999998704,54.04999999999853,54.03539364174444,3.3510321638291174,1.0,6,2.5,2.3,2.7,0.0,0.0,0.0
86.54999999999723,51.0999999999987,54.04999999999853,54.03539364174444,3.3510321638291174,1.0,1,0.5,0.3,0.7,0.0,0.0,0.0
86.54999999999723,51.0999999999987,54.04999999999853,54.03539364174444,3.3510321638291174,1.0,2,0.9,0.7,1.1,0.0,0.0,0.0
86.54999999999723,51.0999999999987,54.04999999999853,54.03539364174444,3.3510321638291174,1.0,3,1.3,1.1,1.5,0.0,0.0,0.0
86.54999999999723,51.0999999999987,54.04999999999853,54.03539364174444,3.3510321638291174,1.0,4,1.7000000000000002,1.5000000000000002,1.9000000000000001,0.0,0.0,0.0
86.54999999999723,51.0999999999987,54.04999999999853,54.03539364174444,3.3510321638291174,1.0,5,2.1,1.9000000000000001,2.3000000000000003,0.0,0.0,0.0
86.54999999999723,51.0999999999987,54.04999999999853,54.03539364174444,3.3510321638291174,1.0,6,2.5,2.3,2.7,0.0,0.0,0.0
86.9999999999972,51.1499999999987,54.49999999999851,54.454272662223076,3.3510321638291103,1.0,1,0.5,0.3,0.7,0.0,0.0,0.0
86.9999999999972,51.1499999999987,54.49999999999851,54.454272662223076,3.3510321638291103,1.0,2,0.9,0.7,1.1,0.0,0.0,0.0
86.9999999999972,51.1499999999987,54.49999999999851,54.454272662223076,3.3510321638291103,1.0,3,1.3,1.1,1.5,0.0,0.0,0.0
86.9999999999972,51.1499999999987,54.49999999999851,54.454272662223076,3.3510321638291103,1.0,4,1.7000000000000002,1.5000000000000002,1.9000000000000001,0.0,0.0,0.0
86.9999999999972,51.1499999999987,54.49999999999851,54.454272662223076,3.3510321638291103,1.0,5,2.1,1.9000000000000001,2.3000000000000003,0.0,0.0,0.0
86.9999999999972,51.1499999999987,54.49999999999851,54.454272662223076,3.3510321638291103,1.0,6,2.5,2.3,2.7,0.0,0.0,0.0
86.9999999999972,51.199999999998695,54.49999999999851,54.454272662223076,3.3510321638291103,1.0,1,0.5,0.3,0.7,0.0,0.0,0.0
86.9999999999972,51.199999999998695,54.49999999999851,54.454272662223076,3.3510321638291103,1.0,2,0.9,0.7,1.1,0.0,0.0,0.0
86.9999999999972,51.199999999998695,54.49999999999851,54.454272662223076,3.3510321638291103,1.0,3,1.3,1.1,1.5,0.0,0.0,0.0
86.9999999999972,51.199999999998695,54.49999999999851,54.454272662223076,3.3510321638291103,1.0,4,1.7000000000000002,1.5000000000000002,1.9000000000000001,0.0,0.0,0.0
86.9999999999972,51.199999999998695,54.49999999999851,54.454272662223076,3.3510321638291103,1.0,5,2.1,1.9000000000000001,2.3000000000000003,0.0,0.0,0.0
86.9999999999972,51.199999999998695,54.49999999999851,54.454272662223076,3.3510321638291103,1.0,6,2.5,2.3,2.7,0.0,0.0,0.0
86.9999999999972,51.24999999999869,54.49999999999851,54.454272662223076,3.3510321638291103,1.0,1,0.5,0.3,0.7,0.0,0.0,0.0
86.9999999999972,51.24999999999869,54.49999999999851,54.454272662223076,3.3510321638291103,1.0,2,0.9,0.7,1.1,0.0,0.0,0.0
86.9999999999972,51.24999999999869,54.49999999999851,54.454272662223076,3.3510321638291103,1.0,3,1.3,1.1,1.5,0.0,0.0,0.0
86.9999999999972,51.24999999999869,54.49999999999851,54.454272662223076,3.3510321638291103,1.0,4,1.7000000000000002,1.5000000000000002,1.9000000000000001,0.0,0.0,0.0
86.9999999999972,51.24999999999869,54.49999999999851,54.454272662223076,3.3510321638291103,1.0,5,2.1,1.9000000000000001,2.3000000000000003,0.0,0.0,0.0
86.9999999999972,51.24999999999869,54.49999999999851,54.454272662223076,3.3510321638291103,1.0,6,2.5,2.3,2.7,0.0,0.0,0.0
86.9999999999972,51.29999999999869,54.49999999999851,54.454272662223076,3.3510321638291103,1.0,1,0.5,0.3,0.7,0.0,0.0,0.0
86.9999999999972,51.29999999999869,54.49999999999851,54.454272662223076,3.3510321638291103,1.0,2,0.9,0.7,1.1,0.0,0.0,0.0
86.9999999999972,51.29999999999869,54.49999999999851,54.454272662223076,3.3510321638291103,1.0,3,1.3,1.1,1.5,0.0,0.0,0.0
86.9999999999972,51.29999999999869,54.49999999999851,54.454272662223076,3.3510321638291103,1.0,4,1.7000000000000002,1.5000000000000002,1.9000000000000001,0.0,0.0,0.0
86.9999999999972,51.29999999999869,54.49999999999851,54.454272662223076,3.3510321638291103,1.0,5,2.1,1.9000000000000001,2.3000000000000003,0.0,0.0,0.0
86.9999999999972,51.29999999999869,54.49999999999851,54.454272662223076,3.3510321638291103,1.0,6,2.5,2.3,2.7,0.0,0.0,0.0
86.9999999999972,51.34999999999869,54.49999999999851,54.454272662223076,3.3510321638291103,1.0,1,0.5,0.3,0.7,0.0,0.0,0.0
86.9999999999972,51.34999999999869,54.49999999999851,54.454272662223076,3.3510321638291103,1.0,2,0.9,0.7,1.1,0.0,0.0,0.0
86.9999999999972,51.34999999999869,54.49999999999851,54.454272662223076,3.3510321638291103,1.0,3,1.3,1.1,1.5,0.0,0.0,0.0
86.9999999999972,51.34999999999869,54.49999999999851,54.454272662223076,3.3510321638291103,1.0,4,1.7000000000000002,1.5000000000000002,1.9000000000000001,0.0,0.0,0.0
86.9999999999972,51.34999999999869,54.49999999999851,54.454272662223076,3.3510321638291103,1.0,5,2.1,1.9000000000000001,2.3000000000000003,0.0,0.0,0.0
86.9999999999972,51.34999999999869,54.49999999999851,54.454272662223076,3.3510321638291103,1.0,6,2.5,2.3,2.7,0.0,0.0,0.0
86.9999999999972,51.399999999998684,54.49999999999851,54.454272662223076,3.3510321638291103,1.0,1,0.5,0.3,0.7,0.0,0.0,0.0
86.9999999999972,51.399999999998684,54.49999999999851,54.454272662223076,3.3510321638291103,1.0,2,0.9,0.7,1.1,0.0,0.0,0.0
86.9999999999972,51.399999999998684,54.49999999999851,54.454272662223076,3.3510321638291103,1.0,3,1.3,1.1,1.5,0.0,0.0,0.0
86.9999999999972,51.399999999998684,54.49999999999851,54.454272662223076,3.3510321638291103,1.0,4,1.7000000000000002,1.5000000000000002,1.9000000000000001,0.0,0.0,0.0
86.9999999999972,51.399999999998684,54.49999999999851,54.454272662223076,3.3510321638291103,1.0,5,2.1,1.9000000000000001,2.3000000000000003,0.0,0.0,0.0
86.9999999999972,51.399999999998684,54.49999999999851,54.454272662223076,3.3510321638291103,1.0,6,2.5,2.3,2.7,0.0,0.0,0.0
86.9999999999972,51.44999999999868,54.49999999999851,54.454272662223076,3.3510321638291103,1.0,1,0.5,0.3,0.7,0.0,0.0,0.0
86.9999999999972,51.44999999999868,54.49999999999851,54.454272662223076,3.3510321638291103,1.0,2,0.9,0.7,1.1,0.0,0.0,0.0
86.9999999999972,51.44999999999868,54.49999999999851,54.454272662223076,3.3510321638291103,1.0,3,1.3,1.1,1.5,0.0,0.0,0.0
86.9999999999972,51.44999999999868,54.49999999999851,54.454272662223076,3.3510321638291103,1.0,4,1.7000000000000002,1.5000000000000002,1.9000000000000001,0.0,0.0,0.0
86.9999999999972,51.44999999999868,54.49999999999851,54.454272662223076,3.3510321638291103,1.0,5,2.1,1.9000000000000001,2.3000000000000003,0.0,0.0,0.0
86.9999999999972,51.44999999999868,54.49999999999851,54.454272662223076,3.3510321638291103,1.0,6,2.5,2.3,2.7,0.0,0.0,0.0
86.9999999999972,51.49999999999868,54.49999999999851,54.454272662223076,3.3510321638291103,1.0,1,0.5,0.3,0.7,0.0,0.0,0.0
86.9999999999972,51.49999999999868,54.49999999999851,54.454272662223076,3.3510321638291103,1.0,2,0.9,0.7,1.1,0.0,0.0,0.0
86.9999999999972,51.49999999999868,54.49999999999851,54.454272662223076,3.3510321638291103,1.0,3,1.3,1.1,1.5,0.0,0.0,0.0
86.9999999999972,51.49999999999868,54.49999999999851,54.454272662223076,3.3510321638291103,1.0,4,1.7000000000000002,1.5000000000000002,1.9000000000000001,0.0,0.0,0.0
86.9999999999972,51.49999999999868,54.49999999999851,54.454272662223076,3.3510321638291103,1.0,5,2.1,1.9000000000000001,2.3000000000000003,0.0,0.0,0.0
86.9999999999972,51.49999999999868,54.49999999999851,54.454272662223076,3.3510321638291103,1.0,6,2.5,2.3,2.7,0.0,0.0,0.0
87.39999999999718,51.549999999998676,54.899999999998485,54.87315168270172,3.3510321638291103,1.0,1,0.5,0.3,0.7,0.0,0.0,0.0
87.39999999999718,51.549999999998676,54.899999999998485,54.87315168270172,3.3510321638291103,1.0,2,0.9,0.7,1.1,0.0,0.0,0.0
87.39999999999718,51.549999999998676,54.899999999998485,54.87315168270172,3.3510321638291103,1.0,3,1.3,1.1,1.5,0.0,0.0,0.0
87.39999999999718,51.549999999998676,54.899999999998485,54.87315168270172,3.3510321638291103,1.0,4,1.7000000000000002,1.5000000000000002,1.9000000000000001,0.0,0.0,0.0
87.39999999999718,51.549999999998676,54.899999999998485,54.87315168270172,3.3510321638291103,1.0,5,2.1,1.9000000000000001,2.3000000000000003,0.0,0.0,0.0
87.39999999999718,51.549999999998676,54.899999999998485,54.87315168270172,3.3510321638291103,1.0,6,2.5,2.3,2.7,0.0,0.0,0.0
87.39999999999718,51.59999999999867,54.899999999998485,54.87315168270172,3.3510321638291103,1.0,1,0.5,0.3,0.7,0.0,0.0,0.0
87.39999999999718,51.59999999999867,54.899999999998485,54.87315168270172,3.3510321638291103,1.0,2,0.9,0.7,1.1,0.0,0.0,0.0
87.39999999999718,51.59999999999867,54.899999999998485,54.87315168270172,3.3510321638291103,1.0,3,1.3,1.1,1.5,0.0,0.0,0.0
87.39999999999718,51.59999999999867,54.899999999998485,54.87315168270172,3.3510321638291103,1.0,4,1.7000000000000002,1.5000000000000002,1.9000000000000001,0.0,0.0,0.0
87.39999999999718,51.59999999999867,54.899999999998485,54.87315168270172,3.3510321638291103,1.0,5,2.1,1.9000000000000001,2.3000000000000003,0.0,0.0,0.0
87.39999999999718,51.59999999999867,54.899999999998485,54.87315168270172,3.3510321638291103,1.0,6,2.5,2.3,2.7,0.0,0.0,0.0
87.39999999999718,51.64999999999867,54.899999999998485,54.87315168270172,3.3510321638291103,1.0,1,0.5,0.3,0.7,0.0,0.0,0.0
87.39999999999718,51.64999999999867,54.899999999998485,54.87315168270172,3.3510321638291103,1.0,2,0.9,0.7,1.1,0.0,0.0,0.0
87.39999999999718,51.64999999999867,54.899999999998485,54.87315168270172,3.3510321638291103,1.0,3,1.3,1.1,1.5,0.0,0.0,0.0
87.39999999999718,51.64999999999867,54.899999999998485,54.87315168270172,3.3510321638291103,1.0,4,1.7000000000000002,1.5000000000000002,1.9000000000000001,0.0,0.0,0.0
87.39999999999718,51.64999999999867,54.899999999998485,54.87315168270172,3.3510321638291103,1.0,5,2.1,1.9000000000000001,2.3000000000000003,0.0,0.0,0.0
87.39999999999718,51.64999999999867,54.899999999998485,54.87315168270172,3.3510321638291103,1.0,6,2.5,2.3,2.7,0.0,0.0,0.0
87.39999999999718,51.69999999999867,54.899999999998485,54.87315168270172,3.3510321638291103,1.0,1,0.5,0.3,0.7,0.0,0.0,0.0
87.39999999999718,51.69999999999867,54.899999999998485,54.87315168270172,3.3510321638291103,1.0,2,0.9,0.7,1.1,0.0,0.0,0.0
87.39999999999718,51.69999999999867,54.899999999998485,54.87315168270172,3.3510321638291103,1.0,3,1.3,1.1,1.5,0.0,0.0,0.0
87.39999999999718,51.69999999999867,54.899999999998485,54.87315168270172,3.3510321638291103,1.0,4,1.7000000000000002,1.5000000000000002,1.9000000000000001,0.0,0.0,0.0
87.39999999999718,51.69999999999867,54.899999999998485,54.87315168270172,3.3510321638291103,1.0,5,2.1,1.9000000000000001,2.3000000000000003,0.0,0.0,0.0
87.39999999999718,51.69999999999867,54.899999999998485,54.87315168270172,3.3510321638291103,1.0,6,2.5,2.3,2.7,0.0,0.0,0.0
87.39999999999718,51.749999999998664,54.899999999998485,54.87315168270172,3.3510321638291103,1.0,1,0.5,0.3,0.7,0.0,0.0,0.0
87.39999999999718,51.749999999998664,54.899999999998485,54.87315168270172,3.3510321638291103,1.0,2,0.9,0.7,1.1,0.0,0.0,0.0
87.39999999999718,51.749999999998664,54.899999999998485,54.87315168270172,3.3510321638291103,1.0,3,1.3,1.1,1.5,0.0,0.0,0.0
87.39999999999718,51.749999999998664,54.899999999998485,54.87315168270172,3.3510321638291103,1.0,4,1.7000000000000002,1.5000000000000002,1.9000000000000001,0.0,0.0,0.0
87.39999999999718,51.749999999998664,54.899999999998485,54.87315168270172,3.3510321638291103,1.0,5,2.1,1.9000000000000001,2.3000000000000003,0.0,0.0,0.0
87.39999999999718,51.749999999998664,54.899999999998485,54.87315168270172,3.3510321638291103,1.0,6,2.5,2.3,2.7,0.0,0.0,0.0
87.39999999999718,51.79999999999866,54.899999999998485,54.87315168270172,3.3510321638291103,1.0,1,0.5,0.3,0.7,0.0,0.0,0.0
87.39999999999718,51.79999999999866,54.899999999998485,54.87315168270172,3.3510321638291103,1.0,2,0.9,0.7,1.1,0.0,0.0,0.0
87.39999999999718,51.79999999999866,54.899999999998485,54.87315168270172,3.3510321638291103,1.0,3,1.3,1.1,1.5,0.0,0.0,0.0
87.39999999999718,51.79999999999866,54.899999999998485,54.87315168270172,3.3510321638291103,1.0,4,1.7000000000000002,1.5000000000000002,1.9000000000000001,0.0,0.0,0.0
87.39999999999718,51.79999999999866,54.899999999998485,54.87315168270172,3.3510321638291103,1.0,5,2.1,1.9000000000000001,2.3000000000000003,0.0,0.0,0.0
87.39999999999718,51.79999999999866,54.899999999998485,54.87315168270172,3.3510321638291103,1.0,6,2.5,2.3,2.7,0.0,0.0,0.0
87.39999999999718,51.84999999999866,54.899999999998485,54.87315168270172,3.3510321638291103,1.0,1,0.5,0.3,0.7,0.0,0.0,0.0
87.39999999999718,51.84999999999866,54.899999999998485,54.87315168270172,3.3510321638291103,1.0,2,0.9,0.7,1.1,0.0,0.0,0.0
87.39999999999718,51.84999999999866,54.899999999998485,54.87315168270172,3.3510321638291103,1.0,3,1.3,1.1,1.5,0.0,0.0,0.0
87.39999999999718,51.84999999999866,54.899999999998485,54.87315168270172,3.3510321638291103,1.0,4,1.7000000000000002,1.5000000000000002,1.9000000000000001,0.0,0.0,0.0
87.39999999999718,51.84999999999866,54.899999999998485,54.87315168270172,3.3510321638291103,1.0,5,2.1,1.9000000000000001,2.3000000000000003,0.0,0.0,0.0
87.39999999999718,51.84999999999866,54.899999999998485,54.87315168270172,3.3510321638291103,1.0,6,2.5,2.3,2.7,0.0,0.0,0.0
87.39999999999718,51.899999999998656,54.899999999998485,54.87315168270172,3.3510321638291103,1.0,1,0.5,0.3,0.7,0.0,0.0,0.0
87.39999999999718,51.899999999998656,54.899999999998485,54.87315168270172,3.3510321638291103,1.0,2,0.9,0.7,1.1,0.0,0.0,0.0
87.39999999999718,51.899999999998656,54.899999999998485,54.87315168270172,3.3510321638291103,1.0,3,1.3,1.1,1.5,0.0,0.0,0.0
87.39999999999718,51.899999999998656,54.899999999998485,54.87315168270172,3.3510321638291103,1.0,4,1.7000000000000002,1.5000000000000002,1.9000000000000001,0.0,0.0,0.0
87.39999999999718,51.899999999998656,54.899999999998485,54.87315168270172,3.3510321638291103,1.0,5,2.1,1.9000000000000001,2.3000000000000003,0.0,0.0,0.0
87.39999999999718,51.899999999998656,54.899999999998485,54.87315168270172,3.3510321638291103,1.0,6,2.5,2.3,2.7,0.0,0.0,0.0
